order_date,CH,06:00-07:00,07:00-08:00,08:00-09:00,09:00-10:00,10:00-11:00,11:00-12:00,12:00-13:00,13:00-14:00,14:00-15:00,15:00-16:00,16:00-17:00,17:00-18:00,18:00-19:00,19:00-20:00,20:00-21:00,21:00-22:00,22:00-23:00,23:00-24:00,Total,Peak Hour Order %,Flag,Day,Week,Weekcheck,Month,,,,,,
28/04/2026,all,252,570,743,648,569,454,327,325,290,263,378,432,494,485,458,305,166,96,"7,255",10.24%,2,Tuesday,18,Weekday,4,,,,,,
28/04/2026,FCHBLRAECS01,8,27,33,23,30,26,18,18,20,13,21,19,27,32,25,19,5,5,369,8.94%,2,Tuesday,18,Weekday,4,,,,,,
28/04/2026,FCHBLRBEN01,12,29,53,42,29,14,19,16,15,18,18,22,23,31,28,22,5,4,400,13.25%,2,Tuesday,18,Weekday,4,,,,,,
28/04/2026,FCHBLRBHO01,14,30,28,34,28,22,15,13,15,12,24,24,27,20,17,18,16,6,363,9.37%,2,Tuesday,18,Weekday,4,,,,,,
28/04/2026,FCHBLRDOD01,7,26,32,37,25,20,14,7,18,19,20,18,24,21,26,18,12,5,349,10.60%,2,Tuesday,18,Weekday,4,,,,,,
28/04/2026,FCHBLRELC01,5,26,31,23,22,25,16,14,9,10,22,18,16,15,24,16,6,2,300,10.33%,2,Tuesday,18,Weekday,4,,,,,,
28/04/2026,FCHBLRHAR01,7,36,43,43,30,18,20,12,19,17,20,22,50,37,42,26,14,3,459,10.89%,2,Tuesday,18,Weekday,4,,,,,,
28/04/2026,FCHBLRHEB01,13,31,49,32,39,23,23,20,17,20,22,32,31,28,24,11,11,3,429,11.42%,2,Tuesday,18,Weekday,4,,,,,,
28/04/2026,FCHBLRHOO01,27,59,47,59,43,26,21,25,16,15,26,41,31,35,24,20,11,6,532,11.09%,2,Tuesday,18,Weekday,4,,,,,,
28/04/2026,FCHBLRHSAF01,11,23,31,26,27,20,8,21,7,11,9,23,19,27,17,8,6,3,297,10.44%,2,Tuesday,18,Weekday,4,,,,,,
28/04/2026,FCHBLRHSR01,10,39,58,60,48,33,22,22,22,10,25,35,42,38,26,32,16,13,551,10.89%,2,Tuesday,18,Weekday,4,,,,,,
28/04/2026,FCHBLRJPN01,23,44,51,44,44,39,23,32,36,18,39,39,36,31,27,18,8,17,569,8.96%,2,Tuesday,18,Weekday,4,,,,,,
28/04/2026,FCHBLRKNP01,7,11,14,8,8,16,4,7,3,3,5,4,5,4,7,5,0,0,111,14.41%,2,Tuesday,18,Weekday,4,,,,,,
28/04/2026,FCHBLRKOR01,31,66,71,63,63,59,36,36,29,28,38,33,54,50,53,26,17,11,764,9.29%,2,Tuesday,18,Weekday,4,,,,,,
28/04/2026,FCHBLRRAJ01,2,3,1,0,3,2,2,1,0,2,1,2,1,1,2,1,0,0,24,12.50%,2,Tuesday,18,Weekday,4,,,,,,
28/04/2026,FCHBLRSJR01,27,41,78,52,51,36,28,29,22,28,29,36,42,32,48,27,10,6,622,12.54%,2,Tuesday,18,Weekday,4,,,,,,
28/04/2026,FCHBLRTHA01,12,18,29,29,22,16,13,9,8,13,13,14,19,21,11,12,7,2,268,10.82%,2,Tuesday,18,Weekday,4,,,,,,
28/04/2026,FCHBLRVAR01,11,28,39,24,20,20,17,14,16,14,21,11,15,21,22,10,8,6,317,12.30%,2,Tuesday,18,Weekday,4,,,,,,
28/04/2026,FCHBLRWHF01,25,33,54,49,36,39,26,29,17,12,25,39,32,40,35,16,14,4,525,10.29%,2,Tuesday,18,Weekday,4,,,,,,
28/04/2026,FCHHYDNAR01,0,0,1,0,1,0,2,0,1,0,0,0,0,1,0,0,0,0,6,33.33%,2,Tuesday,18,Weekday,4,,,,,,
27/04/2026,all,319,595,771,677,557,451,418,311,268,286,368,479,552,485,452,341,203,86,"7,619",10.12%,1,Monday,18,Weekday,4,,,,,,
27/04/2026,FCHBLRAECS01,8,37,43,32,25,22,27,17,14,16,23,26,28,34,18,18,11,4,403,10.67%,1,Monday,18,Weekday,4,,,,,,
27/04/2026,FCHBLRBEN01,24,44,52,33,31,27,32,17,14,24,14,17,30,21,34,20,10,3,447,11.63%,1,Monday,18,Weekday,4,,,,,,
27/04/2026,FCHBLRBHO01,15,41,36,27,28,13,15,9,14,12,13,22,18,25,17,23,6,3,337,12.17%,1,Monday,18,Weekday,4,,,,,,
27/04/2026,FCHBLRDOD01,11,23,38,31,32,18,23,12,11,10,11,25,23,24,23,22,14,5,356,10.67%,1,Monday,18,Weekday,4,,,,,,
27/04/2026,FCHBLRELC01,6,26,22,17,22,22,14,10,8,11,13,20,28,23,26,13,5,1,287,9.76%,1,Monday,18,Weekday,4,,,,,,
27/04/2026,FCHBLRHAR01,20,29,59,47,35,32,18,19,20,22,21,30,32,36,30,25,19,6,500,11.80%,1,Monday,18,Weekday,4,,,,,,
27/04/2026,FCHBLRHEB01,20,34,50,44,33,21,33,18,22,19,23,18,31,24,21,13,9,2,435,11.49%,1,Monday,18,Weekday,4,,,,,,
27/04/2026,FCHBLRHOO01,34,47,65,51,38,32,38,21,16,24,31,48,46,22,30,20,9,8,580,11.21%,1,Monday,18,Weekday,4,,,,,,
27/04/2026,FCHBLRHSAF01,18,25,39,38,25,19,21,12,12,8,15,25,22,23,23,12,7,5,349,11.17%,1,Monday,18,Weekday,4,,,,,,
27/04/2026,FCHBLRHSR01,21,33,54,56,44,26,25,26,18,20,25,28,50,43,37,38,22,4,570,9.82%,1,Monday,18,Weekday,4,,,,,,
27/04/2026,FCHBLRJPN01,29,40,48,57,39,54,39,28,27,19,32,39,37,37,38,26,13,16,618,9.22%,1,Monday,18,Weekday,4,,,,,,
27/04/2026,FCHBLRKNP01,9,12,11,11,7,5,7,5,4,4,5,7,9,7,6,4,1,0,114,10.53%,1,Monday,18,Weekday,4,,,,,,
27/04/2026,FCHBLRKOR01,30,65,70,75,61,56,33,38,24,25,48,54,55,45,38,32,22,13,784,9.57%,1,Monday,18,Weekday,4,,,,,,
27/04/2026,FCHBLRRAJ01,1,2,2,2,3,1,1,5,0,0,2,3,4,2,3,1,0,0,32,15.63%,1,Monday,18,Weekday,4,,,,,,
27/04/2026,FCHBLRSJR01,24,49,65,61,57,27,34,21,22,26,30,53,48,43,49,34,23,5,671,9.69%,1,Monday,18,Weekday,4,,,,,,
27/04/2026,FCHBLRTHA01,11,17,22,23,14,22,13,16,7,11,13,18,22,11,20,9,8,4,261,8.81%,1,Monday,18,Weekday,4,,,,,,
27/04/2026,FCHBLRVAR01,12,26,37,31,30,19,21,15,12,7,18,16,26,23,14,18,10,1,336,11.01%,1,Monday,18,Weekday,4,,,,,,
27/04/2026,FCHBLRWHF01,26,45,58,40,33,34,24,21,22,28,31,29,43,40,24,13,14,6,531,10.92%,1,Monday,18,Weekday,4,,,,,,
27/04/2026,FCHHYDNAR01,0,0,0,1,0,1,0,1,1,0,0,1,0,2,1,0,0,0,8,25.00%,1,Monday,18,Weekday,4,,,,,,
26/04/2026,all,130,471,806,884,863,809,689,525,441,406,417,456,480,549,423,340,174,78,"8,941",9.89%,7,Sunday,17,Weekend,4,,,,,,
26/04/2026,FCHBLRAECS01,11,18,46,53,57,52,47,44,27,26,24,24,32,33,26,19,11,1,551,10.34%,7,Sunday,17,Weekend,4,,,,,,
26/04/2026,FCHBLRBEN01,6,29,42,61,53,43,43,30,27,23,18,37,24,41,26,22,12,4,541,11.28%,7,Sunday,17,Weekend,4,,,,,,
26/04/2026,FCHBLRBHO01,0,12,37,31,44,40,35,17,20,18,12,17,25,19,18,13,10,2,370,11.89%,7,Sunday,17,Weekend,4,,,,,,
26/04/2026,FCHBLRDOD01,7,15,39,55,52,40,28,28,21,17,24,23,26,17,32,17,3,1,445,12.36%,7,Sunday,17,Weekend,4,,,,,,
26/04/2026,FCHBLRELC01,3,30,34,51,30,36,24,17,16,19,15,19,23,26,20,13,9,8,393,12.98%,7,Sunday,17,Weekend,4,,,,,,
26/04/2026,FCHBLRHAR01,8,23,62,59,52,58,45,28,28,34,23,28,35,41,20,29,10,4,587,10.56%,7,Sunday,17,Weekend,4,,,,,,
26/04/2026,FCHBLRHEB01,10,27,56,64,50,45,39,27,19,21,25,23,28,27,19,15,10,1,506,12.65%,7,Sunday,17,Weekend,4,,,,,,
26/04/2026,FCHBLRHOO01,12,36,62,57,65,74,47,36,36,40,36,47,28,48,30,22,10,4,690,10.72%,7,Sunday,17,Weekend,4,,,,,,
26/04/2026,FCHBLRHSAF01,9,30,45,33,45,36,31,20,15,12,16,25,25,21,16,14,9,2,404,11.14%,7,Sunday,17,Weekend,4,,,,,,
26/04/2026,FCHBLRHSR01,4,28,37,45,58,51,55,37,34,22,20,28,34,49,31,27,22,15,597,9.72%,7,Sunday,17,Weekend,4,,,,,,
26/04/2026,FCHBLRJPN01,17,50,64,48,56,63,45,39,41,33,36,24,41,40,31,26,9,2,665,9.62%,7,Sunday,17,Weekend,4,,,,,,
26/04/2026,FCHBLRKNP01,6,9,18,10,13,6,11,6,2,4,6,7,5,2,7,2,3,0,117,15.38%,7,Sunday,17,Weekend,4,,,,,,
26/04/2026,FCHBLRKOR01,11,35,55,74,68,66,63,54,44,41,58,55,49,51,39,30,17,11,821,9.01%,7,Sunday,17,Weekend,4,,,,,,
26/04/2026,FCHBLRRAJ01,0,4,4,3,5,4,6,5,4,5,0,1,2,2,1,4,1,1,52,11.54%,7,Sunday,17,Weekend,4,,,,,,
26/04/2026,FCHBLRSJR01,8,56,58,80,72,76,53,52,42,36,42,38,30,53,45,34,16,11,802,9.98%,7,Sunday,17,Weekend,4,,,,,,
26/04/2026,FCHBLRTHA01,2,14,29,42,25,23,27,16,16,13,12,7,18,21,14,10,6,2,297,14.14%,7,Sunday,17,Weekend,4,,,,,,
26/04/2026,FCHBLRVAR01,9,28,47,52,45,38,25,25,24,22,18,23,20,11,16,12,2,2,419,12.41%,7,Sunday,17,Weekend,4,,,,,,
26/04/2026,FCHBLRWHF01,7,27,70,65,72,58,64,42,23,20,31,27,33,45,30,30,13,7,664,10.84%,7,Sunday,17,Weekend,4,,,,,,
26/04/2026,FCHHYDNAR01,0,0,1,1,1,0,1,2,2,0,1,3,2,2,2,1,1,0,20,15.00%,7,Sunday,17,Weekend,4,,,,,,
25/04/2026,all,171,594,900,"1,026",899,857,679,552,483,422,472,507,492,457,375,276,141,81,"9,384",10.93%,6,Saturday,17,Weekend,4,,,,,,
25/04/2026,FCHBLRAECS01,2,17,59,51,65,60,36,31,30,27,28,29,21,26,32,28,16,5,563,11.55%,6,Saturday,17,Weekend,4,,,,,,
25/04/2026,FCHBLRBEN01,15,28,61,73,55,51,28,44,27,21,28,27,19,35,22,14,10,4,562,12.99%,6,Saturday,17,Weekend,4,,,,,,
25/04/2026,FCHBLRBHO01,8,25,46,45,55,36,29,24,23,24,25,33,21,16,18,11,8,3,450,12.22%,6,Saturday,17,Weekend,4,,,,,,
25/04/2026,FCHBLRDOD01,4,28,49,46,47,34,34,24,24,13,25,27,28,22,21,10,7,2,445,11.01%,6,Saturday,17,Weekend,4,,,,,,
25/04/2026,FCHBLRELC01,8,28,27,44,23,37,32,14,23,11,17,18,31,16,13,19,4,3,368,11.96%,6,Saturday,17,Weekend,4,,,,,,
25/04/2026,FCHBLRHAR01,7,32,49,51,45,54,48,32,38,19,31,20,30,31,31,15,11,4,548,9.85%,6,Saturday,17,Weekend,4,,,,,,
25/04/2026,FCHBLRHEB01,16,45,45,75,56,45,40,33,22,31,23,36,33,26,20,14,7,2,569,13.18%,6,Saturday,17,Weekend,4,,,,,,
25/04/2026,FCHBLRHOO01,19,64,70,66,67,57,55,48,36,46,37,42,33,35,31,22,6,5,739,9.47%,6,Saturday,17,Weekend,4,,,,,,
25/04/2026,FCHBLRHSAF01,8,22,44,61,39,30,20,23,25,14,22,22,24,18,17,10,2,3,404,15.10%,6,Saturday,17,Weekend,4,,,,,,
25/04/2026,FCHBLRHSR01,8,32,56,64,55,75,52,42,30,20,25,34,37,34,24,25,15,8,636,11.79%,6,Saturday,17,Weekend,4,,,,,,
25/04/2026,FCHBLRJPN01,17,54,63,57,58,69,48,42,39,32,42,30,35,28,24,16,1,8,663,10.41%,6,Saturday,17,Weekend,4,,,,,,
25/04/2026,FCHBLRKNP01,1,11,15,14,14,20,7,6,6,5,3,8,6,6,1,0,0,1,124,16.13%,6,Saturday,17,Weekend,4,,,,,,
25/04/2026,FCHBLRKOR01,12,56,76,86,94,74,59,60,47,43,49,45,50,41,26,33,16,6,873,10.77%,6,Saturday,17,Weekend,4,,,,,,
25/04/2026,FCHBLRRAJ01,2,9,8,6,9,6,5,5,3,2,3,1,3,5,3,3,1,0,74,12.16%,6,Saturday,17,Weekend,4,,,,,,
25/04/2026,FCHBLRSJR01,23,52,92,99,81,80,65,34,40,41,51,40,47,37,33,26,15,11,867,11.42%,6,Saturday,17,Weekend,4,,,,,,
25/04/2026,FCHBLRTHA01,4,18,27,47,32,30,23,19,18,23,12,18,20,21,11,4,8,1,336,13.99%,6,Saturday,17,Weekend,4,,,,,,
25/04/2026,FCHBLRVAR01,6,31,47,48,37,38,33,31,14,25,20,21,22,23,25,10,9,5,445,10.79%,6,Saturday,17,Weekend,4,,,,,,
25/04/2026,FCHBLRWHF01,10,41,64,91,66,58,56,37,36,21,29,52,31,32,22,16,5,9,676,13.46%,6,Saturday,17,Weekend,4,,,,,,
25/04/2026,FCHHYDNAR01,1,1,2,2,1,3,9,3,2,4,2,4,1,5,1,0,0,1,42,21.43%,6,Saturday,17,Weekend,4,,,,,,
24/04/2026,all,213,468,699,692,516,458,398,360,302,284,361,425,441,420,391,279,184,73,"6,964",10.04%,5,Friday,17,Weekday,4,,,,,,
24/04/2026,FCHBLRAECS01,18,23,31,34,26,24,26,23,9,16,19,18,30,24,26,17,14,2,380,8.95%,5,Friday,17,Weekday,4,,,,,,
24/04/2026,FCHBLRBEN01,14,36,45,42,29,26,24,16,14,13,23,24,27,21,25,18,7,2,406,11.08%,5,Friday,17,Weekday,4,,,,,,
24/04/2026,FCHBLRBHO01,8,20,41,41,21,18,21,11,9,15,22,18,23,23,11,13,7,4,326,12.58%,5,Friday,17,Weekday,4,,,,,,
24/04/2026,FCHBLRDOD01,8,21,35,24,26,15,14,13,16,19,25,28,25,23,20,8,11,1,332,10.54%,5,Friday,17,Weekday,4,,,,,,
24/04/2026,FCHBLRELC01,6,14,20,30,21,20,21,15,12,13,12,14,26,13,25,7,11,4,284,10.56%,5,Friday,17,Weekday,4,,,,,,
24/04/2026,FCHBLRHAR01,11,25,34,40,25,27,17,20,17,16,16,30,23,36,20,14,11,3,385,10.39%,5,Friday,17,Weekday,4,,,,,,
24/04/2026,FCHBLRHEB01,11,27,50,35,29,27,25,19,21,13,26,22,23,30,17,18,5,3,401,12.47%,5,Friday,17,Weekday,4,,,,,,
24/04/2026,FCHBLRHOO01,19,43,57,50,41,29,40,21,26,16,27,25,33,33,33,23,12,6,534,10.67%,5,Friday,17,Weekday,4,,,,,,
24/04/2026,FCHBLRHSAF01,18,23,36,34,32,25,15,17,11,11,20,22,20,30,18,9,13,3,357,10.08%,5,Friday,17,Weekday,4,,,,,,
24/04/2026,FCHBLRHSR01,5,22,50,55,37,30,31,21,31,19,13,27,32,28,29,33,21,8,492,11.18%,5,Friday,17,Weekday,4,,,,,,
24/04/2026,FCHBLRJPN01,21,48,57,58,47,48,46,41,29,35,29,34,40,26,32,24,11,10,636,9.12%,5,Friday,17,Weekday,4,,,,,,
24/04/2026,FCHBLRKNP01,0,0,0,0,0,0,0,0,0,0,0,0,1,1,0,0,0,0,2,50.00%,5,Friday,17,Weekday,4,,,,,,
24/04/2026,FCHBLRKOR01,22,35,78,67,62,51,36,58,32,31,34,40,33,30,39,23,17,8,696,11.21%,5,Friday,17,Weekday,4,,,,,,
24/04/2026,FCHBLRRAJ01,0,0,0,0,0,0,0,0,0,0,0,0,0,0,2,0,0,0,2,100.00%,5,Friday,17,Weekday,4,,,,,,
24/04/2026,FCHBLRSJR01,21,52,55,69,44,43,26,27,31,26,33,46,37,29,42,30,19,7,637,10.83%,5,Friday,17,Weekday,4,,,,,,
24/04/2026,FCHBLRTHA01,5,15,22,25,16,21,9,16,10,12,14,22,16,16,12,12,7,4,254,9.84%,5,Friday,17,Weekday,4,,,,,,
24/04/2026,FCHBLRVAR01,8,22,30,39,15,26,22,13,12,9,17,24,20,19,16,14,7,4,317,12.30%,5,Friday,17,Weekday,4,,,,,,
24/04/2026,FCHBLRWHF01,18,42,58,49,45,28,25,29,22,20,31,31,32,38,22,16,10,4,520,11.15%,5,Friday,17,Weekday,4,,,,,,
24/04/2026,FCHHYDNAR01,0,0,0,0,0,0,0,0,0,0,0,0,0,0,2,0,1,0,3,66.67%,5,Friday,17,Weekday,4,,,,,,
23/04/2026,all,269,558,707,676,543,463,420,307,278,304,381,433,478,458,443,345,194,77,"7,334",9.64%,4,Thursday,17,Weekday,4,,,,,,
23/04/2026,FCHBLRAECS01,19,22,47,37,30,28,15,15,13,24,21,29,26,24,28,22,11,3,414,11.35%,4,Thursday,17,Weekday,4,,,,,,
23/04/2026,FCHBLRBEN01,13,30,50,41,27,26,26,24,18,15,15,28,27,27,26,15,7,3,418,11.96%,4,Thursday,17,Weekday,4,,,,,,
23/04/2026,FCHBLRBHO01,15,33,33,27,34,20,17,12,14,17,17,20,22,19,16,21,14,4,355,9.58%,4,Thursday,17,Weekday,4,,,,,,
23/04/2026,FCHBLRDOD01,15,19,36,37,26,20,12,15,13,17,22,25,22,16,21,19,16,6,357,10.36%,4,Thursday,17,Weekday,4,,,,,,
23/04/2026,FCHBLRELC01,6,18,30,26,13,15,12,9,11,11,6,14,17,19,19,22,6,1,255,11.76%,4,Thursday,17,Weekday,4,,,,,,
23/04/2026,FCHBLRHAR01,23,48,44,46,48,20,23,12,22,18,13,22,28,30,24,21,17,10,469,10.23%,4,Thursday,17,Weekday,4,,,,,,
23/04/2026,FCHBLRHEB01,14,45,47,41,38,31,24,21,15,20,18,24,27,27,21,21,15,1,450,10.44%,4,Thursday,17,Weekday,4,,,,,,
23/04/2026,FCHBLRHOO01,22,50,48,47,38,32,32,23,17,22,33,37,30,46,30,18,8,4,537,9.31%,4,Thursday,17,Weekday,4,,,,,,
23/04/2026,FCHBLRHSAF01,15,30,38,27,28,24,24,17,6,17,19,16,12,24,22,21,6,0,346,10.98%,4,Thursday,17,Weekday,4,,,,,,
23/04/2026,FCHBLRHSR01,10,24,45,72,42,42,32,17,20,15,30,34,37,37,32,18,18,12,537,13.41%,4,Thursday,17,Weekday,4,,,,,,
23/04/2026,FCHBLRJPN01,25,49,64,48,51,45,51,36,26,38,29,30,41,33,49,30,10,5,660,9.70%,4,Thursday,17,Weekday,4,,,,,,
23/04/2026,FCHBLRKOR01,26,44,53,72,47,50,51,17,42,33,46,42,49,38,52,38,26,7,733,9.82%,4,Thursday,17,Weekday,4,,,,,,
23/04/2026,FCHBLRSJR01,26,58,67,52,47,36,34,32,21,24,56,43,41,43,36,37,14,5,672,9.97%,4,Thursday,17,Weekday,4,,,,,,
23/04/2026,FCHBLRTHA01,9,21,34,22,18,15,17,10,15,8,18,13,28,18,11,11,8,1,277,12.27%,4,Thursday,17,Weekday,4,,,,,,
23/04/2026,FCHBLRVAR01,12,23,21,37,16,28,14,17,9,11,14,22,27,21,29,13,5,8,327,11.31%,4,Thursday,17,Weekday,4,,,,,,
23/04/2026,FCHBLRWHF01,19,44,50,44,40,31,36,30,16,14,24,34,44,36,27,18,13,7,527,9.49%,4,Thursday,17,Weekday,4,,,,,,
22/04/2026,all,259,584,726,678,520,457,397,310,285,301,376,477,526,496,414,323,198,98,"7,425",9.78%,3,Wednesday,17,Weekday,4,,,,,,
22/04/2026,FCHBLRAECS01,14,26,35,35,21,17,19,18,19,14,24,42,26,30,27,26,9,7,409,10.27%,3,Wednesday,17,Weekday,4,,,,,,
22/04/2026,FCHBLRBEN01,21,37,39,46,26,26,18,14,16,15,26,24,35,33,22,22,12,8,440,10.45%,3,Wednesday,17,Weekday,4,,,,,,
22/04/2026,FCHBLRBHO01,8,33,38,34,27,27,17,9,16,13,9,21,18,24,25,20,9,2,350,10.86%,3,Wednesday,17,Weekday,4,,,,,,
22/04/2026,FCHBLRDOD01,4,20,21,29,29,17,15,13,14,11,15,28,24,24,20,8,10,5,307,9.45%,3,Wednesday,17,Weekday,4,,,,,,
22/04/2026,FCHBLRELC01,10,25,38,30,18,26,14,11,12,12,13,30,15,16,18,18,7,3,316,12.03%,3,Wednesday,17,Weekday,4,,,,,,
22/04/2026,FCHBLRHAR01,24,35,57,45,25,18,29,20,14,19,27,24,27,40,25,31,17,3,480,11.88%,3,Wednesday,17,Weekday,4,,,,,,
22/04/2026,FCHBLRHEB01,11,33,46,35,35,21,22,28,15,16,19,17,33,28,21,16,8,2,406,11.33%,3,Wednesday,17,Weekday,4,,,,,,
22/04/2026,FCHBLRHOO01,27,39,56,65,37,33,36,17,12,24,33,36,38,38,32,20,20,4,567,11.46%,3,Wednesday,17,Weekday,4,,,,,,
22/04/2026,FCHBLRHSAF01,9,33,34,36,25,23,24,10,19,9,15,19,22,15,15,11,9,2,330,10.91%,3,Wednesday,17,Weekday,4,,,,,,
22/04/2026,FCHBLRHSR01,12,40,54,39,49,33,24,22,18,20,24,40,42,41,40,30,18,18,564,9.57%,3,Wednesday,17,Weekday,4,,,,,,
22/04/2026,FCHBLRJPN01,23,59,67,58,51,38,51,36,35,30,32,38,48,38,32,24,11,16,687,9.75%,3,Wednesday,17,Weekday,4,,,,,,
22/04/2026,FCHBLRKOR01,28,63,60,61,59,50,48,46,39,41,37,48,58,49,37,25,15,6,770,8.18%,3,Wednesday,17,Weekday,4,,,,,,
22/04/2026,FCHBLRSJR01,27,49,67,57,45,45,20,28,21,23,46,43,52,41,45,25,23,9,666,10.06%,3,Wednesday,17,Weekday,4,,,,,,
22/04/2026,FCHBLRTHA01,8,17,21,24,13,17,11,9,11,16,13,15,15,17,17,10,5,3,242,9.92%,3,Wednesday,17,Weekday,4,,,,,,
22/04/2026,FCHBLRVAR01,9,29,31,25,20,32,17,11,13,15,18,17,26,21,12,15,10,5,326,9.82%,3,Wednesday,17,Weekday,4,,,,,,
22/04/2026,FCHBLRWHF01,24,46,62,59,40,34,32,18,11,23,25,35,47,41,26,22,15,5,565,10.97%,3,Wednesday,17,Weekday,4,,,,,,
21/04/2026,all,289,582,771,628,506,452,403,335,250,282,377,479,531,555,467,375,211,83,"7,576",10.18%,2,Tuesday,17,Weekday,4,,,,,,
21/04/2026,FCHBLRAECS01,18,28,28,39,31,22,25,22,19,14,20,32,40,32,20,18,14,6,428,9.35%,2,Tuesday,17,Weekday,4,,,,,,
21/04/2026,FCHBLRBEN01,21,46,46,35,31,28,23,17,13,12,13,26,27,33,28,28,14,6,447,10.29%,2,Tuesday,17,Weekday,4,,,,,,
21/04/2026,FCHBLRBHO01,12,31,36,36,24,14,20,14,13,12,10,24,21,26,21,16,9,3,342,10.53%,2,Tuesday,17,Weekday,4,,,,,,
21/04/2026,FCHBLRDOD01,8,37,33,31,25,19,26,12,19,12,15,31,25,40,25,17,16,9,400,10.00%,2,Tuesday,17,Weekday,4,,,,,,
21/04/2026,FCHBLRELC01,7,17,34,20,17,22,20,16,9,11,16,15,22,20,23,27,7,0,303,11.22%,2,Tuesday,17,Weekday,4,,,,,,
21/04/2026,FCHBLRHAR01,16,39,48,33,29,20,23,26,9,20,29,24,34,27,30,28,13,2,450,10.67%,2,Tuesday,17,Weekday,4,,,,,,
21/04/2026,FCHBLRHEB01,20,40,40,44,34,26,24,20,22,17,33,36,29,37,22,26,16,4,490,8.98%,2,Tuesday,17,Weekday,4,,,,,,
21/04/2026,FCHBLRHOO01,25,44,55,41,31,35,17,22,16,21,23,30,41,40,35,24,18,4,522,10.54%,2,Tuesday,17,Weekday,4,,,,,,
21/04/2026,FCHBLRHSAF01,16,29,37,29,29,24,20,16,7,26,18,18,11,23,23,19,9,3,357,10.36%,2,Tuesday,17,Weekday,4,,,,,,
21/04/2026,FCHBLRHSR01,25,34,64,47,38,37,29,31,10,21,27,44,39,39,38,28,20,10,581,11.02%,2,Tuesday,17,Weekday,4,,,,,,
21/04/2026,FCHBLRJPN01,28,60,74,49,28,49,41,35,29,25,28,38,45,45,41,38,5,6,664,11.14%,2,Tuesday,17,Weekday,4,,,,,,
21/04/2026,FCHBLRKOR01,31,44,83,64,49,48,40,37,23,41,38,40,48,52,53,37,21,5,754,11.01%,2,Tuesday,17,Weekday,4,,,,,,
21/04/2026,FCHBLRSJR01,27,47,62,61,60,31,37,24,24,23,51,47,58,61,50,21,24,11,719,8.62%,2,Tuesday,17,Weekday,4,,,,,,
21/04/2026,FCHBLRTHA01,3,14,29,24,15,16,16,11,14,4,13,20,22,15,12,15,2,0,245,11.84%,2,Tuesday,17,Weekday,4,,,,,,
21/04/2026,FCHBLRVAR01,14,23,44,30,24,20,14,14,9,6,19,22,24,16,18,17,11,7,332,13.25%,2,Tuesday,17,Weekday,4,,,,,,
21/04/2026,FCHBLRWHF01,18,49,58,45,41,41,28,18,14,17,24,32,45,49,28,16,12,7,542,10.70%,2,Tuesday,17,Weekday,4,,,,,,
20/04/2026,all,247,585,686,653,576,471,401,390,289,315,394,451,504,478,332,258,200,72,"7,302",9.39%,1,Monday,17,Weekday,4,,,,,,
20/04/2026,FCHBLRAECS01,12,43,32,27,32,23,22,24,14,11,24,32,30,28,22,10,16,2,404,10.64%,1,Monday,17,Weekday,4,,,,,,
20/04/2026,FCHBLRBEN01,17,38,50,42,37,29,38,29,17,12,29,25,20,25,18,15,9,2,452,11.06%,1,Monday,17,Weekday,4,,,,,,
20/04/2026,FCHBLRBHO01,10,22,39,40,24,17,9,19,13,14,15,23,27,25,16,15,8,4,340,11.76%,1,Monday,17,Weekday,4,,,,,,
20/04/2026,FCHBLRDOD01,9,27,34,30,33,25,14,16,11,17,19,21,22,29,14,17,8,1,347,9.80%,1,Monday,17,Weekday,4,,,,,,
20/04/2026,FCHBLRELC01,9,22,24,18,24,20,14,9,10,5,13,21,23,20,19,13,7,6,277,8.66%,1,Monday,17,Weekday,4,,,,,,
20/04/2026,FCHBLRHAR01,19,30,50,46,31,23,22,24,13,19,26,29,31,22,23,20,16,8,452,11.06%,1,Monday,17,Weekday,4,,,,,,
20/04/2026,FCHBLRHEB01,14,33,41,37,37,24,22,27,14,19,29,24,34,24,20,15,6,2,422,9.72%,1,Monday,17,Weekday,4,,,,,,
20/04/2026,FCHBLRHOO01,25,52,44,49,39,42,36,33,20,28,26,43,26,32,25,22,15,2,559,9.30%,1,Monday,17,Weekday,4,,,,,,
20/04/2026,FCHBLRHSAF01,11,21,26,28,26,20,22,16,15,12,18,16,20,28,14,6,5,4,308,9.09%,1,Monday,17,Weekday,4,,,,,,
20/04/2026,FCHBLRHSR01,16,28,46,53,51,31,29,27,22,21,31,27,40,36,34,25,21,10,548,9.67%,1,Monday,17,Weekday,4,,,,,,
20/04/2026,FCHBLRJPN01,28,60,72,46,62,36,45,52,34,27,28,39,42,40,13,18,6,3,651,11.06%,1,Monday,17,Weekday,4,,,,,,
20/04/2026,FCHBLRKOR01,23,60,57,72,51,69,41,41,37,38,41,40,53,42,37,24,18,10,754,9.55%,1,Monday,17,Weekday,4,,,,,,
20/04/2026,FCHBLRSJR01,22,69,65,66,45,40,36,22,32,27,29,43,55,53,33,24,30,10,701,9.84%,1,Monday,17,Weekday,4,,,,,,
20/04/2026,FCHBLRTHA01,9,18,20,26,16,13,8,14,10,21,9,11,16,16,13,12,6,3,241,10.79%,1,Monday,17,Weekday,4,,,,,,
20/04/2026,FCHBLRVAR01,7,23,36,30,23,24,14,13,14,15,19,23,28,20,14,6,15,2,326,11.04%,1,Monday,17,Weekday,4,,,,,,
20/04/2026,FCHBLRWHF01,16,39,50,43,45,35,29,24,13,29,38,34,37,38,17,16,14,3,520,9.62%,1,Monday,17,Weekday,4,,,,,,
19/04/2026,all,118,391,716,940,871,819,759,536,439,452,424,488,502,560,429,325,183,89,"9,041",10.40%,7,Sunday,16,Weekend,4,,,,,,
19/04/2026,FCHBLRAECS01,6,21,32,54,43,56,51,25,27,32,14,29,22,27,28,28,10,6,511,10.96%,7,Sunday,16,Weekend,4,,,,,,
19/04/2026,FCHBLRBEN01,9,19,56,54,49,44,37,31,20,21,24,27,29,32,22,15,10,5,504,11.11%,7,Sunday,16,Weekend,4,,,,,,
19/04/2026,FCHBLRBHO01,6,16,28,48,39,41,35,18,25,31,29,17,19,16,14,9,11,6,408,11.76%,7,Sunday,16,Weekend,4,,,,,,
19/04/2026,FCHBLRDOD01,5,24,28,41,49,26,39,19,18,15,26,25,28,30,24,21,9,6,433,11.32%,7,Sunday,16,Weekend,4,,,,,,
19/04/2026,FCHBLRELC01,3,14,22,28,37,35,38,18,17,21,22,15,24,26,23,16,12,4,375,10.13%,7,Sunday,16,Weekend,4,,,,,,
19/04/2026,FCHBLRHAR01,9,22,40,57,54,53,52,29,26,28,20,23,29,38,35,16,9,3,543,10.50%,7,Sunday,16,Weekend,4,,,,,,
19/04/2026,FCHBLRHEB01,6,32,45,39,47,46,50,31,39,16,21,21,27,47,28,23,9,6,533,9.38%,7,Sunday,16,Weekend,4,,,,,,
19/04/2026,FCHBLRHOO01,7,30,61,78,80,48,51,43,27,28,29,47,40,48,26,25,20,8,696,11.49%,7,Sunday,16,Weekend,4,,,,,,
19/04/2026,FCHBLRHSAF01,8,22,34,54,47,31,35,32,15,19,20,23,24,18,19,16,2,2,421,12.83%,7,Sunday,16,Weekend,4,,,,,,
19/04/2026,FCHBLRHSR01,6,23,39,48,57,68,48,45,26,36,32,42,39,44,39,26,9,9,636,10.69%,7,Sunday,16,Weekend,4,,,,,,
19/04/2026,FCHBLRJPN01,14,42,72,88,73,63,69,55,33,42,47,55,46,40,40,25,16,4,824,10.68%,7,Sunday,16,Weekend,4,,,,,,
19/04/2026,FCHBLRKOR01,10,28,66,72,83,86,84,64,59,51,40,47,42,49,41,25,18,17,882,9.75%,7,Sunday,16,Weekend,4,,,,,,
19/04/2026,FCHBLRSJR01,10,36,66,114,68,77,52,39,41,41,41,38,55,57,43,27,20,4,829,13.75%,7,Sunday,16,Weekend,4,,,,,,
19/04/2026,FCHBLRTHA01,5,14,22,38,30,30,27,22,16,15,13,19,16,21,13,14,5,0,320,11.88%,7,Sunday,16,Weekend,4,,,,,,
19/04/2026,FCHBLRVAR01,7,21,47,51,42,43,38,27,25,20,16,17,19,34,17,17,6,2,449,11.36%,7,Sunday,16,Weekend,4,,,,,,
19/04/2026,FCHBLRWHF01,7,27,58,76,73,72,53,38,25,36,30,43,43,33,17,22,17,7,677,11.23%,7,Sunday,16,Weekend,4,,,,,,
18/04/2026,all,205,580,942,980,865,836,719,548,475,434,476,490,524,432,398,259,165,58,"9,386",10.44%,6,Saturday,16,Weekend,4,,,,,,
18/04/2026,FCHBLRAECS01,11,32,53,55,51,66,64,42,36,22,39,23,31,33,22,17,10,2,609,10.84%,6,Saturday,16,Weekend,4,,,,,,
18/04/2026,FCHBLRBEN01,14,34,56,58,48,44,49,41,29,22,31,35,27,24,30,15,10,1,568,10.21%,6,Saturday,16,Weekend,4,,,,,,
18/04/2026,FCHBLRBHO01,5,26,38,44,49,49,22,25,30,19,22,26,24,19,19,11,8,1,437,11.21%,6,Saturday,16,Weekend,4,,,,,,
18/04/2026,FCHBLRDOD01,10,32,39,50,44,49,28,21,28,21,18,26,26,21,21,22,5,2,463,10.80%,6,Saturday,16,Weekend,4,,,,,,
18/04/2026,FCHBLRELC01,8,19,37,44,37,35,12,20,18,15,17,23,26,12,21,5,9,6,364,12.09%,6,Saturday,16,Weekend,4,,,,,,
18/04/2026,FCHBLRHAR01,9,31,63,59,59,48,47,40,30,29,31,34,36,28,24,15,17,2,602,10.47%,6,Saturday,16,Weekend,4,,,,,,
18/04/2026,FCHBLRHEB01,17,33,50,61,46,45,43,22,29,24,25,31,24,26,25,14,6,2,523,11.66%,6,Saturday,16,Weekend,4,,,,,,
18/04/2026,FCHBLRHOO01,25,47,80,83,63,51,51,38,35,36,41,30,41,29,31,22,6,6,715,11.61%,6,Saturday,16,Weekend,4,,,,,,
18/04/2026,FCHBLRHSAF01,7,32,56,39,45,33,40,24,18,22,16,20,23,26,20,12,4,4,441,12.70%,6,Saturday,16,Weekend,4,,,,,,
18/04/2026,FCHBLRHSR01,11,33,56,56,72,77,45,37,33,25,35,36,41,39,28,22,17,8,671,11.48%,6,Saturday,16,Weekend,4,,,,,,
18/04/2026,FCHBLRJPN01,30,60,88,86,60,70,77,52,31,45,40,30,40,41,37,17,11,3,818,10.76%,6,Saturday,16,Weekend,4,,,,,,
18/04/2026,FCHBLRKOR01,9,49,72,96,80,77,60,60,47,48,36,54,55,32,26,20,24,8,853,11.25%,6,Saturday,16,Weekend,4,,,,,,
18/04/2026,FCHBLRSJR01,11,61,91,99,83,62,81,46,42,53,45,44,41,43,38,23,19,7,889,11.14%,6,Saturday,16,Weekend,4,,,,,,
18/04/2026,FCHBLRTHA01,10,20,31,38,25,24,24,13,11,9,11,12,14,12,13,3,2,1,273,13.92%,6,Saturday,16,Weekend,4,,,,,,
18/04/2026,FCHBLRVAR01,10,22,40,53,41,40,26,25,25,22,30,27,35,12,18,19,6,2,453,11.70%,6,Saturday,16,Weekend,4,,,,,,
18/04/2026,FCHBLRWHF01,18,49,92,59,62,66,50,42,33,22,39,39,40,35,25,22,11,3,707,13.01%,6,Saturday,16,Weekend,4,,,,,,
17/04/2026,all,238,504,719,684,583,442,380,332,333,275,346,380,455,444,345,277,166,70,"6,973",10.31%,5,Friday,16,Weekday,4,,,,,,
17/04/2026,FCHBLRAECS01,9,28,42,42,36,28,16,15,19,15,17,23,31,18,20,14,10,4,387,10.85%,5,Friday,16,Weekday,4,,,,,,
17/04/2026,FCHBLRBEN01,17,23,49,44,36,23,32,21,19,15,18,31,21,26,22,18,8,4,427,11.48%,5,Friday,16,Weekday,4,,,,,,
17/04/2026,FCHBLRBHO01,10,24,38,39,17,26,13,13,12,12,25,17,26,19,11,11,6,1,320,12.19%,5,Friday,16,Weekday,4,,,,,,
17/04/2026,FCHBLRDOD01,9,24,36,32,20,26,17,17,9,15,18,24,22,24,15,16,5,4,333,10.81%,5,Friday,16,Weekday,4,,,,,,
17/04/2026,FCHBLRELC01,10,21,23,33,25,10,6,12,13,11,17,9,26,14,13,10,5,3,261,12.64%,5,Friday,16,Weekday,4,,,,,,
17/04/2026,FCHBLRHAR01,23,35,47,46,36,22,20,12,12,20,23,16,37,31,25,15,8,5,433,10.85%,5,Friday,16,Weekday,4,,,,,,
17/04/2026,FCHBLRHEB01,20,33,39,43,37,31,23,15,22,21,28,15,23,20,18,15,8,6,417,10.31%,5,Friday,16,Weekday,4,,,,,,
17/04/2026,FCHBLRHOO01,14,58,55,40,49,34,17,27,25,14,19,25,25,30,22,23,15,5,497,11.67%,5,Friday,16,Weekday,4,,,,,,
17/04/2026,FCHBLRHSAF01,11,18,36,33,28,25,15,15,16,13,18,19,22,22,16,14,8,2,331,10.88%,5,Friday,16,Weekday,4,,,,,,
17/04/2026,FCHBLRHSR01,13,32,51,57,44,24,33,27,26,18,15,30,32,35,36,18,16,9,516,11.05%,5,Friday,16,Weekday,4,,,,,,
17/04/2026,FCHBLRJPN01,22,39,54,54,50,51,38,43,28,31,32,32,36,39,25,25,7,2,608,8.88%,5,Friday,16,Weekday,4,,,,,,
17/04/2026,FCHBLRKOR01,21,37,71,63,61,49,46,30,43,21,32,35,36,45,39,27,15,5,676,10.50%,5,Friday,16,Weekday,4,,,,,,
17/04/2026,FCHBLRSJR01,24,43,70,62,52,41,37,28,36,24,30,42,42,45,32,29,18,5,660,10.61%,5,Friday,16,Weekday,4,,,,,,
17/04/2026,FCHBLRTHA01,5,26,20,27,24,12,13,12,14,10,10,11,12,15,14,7,6,3,241,11.20%,5,Friday,16,Weekday,4,,,,,,
17/04/2026,FCHBLRVAR01,14,24,29,24,23,17,20,20,13,14,19,23,24,23,11,15,15,5,333,8.71%,5,Friday,16,Weekday,4,,,,,,
17/04/2026,FCHBLRWHF01,16,39,59,45,45,23,34,25,26,21,25,28,40,38,26,20,16,7,533,11.07%,5,Friday,16,Weekday,4,,,,,,
16/04/2026,all,246,548,667,659,530,415,383,272,300,281,363,388,462,476,426,347,188,92,"7,043",9.47%,4,Thursday,16,Weekday,4,,,,,,
16/04/2026,FCHBLRAECS01,15,32,41,36,23,26,24,19,17,14,23,30,21,27,33,19,12,7,419,9.79%,4,Thursday,16,Weekday,4,,,,,,
16/04/2026,FCHBLRBEN01,16,34,55,38,38,30,20,21,16,12,19,15,24,32,30,14,13,1,428,12.85%,4,Thursday,16,Weekday,4,,,,,,
16/04/2026,FCHBLRBHO01,9,27,28,29,19,21,14,7,13,16,16,18,29,26,18,18,8,2,318,9.12%,4,Thursday,16,Weekday,4,,,,,,
16/04/2026,FCHBLRDOD01,12,16,32,25,20,17,23,5,9,13,21,20,28,24,22,17,12,5,321,9.97%,4,Thursday,16,Weekday,4,,,,,,
16/04/2026,FCHBLRELC01,6,22,23,26,17,17,18,10,12,12,11,13,15,16,20,17,9,6,270,9.63%,4,Thursday,16,Weekday,4,,,,,,
16/04/2026,FCHBLRHAR01,16,37,54,38,34,18,13,19,17,17,17,21,32,34,27,29,21,7,451,11.97%,4,Thursday,16,Weekday,4,,,,,,
16/04/2026,FCHBLRHEB01,18,33,43,27,27,25,15,18,20,14,17,21,25,35,13,11,4,3,369,11.65%,4,Thursday,16,Weekday,4,,,,,,
16/04/2026,FCHBLRHOO01,10,41,41,57,35,28,29,16,17,22,27,22,36,26,34,29,10,5,485,11.75%,4,Thursday,16,Weekday,4,,,,,,
16/04/2026,FCHBLRHSAF01,12,27,30,28,17,26,22,19,16,17,19,22,27,18,22,18,6,4,350,8.57%,4,Thursday,16,Weekday,4,,,,,,
16/04/2026,FCHBLRHSR01,13,25,39,46,45,28,27,16,25,18,23,11,33,34,30,30,21,14,478,9.62%,4,Thursday,16,Weekday,4,,,,,,
16/04/2026,FCHBLRJPN01,29,49,55,62,50,46,38,36,34,33,36,31,39,45,42,32,15,6,678,9.14%,4,Thursday,16,Weekday,4,,,,,,
16/04/2026,FCHBLRKOR01,20,56,61,60,67,46,50,28,42,25,40,55,36,43,42,32,17,13,733,9.14%,4,Thursday,16,Weekday,4,,,,,,
16/04/2026,FCHBLRSJR01,26,66,61,63,52,37,32,26,19,21,30,36,47,42,42,28,23,6,657,10.05%,4,Thursday,16,Weekday,4,,,,,,
16/04/2026,FCHBLRTHA01,11,27,23,29,20,8,7,7,11,7,16,13,12,20,11,10,4,1,237,12.24%,4,Thursday,16,Weekday,4,,,,,,
16/04/2026,FCHBLRVAR01,11,18,32,40,19,13,21,11,14,19,18,27,17,25,17,19,7,7,335,11.94%,4,Thursday,16,Weekday,4,,,,,,
16/04/2026,FCHBLRWHF01,22,38,49,55,47,29,30,14,18,21,30,33,41,29,23,24,6,5,514,10.70%,4,Thursday,16,Weekday,4,,,,,,
15/04/2026,all,248,544,755,676,529,409,366,349,271,285,399,401,453,464,404,316,201,95,"7,165",10.54%,3,Wednesday,16,Weekday,4,,,,,,
15/04/2026,FCHBLRAECS01,11,26,33,29,21,16,20,12,12,10,24,25,19,31,29,17,8,5,348,9.48%,3,Wednesday,16,Weekday,4,,,,,,
15/04/2026,FCHBLRBEN01,11,34,58,28,26,26,26,25,22,31,28,23,26,21,28,13,11,2,439,13.21%,3,Wednesday,16,Weekday,4,,,,,,
15/04/2026,FCHBLRBHO01,9,31,40,34,23,27,14,11,7,14,23,15,13,25,11,12,10,5,324,12.35%,3,Wednesday,16,Weekday,4,,,,,,
15/04/2026,FCHBLRDOD01,6,23,38,24,32,20,13,17,14,13,19,22,29,13,12,19,15,5,334,11.38%,3,Wednesday,16,Weekday,4,,,,,,
15/04/2026,FCHBLRELC01,15,18,20,31,24,21,14,15,9,8,18,15,15,28,19,10,5,2,287,10.80%,3,Wednesday,16,Weekday,4,,,,,,
15/04/2026,FCHBLRHAR01,16,36,54,41,33,28,25,26,18,17,25,23,28,30,32,28,20,6,486,11.11%,3,Wednesday,16,Weekday,4,,,,,,
15/04/2026,FCHBLRHEB01,14,42,37,40,34,21,15,14,16,15,28,19,30,27,27,16,7,1,403,10.42%,3,Wednesday,16,Weekday,4,,,,,,
15/04/2026,FCHBLRHOO01,28,40,57,51,27,34,19,19,17,25,28,35,40,26,33,25,9,8,521,10.94%,3,Wednesday,16,Weekday,4,,,,,,
15/04/2026,FCHBLRHSAF01,18,19,42,33,24,17,16,19,14,22,13,21,15,25,21,11,12,1,343,12.24%,3,Wednesday,16,Weekday,4,,,,,,
15/04/2026,FCHBLRHSR01,13,40,64,50,35,26,36,25,17,19,34,25,33,47,40,22,29,15,570,11.23%,3,Wednesday,16,Weekday,4,,,,,,
15/04/2026,FCHBLRJPN01,23,50,63,55,52,43,36,46,23,24,29,33,44,52,29,30,11,6,649,9.71%,3,Wednesday,16,Weekday,4,,,,,,
15/04/2026,FCHBLRKOR01,20,41,70,74,54,39,36,44,28,28,37,32,41,42,35,36,23,11,691,10.71%,3,Wednesday,16,Weekday,4,,,,,,
15/04/2026,FCHBLRSJR01,22,61,76,63,59,25,36,27,17,20,45,40,53,38,37,31,17,16,683,11.13%,3,Wednesday,16,Weekday,4,,,,,,
15/04/2026,FCHBLRTHA01,11,22,31,32,22,13,11,11,12,2,9,10,15,9,14,7,2,1,234,13.68%,3,Wednesday,16,Weekday,4,,,,,,
15/04/2026,FCHBLRVAR01,14,23,24,30,29,17,18,12,17,15,16,24,17,16,17,18,8,7,322,9.32%,3,Wednesday,16,Weekday,4,,,,,,
15/04/2026,FCHBLRWHF01,17,38,48,61,34,36,31,26,28,22,23,39,35,34,20,21,14,4,531,11.49%,3,Wednesday,16,Weekday,4,,,,,,
14/04/2026,all,263,685,833,723,605,500,421,348,299,281,376,459,491,537,455,322,207,73,"7,878",10.57%,2,Tuesday,16,Weekday,4,,,,,,
14/04/2026,FCHBLRAECS01,15,38,38,44,32,36,18,17,12,14,25,29,28,26,20,15,8,2,417,10.55%,2,Tuesday,16,Weekday,4,,,,,,
14/04/2026,FCHBLRBEN01,18,38,52,53,25,38,24,21,14,17,23,25,34,30,25,16,16,3,472,11.23%,2,Tuesday,16,Weekday,4,,,,,,
14/04/2026,FCHBLRBHO01,12,35,41,23,26,22,15,12,8,10,12,24,21,23,25,15,6,7,337,12.17%,2,Tuesday,16,Weekday,4,,,,,,
14/04/2026,FCHBLRDOD01,15,31,53,37,37,18,24,14,17,17,23,25,24,22,22,17,11,3,410,12.93%,2,Tuesday,16,Weekday,4,,,,,,
14/04/2026,FCHBLRELC01,5,25,35,35,35,20,14,14,11,14,10,19,24,17,16,18,3,1,316,11.08%,2,Tuesday,16,Weekday,4,,,,,,
14/04/2026,FCHBLRHAR01,15,57,47,38,40,25,25,17,18,16,23,26,25,33,28,22,22,9,486,11.73%,2,Tuesday,16,Weekday,4,,,,,,
14/04/2026,FCHBLRHEB01,17,40,51,38,30,24,28,19,20,19,23,23,19,27,27,21,5,3,434,11.75%,2,Tuesday,16,Weekday,4,,,,,,
14/04/2026,FCHBLRHOO01,24,55,57,49,38,35,26,20,25,24,30,36,33,47,32,26,10,4,571,9.98%,2,Tuesday,16,Weekday,4,,,,,,
14/04/2026,FCHBLRHSAF01,15,30,44,24,33,23,19,25,12,16,15,17,25,19,16,12,8,3,356,12.36%,2,Tuesday,16,Weekday,4,,,,,,
14/04/2026,FCHBLRHSR01,12,45,55,66,52,40,46,26,27,22,25,36,40,38,32,28,26,10,626,10.54%,2,Tuesday,16,Weekday,4,,,,,,
14/04/2026,FCHBLRJPN01,22,64,90,65,51,48,38,44,33,23,40,43,51,52,43,34,12,1,754,11.94%,2,Tuesday,16,Weekday,4,,,,,,
14/04/2026,FCHBLRKOR01,26,55,71,69,57,51,48,36,33,29,32,32,47,52,36,22,26,13,735,9.66%,2,Tuesday,16,Weekday,4,,,,,,
14/04/2026,FCHBLRSJR01,26,59,89,71,45,37,32,28,31,18,45,47,49,68,48,29,18,2,742,11.99%,2,Tuesday,16,Weekday,4,,,,,,
14/04/2026,FCHBLRTHA01,11,21,25,27,17,21,14,15,8,5,8,15,15,24,20,14,11,1,272,9.93%,2,Tuesday,16,Weekday,4,,,,,,
14/04/2026,FCHBLRVAR01,12,31,32,40,32,18,25,9,13,15,19,27,22,23,24,15,13,3,373,10.72%,2,Tuesday,16,Weekday,4,,,,,,
14/04/2026,FCHBLRWHF01,18,61,53,44,55,44,25,31,17,22,23,35,34,36,41,18,12,8,577,10.57%,2,Tuesday,16,Weekday,4,,,,,,
13/04/2026,all,291,636,731,659,591,469,409,346,286,301,387,465,511,536,411,326,180,68,"7,603",9.61%,1,Monday,16,Weekday,4,,,,,,
13/04/2026,FCHBLRAECS01,16,35,34,39,38,32,18,14,8,14,26,25,19,31,26,22,17,3,417,9.35%,1,Monday,16,Weekday,4,,,,,,
13/04/2026,FCHBLRBEN01,19,47,48,29,31,33,27,23,16,9,14,32,30,32,18,24,12,5,449,10.69%,1,Monday,16,Weekday,4,,,,,,
13/04/2026,FCHBLRBHO01,12,35,30,26,18,18,19,14,11,16,17,19,32,26,17,18,9,6,343,10.20%,1,Monday,16,Weekday,4,,,,,,
13/04/2026,FCHBLRDOD01,7,29,47,32,19,23,25,15,13,16,21,35,28,18,16,16,14,3,377,12.47%,1,Monday,16,Weekday,4,,,,,,
13/04/2026,FCHBLRELC01,11,21,27,20,28,11,14,18,10,11,14,23,19,19,20,19,6,2,293,9.56%,1,Monday,16,Weekday,4,,,,,,
13/04/2026,FCHBLRHAR01,23,40,39,50,33,24,27,19,18,23,20,29,38,44,30,21,12,4,494,10.12%,1,Monday,16,Weekday,4,,,,,,
13/04/2026,FCHBLRHEB01,19,31,37,30,39,22,34,24,17,25,23,24,23,29,17,12,9,4,419,9.31%,1,Monday,16,Weekday,4,,,,,,
13/04/2026,FCHBLRHOO01,22,53,65,49,36,30,27,24,21,18,25,41,40,46,30,18,19,2,566,11.48%,1,Monday,16,Weekday,4,,,,,,
13/04/2026,FCHBLRHSAF01,12,29,28,23,25,24,15,17,13,15,19,16,23,25,18,10,8,0,320,9.06%,1,Monday,16,Weekday,4,,,,,,
13/04/2026,FCHBLRHSR01,20,36,58,54,46,35,20,20,15,18,24,26,32,39,37,32,19,8,539,10.76%,1,Monday,16,Weekday,4,,,,,,
13/04/2026,FCHBLRJPN01,21,48,73,63,61,38,39,42,32,31,39,46,34,52,41,24,4,4,692,10.55%,1,Monday,16,Weekday,4,,,,,,
13/04/2026,FCHBLRKOR01,34,61,70,56,62,45,43,32,37,39,43,50,46,58,40,37,20,4,777,9.01%,1,Monday,16,Weekday,4,,,,,,
13/04/2026,FCHBLRSJR01,26,67,70,87,66,55,33,22,25,25,30,38,57,53,53,22,16,9,754,11.54%,1,Monday,16,Weekday,4,,,,,,
13/04/2026,FCHBLRTHA01,10,19,21,18,15,17,21,21,8,11,12,14,21,16,12,16,2,3,257,8.17%,1,Monday,16,Weekday,4,,,,,,
13/04/2026,FCHBLRVAR01,17,27,38,28,28,22,26,16,19,11,22,18,28,18,14,14,3,4,353,10.76%,1,Monday,16,Weekday,4,,,,,,
13/04/2026,FCHBLRWHF01,22,58,46,55,46,40,21,25,23,19,38,29,41,30,22,21,10,7,553,10.49%,1,Monday,16,Weekday,4,,,,,,
12/04/2026,all,113,419,736,891,893,701,709,541,425,395,364,457,479,539,448,316,185,89,"8,700",10.26%,7,Sunday,15,Weekend,4,,,,,,
12/04/2026,FCHBLRAECS01,6,26,33,34,52,38,49,36,28,29,24,25,32,27,18,15,10,2,484,10.74%,7,Sunday,15,Weekend,4,,,,,,
12/04/2026,FCHBLRBEN01,5,37,47,60,45,39,32,33,33,24,23,29,36,27,32,20,17,4,543,11.05%,7,Sunday,15,Weekend,4,,,,,,
12/04/2026,FCHBLRBHO01,6,16,33,41,42,36,29,26,13,23,27,19,16,21,9,12,9,5,383,10.97%,7,Sunday,15,Weekend,4,,,,,,
12/04/2026,FCHBLRDOD01,5,19,31,43,45,41,21,20,23,15,12,19,28,25,20,14,5,3,389,11.57%,7,Sunday,15,Weekend,4,,,,,,
12/04/2026,FCHBLRELC01,4,13,31,48,49,30,39,19,17,11,17,19,26,27,17,11,3,2,383,12.79%,7,Sunday,15,Weekend,4,,,,,,
12/04/2026,FCHBLRHAR01,4,12,57,62,64,45,43,30,22,17,24,24,26,34,35,24,13,7,543,11.79%,7,Sunday,15,Weekend,4,,,,,,
12/04/2026,FCHBLRHEB01,11,24,43,50,48,23,40,29,16,29,11,23,23,27,23,15,6,1,442,11.31%,7,Sunday,15,Weekend,4,,,,,,
12/04/2026,FCHBLRHOO01,8,35,49,65,73,60,55,36,31,26,23,36,39,40,36,22,9,2,645,11.32%,7,Sunday,15,Weekend,4,,,,,,
12/04/2026,FCHBLRHSAF01,8,24,40,35,48,34,39,30,26,19,16,25,16,30,13,18,5,2,428,11.21%,7,Sunday,15,Weekend,4,,,,,,
12/04/2026,FCHBLRHSR01,8,25,47,71,52,46,44,31,29,33,27,31,36,37,48,28,22,10,625,11.36%,7,Sunday,15,Weekend,4,,,,,,
12/04/2026,FCHBLRJPN01,19,47,69,79,74,65,68,41,41,41,34,42,44,46,53,28,13,18,822,9.61%,7,Sunday,15,Weekend,4,,,,,,
12/04/2026,FCHBLRKOR01,6,22,60,76,70,64,74,82,40,41,37,49,45,47,39,42,21,12,827,9.92%,7,Sunday,15,Weekend,4,,,,,,
12/04/2026,FCHBLRSJR01,9,46,78,90,78,66,65,52,44,41,30,33,42,53,40,30,18,9,824,10.92%,7,Sunday,15,Weekend,4,,,,,,
12/04/2026,FCHBLRTHA01,2,12,27,24,33,26,30,16,13,14,14,20,19,23,14,8,4,2,301,10.96%,7,Sunday,15,Weekend,4,,,,,,
12/04/2026,FCHBLRVAR01,4,30,39,44,46,40,22,20,15,14,16,22,22,26,20,12,11,3,406,11.33%,7,Sunday,15,Weekend,4,,,,,,
12/04/2026,FCHBLRWHF01,8,31,52,69,74,48,59,40,34,18,29,41,29,49,31,17,19,7,655,11.30%,7,Sunday,15,Weekend,4,,,,,,
11/04/2026,all,202,532,898,953,883,791,638,546,457,462,444,468,473,437,375,249,127,71,"9,006",10.58%,6,Saturday,15,Weekend,4,,,,,,
11/04/2026,FCHBLRAECS01,9,36,57,51,54,54,42,38,20,29,30,21,42,29,27,17,8,7,571,9.98%,6,Saturday,15,Weekend,4,,,,,,
11/04/2026,FCHBLRBEN01,11,45,46,62,49,41,32,36,29,30,30,27,22,32,19,21,8,2,542,11.44%,6,Saturday,15,Weekend,4,,,,,,
11/04/2026,FCHBLRBHO01,10,35,40,43,32,41,24,32,23,24,19,21,24,15,21,6,6,3,419,10.26%,6,Saturday,15,Weekend,4,,,,,,
11/04/2026,FCHBLRDOD01,13,27,46,46,49,35,31,30,22,25,20,33,34,21,18,17,6,3,476,10.29%,6,Saturday,15,Weekend,4,,,,,,
11/04/2026,FCHBLRELC01,5,25,36,29,49,37,26,19,22,23,11,19,22,16,18,14,6,2,379,12.93%,6,Saturday,15,Weekend,4,,,,,,
11/04/2026,FCHBLRHAR01,10,33,46,56,43,46,35,26,31,28,33,49,28,28,29,15,10,4,550,10.18%,6,Saturday,15,Weekend,4,,,,,,
11/04/2026,FCHBLRHEB01,15,33,57,61,51,37,37,38,16,27,21,15,19,18,19,10,4,2,480,12.71%,6,Saturday,15,Weekend,4,,,,,,
11/04/2026,FCHBLRHOO01,15,39,82,69,70,46,46,42,33,22,41,37,22,33,23,22,12,3,657,12.48%,6,Saturday,15,Weekend,4,,,,,,
11/04/2026,FCHBLRHSAF01,9,23,38,62,46,37,30,24,23,18,15,17,30,20,16,7,5,2,422,14.69%,6,Saturday,15,Weekend,4,,,,,,
11/04/2026,FCHBLRHSR01,9,26,61,58,59,67,55,29,32,34,28,31,35,38,33,27,6,3,631,10.62%,6,Saturday,15,Weekend,4,,,,,,
11/04/2026,FCHBLRJPN01,26,46,74,81,71,67,53,50,50,39,43,37,40,35,34,23,14,12,795,10.19%,6,Saturday,15,Weekend,4,,,,,,
11/04/2026,FCHBLRKOR01,22,38,69,86,77,65,65,58,38,35,42,49,42,47,35,17,14,10,809,10.63%,6,Saturday,15,Weekend,4,,,,,,
11/04/2026,FCHBLRSJR01,19,51,101,89,93,81,64,44,41,59,49,41,47,38,28,18,6,8,877,11.52%,6,Saturday,15,Weekend,4,,,,,,
11/04/2026,FCHBLRTHA01,8,19,28,34,30,26,17,18,15,9,14,13,13,11,15,7,3,0,280,12.14%,6,Saturday,15,Weekend,4,,,,,,
11/04/2026,FCHBLRVAR01,4,22,49,55,49,42,31,22,23,23,23,21,23,19,12,10,8,1,437,12.59%,6,Saturday,15,Weekend,4,,,,,,
11/04/2026,FCHBLRWHF01,17,34,68,71,61,69,50,40,39,37,25,37,30,37,28,18,11,9,681,10.43%,6,Saturday,15,Weekend,4,,,,,,
10/04/2026,all,271,512,665,673,553,435,364,302,264,276,341,397,401,403,325,254,154,86,"6,676",10.08%,5,Friday,15,Weekday,4,,,,,,
10/04/2026,FCHBLRAECS01,16,30,29,25,24,20,24,17,12,12,36,27,23,22,21,12,7,4,361,9.97%,5,Friday,15,Weekday,4,,,,,,
10/04/2026,FCHBLRBEN01,23,26,46,36,34,22,28,21,9,12,18,22,29,19,19,15,4,2,385,11.95%,5,Friday,15,Weekday,4,,,,,,
10/04/2026,FCHBLRBHO01,16,19,29,36,26,16,17,10,15,18,11,16,28,24,10,15,9,4,319,11.29%,5,Friday,15,Weekday,4,,,,,,
10/04/2026,FCHBLRDOD01,12,22,38,44,23,17,22,15,12,12,16,13,16,20,19,14,9,9,333,13.21%,5,Friday,15,Weekday,4,,,,,,
10/04/2026,FCHBLRELC01,8,14,25,21,19,21,12,12,13,13,11,17,14,16,20,12,8,5,261,9.58%,5,Friday,15,Weekday,4,,,,,,
10/04/2026,FCHBLRHAR01,11,34,39,43,32,21,15,17,23,19,24,24,19,23,19,16,11,6,396,10.86%,5,Friday,15,Weekday,4,,,,,,
10/04/2026,FCHBLRHEB01,16,35,38,35,32,27,12,19,15,21,23,26,28,23,15,10,7,3,385,9.87%,5,Friday,15,Weekday,4,,,,,,
10/04/2026,FCHBLRHOO01,26,48,53,52,33,38,23,21,20,19,26,25,26,14,15,31,10,4,484,10.95%,5,Friday,15,Weekday,4,,,,,,
10/04/2026,FCHBLRHSAF01,18,30,39,38,37,23,26,7,13,14,11,18,17,26,15,8,8,1,349,11.17%,5,Friday,15,Weekday,4,,,,,,
10/04/2026,FCHBLRHSR01,14,30,55,45,48,37,23,25,11,14,29,22,24,23,37,16,14,6,473,11.63%,5,Friday,15,Weekday,4,,,,,,
10/04/2026,FCHBLRJPN01,22,55,54,58,71,44,36,34,34,34,25,37,26,48,29,11,16,10,644,11.02%,5,Friday,15,Weekday,4,,,,,,
10/04/2026,FCHBLRKOR01,23,40,44,63,40,41,51,32,31,22,35,39,45,41,37,32,14,12,642,9.81%,5,Friday,15,Weekday,4,,,,,,
10/04/2026,FCHBLRSJR01,21,46,81,64,53,25,32,27,20,23,24,46,36,37,24,22,20,10,611,13.26%,5,Friday,15,Weekday,4,,,,,,
10/04/2026,FCHBLRTHA01,12,15,24,16,26,20,7,9,11,6,7,15,15,16,9,6,4,0,218,11.93%,5,Friday,15,Weekday,4,,,,,,
10/04/2026,FCHBLRVAR01,12,29,23,45,23,25,11,8,6,10,18,17,16,16,11,11,5,7,293,15.36%,5,Friday,15,Weekday,4,,,,,,
10/04/2026,FCHBLRWHF01,21,39,48,52,32,38,25,28,19,27,27,33,39,35,25,23,8,3,522,9.96%,5,Friday,15,Weekday,4,,,,,,
09/04/2026,all,272,572,665,690,529,401,347,297,261,259,373,387,473,459,412,299,169,77,"6,942",9.94%,4,Thursday,15,Weekday,4,,,,,,
09/04/2026,FCHBLRAECS01,13,27,38,26,33,18,12,19,11,18,25,23,25,26,24,25,17,4,384,9.90%,4,Thursday,15,Weekday,4,,,,,,
09/04/2026,FCHBLRBEN01,13,35,40,45,24,25,18,16,16,8,29,33,33,29,21,21,10,1,417,10.79%,4,Thursday,15,Weekday,4,,,,,,
09/04/2026,FCHBLRBHO01,14,21,30,27,21,7,11,8,8,11,17,18,21,25,20,12,13,3,287,10.45%,4,Thursday,15,Weekday,4,,,,,,
09/04/2026,FCHBLRDOD01,14,18,32,45,28,25,22,15,12,12,21,20,23,25,22,17,7,4,362,12.43%,4,Thursday,15,Weekday,4,,,,,,
09/04/2026,FCHBLRELC01,12,23,28,28,18,14,6,15,11,10,15,14,15,31,16,15,5,4,280,11.07%,4,Thursday,15,Weekday,4,,,,,,
09/04/2026,FCHBLRHAR01,16,46,41,47,30,24,17,21,18,17,19,28,27,27,26,17,13,3,437,10.76%,4,Thursday,15,Weekday,4,,,,,,
09/04/2026,FCHBLRHEB01,13,31,31,45,29,15,19,13,10,11,23,15,19,20,14,19,3,2,332,13.55%,4,Thursday,15,Weekday,4,,,,,,
09/04/2026,FCHBLRHOO01,19,48,54,44,29,31,30,19,26,21,31,28,33,39,27,21,10,2,512,10.55%,4,Thursday,15,Weekday,4,,,,,,
09/04/2026,FCHBLRHSAF01,14,11,38,38,22,23,19,16,13,9,12,21,21,17,19,15,3,6,317,11.99%,4,Thursday,15,Weekday,4,,,,,,
09/04/2026,FCHBLRHSR01,14,35,49,58,39,22,20,13,19,25,23,24,35,34,34,23,18,10,495,11.72%,4,Thursday,15,Weekday,4,,,,,,
09/04/2026,FCHBLRJPN01,34,55,62,58,50,56,39,31,23,27,37,36,44,35,41,19,12,12,671,9.24%,4,Thursday,15,Weekday,4,,,,,,
09/04/2026,FCHBLRKOR01,21,64,56,68,66,46,42,36,38,26,26,30,52,52,44,25,15,13,720,9.44%,4,Thursday,15,Weekday,4,,,,,,
09/04/2026,FCHBLRSJR01,21,64,68,45,63,32,38,28,28,21,37,38,55,37,44,38,21,7,685,9.93%,4,Thursday,15,Weekday,4,,,,,,
09/04/2026,FCHBLRTHA01,9,14,29,26,15,12,10,10,3,8,8,8,12,15,8,5,7,2,201,14.43%,4,Thursday,15,Weekday,4,,,,,,
09/04/2026,FCHBLRVAR01,11,32,26,27,27,19,17,11,7,14,20,21,24,11,19,13,5,2,306,10.46%,4,Thursday,15,Weekday,4,,,,,,
09/04/2026,FCHBLRWHF01,34,48,43,63,35,32,27,26,18,21,30,30,34,36,33,14,10,2,536,11.75%,4,Thursday,15,Weekday,4,,,,,,
08/04/2026,all,289,625,707,635,537,387,342,315,247,279,328,400,453,483,374,288,178,67,"6,934",10.20%,3,Wednesday,15,Weekday,4,,,,,,
08/04/2026,FCHBLRAECS01,13,32,31,27,31,24,18,13,11,17,17,22,32,34,22,18,16,8,386,8.81%,3,Wednesday,15,Weekday,4,,,,,,
08/04/2026,FCHBLRBEN01,22,55,44,33,38,24,30,16,13,13,16,25,27,33,24,15,4,3,435,12.64%,3,Wednesday,15,Weekday,4,,,,,,
08/04/2026,FCHBLRBHO01,14,36,28,20,23,23,14,13,10,12,19,20,25,30,12,11,11,2,323,11.15%,3,Wednesday,15,Weekday,4,,,,,,
08/04/2026,FCHBLRDOD01,8,26,35,32,21,23,11,10,14,13,15,23,25,27,15,24,7,4,333,10.51%,3,Wednesday,15,Weekday,4,,,,,,
08/04/2026,FCHBLRELC01,5,25,33,25,18,17,13,13,10,19,13,15,17,24,17,11,11,3,289,11.42%,3,Wednesday,15,Weekday,4,,,,,,
08/04/2026,FCHBLRHAR01,21,36,49,39,39,24,25,13,9,27,28,24,35,27,24,22,17,3,462,10.61%,3,Wednesday,15,Weekday,4,,,,,,
08/04/2026,FCHBLRHEB01,14,38,25,37,22,19,17,25,12,15,22,13,28,18,13,16,16,0,350,10.86%,3,Wednesday,15,Weekday,4,,,,,,
08/04/2026,FCHBLRHOO01,26,49,59,41,27,15,26,19,19,24,22,28,39,34,21,23,7,3,482,12.24%,3,Wednesday,15,Weekday,4,,,,,,
08/04/2026,FCHBLRHSAF01,17,30,30,28,33,23,17,19,11,18,22,17,23,28,14,12,6,2,350,9.43%,3,Wednesday,15,Weekday,4,,,,,,
08/04/2026,FCHBLRHSR01,16,38,53,55,44,30,30,33,20,12,19,29,31,32,24,16,13,8,503,10.93%,3,Wednesday,15,Weekday,4,,,,,,
08/04/2026,FCHBLRJPN01,31,44,71,51,50,37,32,28,28,20,26,28,34,39,30,17,11,4,581,12.22%,3,Wednesday,15,Weekday,4,,,,,,
08/04/2026,FCHBLRKOR01,37,54,69,76,52,37,33,37,32,25,21,43,36,40,34,25,16,5,672,11.31%,3,Wednesday,15,Weekday,4,,,,,,
08/04/2026,FCHBLRSJR01,23,61,63,68,48,33,33,35,21,20,36,40,45,47,46,27,18,9,673,10.10%,3,Wednesday,15,Weekday,4,,,,,,
08/04/2026,FCHBLRTHA01,6,21,21,28,11,19,10,9,7,9,9,13,12,13,15,11,9,2,225,12.44%,3,Wednesday,15,Weekday,4,,,,,,
08/04/2026,FCHBLRVAR01,12,25,37,30,32,8,17,17,16,18,15,24,11,21,29,14,1,6,333,11.11%,3,Wednesday,15,Weekday,4,,,,,,
08/04/2026,FCHBLRWHF01,24,55,59,45,48,31,16,15,14,17,28,36,33,36,34,26,15,5,537,10.99%,3,Wednesday,15,Weekday,4,,,,,,
07/04/2026,all,303,711,814,710,533,436,379,331,251,260,364,416,468,453,394,287,175,77,"7,362",11.06%,2,Tuesday,15,Weekday,4,,,,,,
07/04/2026,FCHBLRAECS01,13,39,46,40,28,15,22,20,6,8,16,30,34,29,14,18,10,2,390,11.79%,2,Tuesday,15,Weekday,4,,,,,,
07/04/2026,FCHBLRBEN01,19,37,64,40,29,25,11,18,15,10,25,25,28,22,40,19,14,3,444,14.41%,2,Tuesday,15,Weekday,4,,,,,,
07/04/2026,FCHBLRBHO01,15,35,42,24,23,16,13,9,9,21,11,17,20,15,20,19,8,4,321,13.08%,2,Tuesday,15,Weekday,4,,,,,,
07/04/2026,FCHBLRDOD01,10,31,48,46,30,18,17,15,16,15,24,19,22,26,23,12,8,6,386,12.44%,2,Tuesday,15,Weekday,4,,,,,,
07/04/2026,FCHBLRELC01,10,22,39,32,28,22,12,13,12,5,18,18,20,15,15,8,7,3,299,13.04%,2,Tuesday,15,Weekday,4,,,,,,
07/04/2026,FCHBLRHAR01,17,56,64,46,21,24,28,24,13,10,17,35,35,33,20,26,10,8,487,13.14%,2,Tuesday,15,Weekday,4,,,,,,
07/04/2026,FCHBLRHEB01,12,39,25,46,29,23,33,19,13,12,14,21,23,21,16,9,8,2,365,12.60%,2,Tuesday,15,Weekday,4,,,,,,
07/04/2026,FCHBLRHOO01,26,55,43,54,40,34,27,24,21,20,38,32,48,33,35,22,9,5,566,9.72%,2,Tuesday,15,Weekday,4,,,,,,
07/04/2026,FCHBLRHSAF01,19,38,35,37,32,25,32,11,5,14,15,12,17,19,20,10,5,1,347,10.95%,2,Tuesday,15,Weekday,4,,,,,,
07/04/2026,FCHBLRHSR01,18,54,57,56,48,28,27,21,23,20,28,17,33,31,31,29,15,9,545,10.46%,2,Tuesday,15,Weekday,4,,,,,,
07/04/2026,FCHBLRJPN01,32,57,73,53,51,47,42,35,30,22,32,44,38,44,33,25,17,5,680,10.74%,2,Tuesday,15,Weekday,4,,,,,,
07/04/2026,FCHBLRKOR01,29,73,77,58,42,44,33,28,33,24,32,37,44,47,34,19,13,10,677,11.37%,2,Tuesday,15,Weekday,4,,,,,,
07/04/2026,FCHBLRSJR01,43,68,82,63,41,37,35,39,24,28,41,58,44,49,39,33,22,10,756,10.85%,2,Tuesday,15,Weekday,4,,,,,,
07/04/2026,FCHBLRTHA01,3,21,17,24,17,19,9,6,9,7,7,11,12,9,11,8,3,2,195,12.31%,2,Tuesday,15,Weekday,4,,,,,,
07/04/2026,FCHBLRVAR01,12,38,44,38,35,20,22,24,9,17,15,18,19,16,22,11,11,2,373,11.80%,2,Tuesday,15,Weekday,4,,,,,,
07/04/2026,FCHBLRWHF01,25,48,58,53,39,39,16,25,13,27,31,22,31,44,21,19,15,5,531,10.92%,2,Tuesday,15,Weekday,4,,,,,,
06/04/2026,all,239,522,720,645,475,409,351,312,297,272,340,439,458,502,433,297,199,73,"6,983",10.31%,1,Monday,15,Weekday,4,,,,,,
06/04/2026,FCHBLRAECS01,15,24,32,28,28,30,17,7,18,18,26,28,22,31,27,18,12,5,386,8.29%,1,Monday,15,Weekday,4,,,,,,
06/04/2026,FCHBLRBEN01,13,32,46,31,33,20,26,16,17,18,19,26,31,34,35,21,8,1,427,10.77%,1,Monday,15,Weekday,4,,,,,,
06/04/2026,FCHBLRBHO01,8,23,43,28,13,16,11,11,10,13,15,20,23,21,24,16,9,9,313,13.74%,1,Monday,15,Weekday,4,,,,,,
06/04/2026,FCHBLRDOD01,7,24,37,22,27,22,12,24,16,12,24,20,31,23,16,19,12,4,352,10.51%,1,Monday,15,Weekday,4,,,,,,
06/04/2026,FCHBLRELC01,10,17,32,27,18,20,11,13,14,11,11,21,23,15,25,8,8,5,289,11.07%,1,Monday,15,Weekday,4,,,,,,
06/04/2026,FCHBLRHAR01,22,38,45,40,32,26,26,25,12,20,19,31,29,36,21,15,21,8,466,9.66%,1,Monday,15,Weekday,4,,,,,,
06/04/2026,FCHBLRHEB01,14,27,45,41,34,18,27,21,8,16,15,24,32,30,21,14,7,1,395,11.39%,1,Monday,15,Weekday,4,,,,,,
06/04/2026,FCHBLRHOO01,21,47,53,41,32,26,24,18,19,10,28,31,30,38,22,29,12,1,482,11.00%,1,Monday,15,Weekday,4,,,,,,
06/04/2026,FCHBLRHSAF01,7,31,39,31,32,28,17,21,12,10,16,20,11,19,23,16,2,0,335,11.64%,1,Monday,15,Weekday,4,,,,,,
06/04/2026,FCHBLRHSR01,15,41,51,51,38,25,30,22,22,15,10,34,36,33,23,25,22,11,504,10.12%,1,Monday,15,Weekday,4,,,,,,
06/04/2026,FCHBLRJPN01,21,45,48,65,33,34,36,28,41,30,25,38,31,46,33,11,14,5,584,11.13%,1,Monday,15,Weekday,4,,,,,,
06/04/2026,FCHBLRKOR01,32,38,72,66,49,35,24,30,43,23,29,44,40,43,53,28,13,12,674,10.68%,1,Monday,15,Weekday,4,,,,,,
06/04/2026,FCHBLRSJR01,18,50,66,75,35,33,37,29,22,34,34,46,51,58,53,26,29,9,705,10.64%,1,Monday,15,Weekday,4,,,,,,
06/04/2026,FCHBLRTHA01,8,15,20,22,10,18,12,12,13,7,11,11,16,18,12,6,7,1,219,10.05%,1,Monday,15,Weekday,4,,,,,,
06/04/2026,FCHBLRVAR01,8,25,38,41,23,26,15,11,12,13,17,18,22,23,19,19,11,0,341,12.02%,1,Monday,15,Weekday,4,,,,,,
06/04/2026,FCHBLRWHF01,20,45,53,36,38,32,26,24,18,22,41,27,30,34,26,26,12,1,511,10.37%,1,Monday,15,Weekday,4,,,,,,
05/04/2026,all,96,407,699,848,776,698,662,469,395,374,451,450,495,540,400,272,152,76,"8,260",10.27%,7,Sunday,14,Weekend,4,,,,,,
05/04/2026,FCHBLRAECS01,3,21,33,47,50,44,46,34,21,33,27,23,23,31,25,14,11,5,491,10.18%,7,Sunday,14,Weekend,4,,,,,,
05/04/2026,FCHBLRBEN01,14,21,32,35,58,39,44,30,21,24,29,29,35,39,25,16,11,3,505,11.49%,7,Sunday,14,Weekend,4,,,,,,
05/04/2026,FCHBLRBHO01,6,20,35,37,26,24,27,19,16,14,23,21,23,30,18,15,2,3,359,10.31%,7,Sunday,14,Weekend,4,,,,,,
05/04/2026,FCHBLRDOD01,12,14,27,49,33,31,38,29,20,19,12,22,21,33,30,17,7,9,423,11.58%,7,Sunday,14,Weekend,4,,,,,,
05/04/2026,FCHBLRELC01,2,17,27,31,34,33,29,19,16,15,12,11,22,17,19,9,7,2,322,10.56%,7,Sunday,14,Weekend,4,,,,,,
05/04/2026,FCHBLRHAR01,2,24,37,69,43,63,42,30,19,18,38,21,27,32,23,25,9,2,524,13.17%,7,Sunday,14,Weekend,4,,,,,,
05/04/2026,FCHBLRHEB01,6,32,51,60,38,31,29,19,29,15,31,26,24,17,23,11,7,5,454,13.22%,7,Sunday,14,Weekend,4,,,,,,
05/04/2026,FCHBLRHOO01,9,29,57,58,64,40,44,24,22,27,33,34,42,35,29,11,7,3,568,11.27%,7,Sunday,14,Weekend,4,,,,,,
05/04/2026,FCHBLRHSAF01,9,20,31,44,37,32,24,23,21,12,21,16,21,18,18,11,2,2,362,12.15%,7,Sunday,14,Weekend,4,,,,,,
05/04/2026,FCHBLRHSR01,3,18,48,70,47,51,52,32,33,38,27,38,35,38,30,16,14,6,596,11.74%,7,Sunday,14,Weekend,4,,,,,,
05/04/2026,FCHBLRJPN01,12,49,80,63,84,68,65,49,32,38,35,47,48,49,37,28,17,6,807,10.41%,7,Sunday,14,Weekend,4,,,,,,
05/04/2026,FCHBLRKOR01,7,36,60,76,59,68,62,66,31,40,52,54,46,58,30,21,22,12,800,9.50%,7,Sunday,14,Weekend,4,,,,,,
05/04/2026,FCHBLRSJR01,5,47,73,75,73,76,70,37,50,37,46,44,47,66,36,29,21,5,837,9.08%,7,Sunday,14,Weekend,4,,,,,,
05/04/2026,FCHBLRTHA01,3,12,26,24,20,20,22,12,6,6,14,10,15,15,8,9,1,1,224,11.61%,7,Sunday,14,Weekend,4,,,,,,
05/04/2026,FCHBLRVAR01,3,17,30,47,47,24,26,22,23,9,24,17,22,24,11,17,8,3,374,12.57%,7,Sunday,14,Weekend,4,,,,,,
05/04/2026,FCHBLRWHF01,0,30,52,63,63,54,42,24,35,29,27,37,44,38,38,23,6,9,614,10.26%,7,Sunday,14,Weekend,4,,,,,,
04/04/2026,all,132,510,845,869,645,597,564,487,389,375,424,446,402,415,328,239,131,56,"7,854",11.06%,6,Saturday,14,Weekend,4,,,,,,
04/04/2026,FCHBLRAECS01,8,26,34,43,43,32,27,28,21,25,19,32,19,27,17,13,9,5,428,10.05%,6,Saturday,14,Weekend,4,,,,,,
04/04/2026,FCHBLRBEN01,6,21,43,48,52,51,38,33,24,17,21,17,26,28,28,16,7,2,478,10.88%,6,Saturday,14,Weekend,4,,,,,,
04/04/2026,FCHBLRBHO01,5,28,37,47,32,23,22,22,21,15,24,21,14,15,15,15,6,3,365,12.88%,6,Saturday,14,Weekend,4,,,,,,
04/04/2026,FCHBLRDOD01,2,18,27,39,31,29,23,25,13,14,24,26,23,22,12,13,9,3,353,11.05%,6,Saturday,14,Weekend,4,,,,,,
04/04/2026,FCHBLRELC01,6,17,39,36,31,26,25,19,21,14,18,21,19,24,16,10,2,1,345,11.30%,6,Saturday,14,Weekend,4,,,,,,
04/04/2026,FCHBLRHAR01,5,27,54,66,38,41,36,22,30,27,31,31,30,21,25,18,8,5,515,12.82%,6,Saturday,14,Weekend,4,,,,,,
04/04/2026,FCHBLRHEB01,5,36,59,33,37,35,31,25,20,17,22,28,23,13,10,12,5,3,414,14.25%,6,Saturday,14,Weekend,4,,,,,,
04/04/2026,FCHBLRHOO01,16,40,73,77,39,32,43,37,27,30,46,36,29,36,32,15,6,4,618,12.46%,6,Saturday,14,Weekend,4,,,,,,
04/04/2026,FCHBLRHSAF01,5,26,49,47,39,30,29,21,13,14,20,25,20,17,14,7,4,2,382,12.83%,6,Saturday,14,Weekend,4,,,,,,
04/04/2026,FCHBLRHSR01,9,37,46,52,51,44,27,31,31,32,23,30,30,25,29,17,8,7,529,9.83%,6,Saturday,14,Weekend,4,,,,,,
04/04/2026,FCHBLRJPN01,17,48,77,85,37,42,58,42,39,45,39,34,35,40,34,18,9,2,701,12.13%,6,Saturday,14,Weekend,4,,,,,,
04/04/2026,FCHBLRKOR01,10,49,74,75,62,69,46,54,33,36,44,43,33,29,27,25,19,10,738,10.16%,6,Saturday,14,Weekend,4,,,,,,
04/04/2026,FCHBLRSJR01,11,52,77,88,41,36,63,51,45,34,37,46,43,47,26,22,14,3,736,11.96%,6,Saturday,14,Weekend,4,,,,,,
04/04/2026,FCHBLRTHA01,1,16,30,34,31,21,21,14,14,13,11,11,11,25,8,10,6,3,280,12.14%,6,Saturday,14,Weekend,4,,,,,,
04/04/2026,FCHBLRVAR01,6,32,42,44,42,37,27,20,15,13,19,12,18,12,11,9,5,3,367,11.99%,6,Saturday,14,Weekend,4,,,,,,
04/04/2026,FCHBLRWHF01,20,37,84,55,39,49,48,43,22,29,26,33,29,34,24,19,14,0,605,13.88%,6,Saturday,14,Weekend,4,,,,,,
03/04/2026,all,170,449,664,696,586,555,430,353,332,276,361,366,366,399,313,231,130,69,"6,746",10.32%,5,Friday,14,Weekday,4,,,,,,
03/04/2026,FCHBLRAECS01,9,30,43,45,27,31,37,18,18,20,23,23,23,30,17,14,10,4,422,10.66%,5,Friday,14,Weekday,4,,,,,,
03/04/2026,FCHBLRBEN01,22,38,40,42,33,33,22,21,11,13,20,24,21,27,20,22,7,0,416,10.10%,5,Friday,14,Weekday,4,,,,,,
03/04/2026,FCHBLRBHO01,10,22,31,28,29,27,16,11,9,11,12,18,17,23,14,6,5,2,291,10.65%,5,Friday,14,Weekday,4,,,,,,
03/04/2026,FCHBLRDOD01,6,18,35,31,29,30,25,20,13,21,23,18,21,15,15,6,12,4,342,10.23%,5,Friday,14,Weekday,4,,,,,,
03/04/2026,FCHBLRELC01,4,16,38,18,22,25,22,14,19,7,15,15,14,11,12,11,3,5,271,14.02%,5,Friday,14,Weekday,4,,,,,,
03/04/2026,FCHBLRHAR01,11,31,40,46,45,42,31,17,25,12,25,15,29,31,18,17,6,3,444,10.36%,5,Friday,14,Weekday,4,,,,,,
03/04/2026,FCHBLRHEB01,6,34,48,50,33,34,13,19,17,15,20,9,12,21,18,11,8,3,371,13.48%,5,Friday,14,Weekday,4,,,,,,
03/04/2026,FCHBLRHOO01,21,43,45,61,48,35,32,19,26,21,31,38,26,31,13,16,4,4,514,11.87%,5,Friday,14,Weekday,4,,,,,,
03/04/2026,FCHBLRHSAF01,8,20,25,36,25,24,23,13,15,16,18,20,19,15,18,14,7,1,317,11.36%,5,Friday,14,Weekday,4,,,,,,
03/04/2026,FCHBLRHSR01,4,28,34,53,51,47,22,32,26,15,21,28,23,35,22,20,11,11,483,10.97%,5,Friday,14,Weekday,4,,,,,,
03/04/2026,FCHBLRJPN01,16,41,71,67,50,46,37,26,33,30,32,23,31,32,36,19,10,8,608,11.68%,5,Friday,14,Weekday,4,,,,,,
03/04/2026,FCHBLRKOR01,19,35,59,50,59,51,47,55,35,31,35,31,36,38,27,24,13,9,654,9.02%,5,Friday,14,Weekday,4,,,,,,
03/04/2026,FCHBLRSJR01,13,40,67,69,52,48,45,34,34,25,32,46,40,33,36,17,13,6,650,10.62%,5,Friday,14,Weekday,4,,,,,,
03/04/2026,FCHBLRTHA01,4,14,17,15,15,16,9,8,15,12,5,9,11,13,6,6,3,4,182,9.34%,5,Friday,14,Weekday,4,,,,,,
03/04/2026,FCHBLRVAR01,8,16,30,37,20,23,11,18,15,10,17,20,13,17,14,15,10,1,295,12.54%,5,Friday,14,Weekday,4,,,,,,
03/04/2026,FCHBLRWHF01,9,23,41,48,48,43,38,28,21,17,32,29,30,27,27,13,8,4,486,9.88%,5,Friday,14,Weekday,4,,,,,,
02/04/2026,all,249,483,688,627,497,381,344,286,249,240,309,403,393,360,331,234,144,74,"6,292",10.93%,4,Thursday,14,Weekday,4,,,,,,
02/04/2026,FCHBLRAECS01,8,25,33,38,23,20,23,17,11,18,21,29,25,24,23,16,5,1,360,10.56%,4,Thursday,14,Weekday,4,,,,,,
02/04/2026,FCHBLRBEN01,20,34,44,35,28,20,19,22,14,14,10,25,19,27,25,9,8,9,382,11.52%,4,Thursday,14,Weekday,4,,,,,,
02/04/2026,FCHBLRBHO01,11,26,38,22,30,15,7,14,11,11,15,24,18,16,11,12,9,5,295,12.88%,4,Thursday,14,Weekday,4,,,,,,
02/04/2026,FCHBLRDOD01,8,29,41,27,19,18,14,13,18,12,17,24,16,26,16,16,11,2,327,12.54%,4,Thursday,14,Weekday,4,,,,,,
02/04/2026,FCHBLRELC01,11,14,32,25,18,12,15,9,6,8,15,14,9,16,11,16,0,2,233,13.73%,4,Thursday,14,Weekday,4,,,,,,
02/04/2026,FCHBLRHAR01,12,28,54,30,36,26,25,17,25,17,20,24,26,26,19,20,8,5,418,12.92%,4,Thursday,14,Weekday,4,,,,,,
02/04/2026,FCHBLRHEB01,16,26,43,27,21,25,25,5,17,12,20,31,26,14,15,8,3,1,335,12.84%,4,Thursday,14,Weekday,4,,,,,,
02/04/2026,FCHBLRHOO01,22,44,40,54,42,28,22,18,11,21,29,29,38,27,28,16,12,4,485,11.13%,4,Thursday,14,Weekday,4,,,,,,
02/04/2026,FCHBLRHSAF01,20,29,25,31,25,15,17,18,18,10,8,23,21,10,16,5,7,2,300,10.33%,4,Thursday,14,Weekday,4,,,,,,
02/04/2026,FCHBLRHSR01,14,34,58,50,41,25,20,19,17,10,18,25,40,22,19,12,14,10,448,12.95%,4,Thursday,14,Weekday,4,,,,,,
02/04/2026,FCHBLRJPN01,18,41,50,65,49,40,43,35,25,23,31,24,29,21,33,26,15,1,569,11.42%,4,Thursday,14,Weekday,4,,,,,,
02/04/2026,FCHBLRKOR01,27,38,78,53,43,44,32,37,30,23,35,27,33,36,27,23,15,16,617,12.64%,4,Thursday,14,Weekday,4,,,,,,
02/04/2026,FCHBLRSJR01,24,50,60,81,44,29,33,25,17,22,28,43,31,39,31,28,15,9,609,13.30%,4,Thursday,14,Weekday,4,,,,,,
02/04/2026,FCHBLRTHA01,6,9,14,17,11,17,9,11,6,3,13,12,10,16,7,3,2,1,167,10.18%,4,Thursday,14,Weekday,4,,,,,,
02/04/2026,FCHBLRVAR01,14,17,27,36,24,18,16,10,6,14,8,20,11,19,26,7,8,4,285,12.63%,4,Thursday,14,Weekday,4,,,,,,
02/04/2026,FCHBLRWHF01,18,39,51,36,43,29,24,16,17,22,21,29,41,21,24,17,12,2,462,11.04%,4,Thursday,14,Weekday,4,,,,,,
01/04/2026,all,238,548,653,568,498,358,315,308,236,247,347,380,434,449,378,284,150,63,"6,454",10.12%,3,Wednesday,14,Weekday,4,,,,,,
01/04/2026,FCHBLRAECS01,10,34,42,24,20,18,18,17,10,11,24,28,25,19,20,27,11,3,361,11.63%,3,Wednesday,14,Weekday,4,,,,,,
01/04/2026,FCHBLRBEN01,19,36,41,33,37,21,19,26,19,13,23,27,24,24,18,21,10,1,412,9.95%,3,Wednesday,14,Weekday,4,,,,,,
01/04/2026,FCHBLRBHO01,13,21,29,25,22,15,9,14,11,12,18,20,16,23,14,9,7,7,285,10.18%,3,Wednesday,14,Weekday,4,,,,,,
01/04/2026,FCHBLRDOD01,6,28,27,33,29,26,16,9,12,13,16,14,22,20,22,19,5,3,320,10.31%,3,Wednesday,14,Weekday,4,,,,,,
01/04/2026,FCHBLRELC01,10,23,19,27,14,6,10,10,10,13,10,14,24,21,18,11,5,1,246,10.98%,3,Wednesday,14,Weekday,4,,,,,,
01/04/2026,FCHBLRHAR01,13,42,39,31,34,23,31,23,13,15,22,21,19,36,35,22,12,7,438,9.59%,3,Wednesday,14,Weekday,4,,,,,,
01/04/2026,FCHBLRHEB01,9,27,35,36,26,22,18,14,19,17,16,19,27,23,16,14,5,1,344,10.47%,3,Wednesday,14,Weekday,4,,,,,,
01/04/2026,FCHBLRHOO01,19,45,42,36,41,19,28,15,16,20,28,30,35,30,28,20,10,2,464,9.70%,3,Wednesday,14,Weekday,4,,,,,,
01/04/2026,FCHBLRHSAF01,12,33,26,25,25,16,12,10,9,10,23,21,18,22,16,9,8,2,297,11.11%,3,Wednesday,14,Weekday,4,,,,,,
01/04/2026,FCHBLRHSR01,14,28,40,47,34,27,22,21,17,18,26,23,29,41,26,22,12,5,452,10.40%,3,Wednesday,14,Weekday,4,,,,,,
01/04/2026,FCHBLRJPN01,25,52,67,65,49,42,38,34,29,17,25,35,36,41,28,21,10,1,615,10.89%,3,Wednesday,14,Weekday,4,,,,,,
01/04/2026,FCHBLRKOR01,29,50,73,51,45,32,34,37,24,29,33,31,39,41,40,36,13,15,652,11.20%,3,Wednesday,14,Weekday,4,,,,,,
01/04/2026,FCHBLRSJR01,28,56,62,49,47,37,23,27,15,21,35,42,45,41,36,19,10,6,599,10.35%,3,Wednesday,14,Weekday,4,,,,,,
01/04/2026,FCHBLRTHA01,1,15,23,15,16,13,7,12,4,7,6,7,14,13,18,6,11,2,190,12.11%,3,Wednesday,14,Weekday,4,,,,,,
01/04/2026,FCHBLRVAR01,11,22,31,26,21,14,10,16,8,11,18,19,18,19,10,10,9,2,275,11.27%,3,Wednesday,14,Weekday,4,,,,,,
01/04/2026,FCHBLRWHF01,19,36,57,45,38,27,20,23,20,20,24,29,43,35,33,18,12,5,504,11.31%,3,Wednesday,14,Weekday,4,,,,,,
31/03/2026,all,251,553,713,636,497,419,338,270,270,244,324,385,414,418,350,317,163,75,"6,637",10.74%,2,Tuesday,14,Weekday,3,,,,,,
31/03/2026,FCHBLRAECS01,16,35,38,30,33,16,14,12,8,12,17,22,27,16,22,20,10,9,357,10.64%,2,Tuesday,14,Weekday,3,,,,,,
31/03/2026,FCHBLRBEN01,21,30,48,36,38,30,15,16,15,17,14,25,27,21,31,22,8,2,416,11.54%,2,Tuesday,14,Weekday,3,,,,,,
31/03/2026,FCHBLRBHO01,9,33,40,32,15,11,14,14,8,11,13,16,19,24,18,18,12,3,310,12.90%,2,Tuesday,14,Weekday,3,,,,,,
31/03/2026,FCHBLRDOD01,11,22,33,47,21,15,13,14,17,15,22,13,15,29,18,8,10,6,329,14.29%,2,Tuesday,14,Weekday,3,,,,,,
31/03/2026,FCHBLRELC01,6,28,28,29,19,14,11,8,15,11,17,20,18,20,15,10,6,1,276,10.51%,2,Tuesday,14,Weekday,3,,,,,,
31/03/2026,FCHBLRHAR01,16,33,49,39,39,40,26,14,11,12,26,26,30,22,30,25,17,2,457,10.72%,2,Tuesday,14,Weekday,3,,,,,,
31/03/2026,FCHBLRHEB01,13,33,40,34,29,17,26,12,17,16,15,27,17,17,15,15,10,2,355,11.27%,2,Tuesday,14,Weekday,3,,,,,,
31/03/2026,FCHBLRHOO01,20,49,46,46,25,23,18,18,22,26,22,27,28,41,24,16,12,1,464,10.56%,2,Tuesday,14,Weekday,3,,,,,,
31/03/2026,FCHBLRHSAF01,21,21,28,30,27,21,17,16,11,10,17,14,14,25,14,16,8,4,314,9.55%,2,Tuesday,14,Weekday,3,,,,,,
31/03/2026,FCHBLRHSR01,15,29,48,48,37,46,27,21,18,21,15,16,29,34,23,25,15,10,477,10.06%,2,Tuesday,14,Weekday,3,,,,,,
31/03/2026,FCHBLRJPN01,20,44,61,47,37,46,45,22,33,22,30,28,33,35,33,22,5,3,566,10.78%,2,Tuesday,14,Weekday,3,,,,,,
31/03/2026,FCHBLRKOR01,25,53,66,64,55,38,30,33,32,26,27,42,38,42,35,34,15,15,670,9.85%,2,Tuesday,14,Weekday,3,,,,,,
31/03/2026,FCHBLRSJR01,13,68,65,61,44,40,29,36,18,22,24,50,33,45,31,38,13,5,635,10.71%,2,Tuesday,14,Weekday,3,,,,,,
31/03/2026,FCHBLRTHA01,9,14,26,12,15,6,5,8,16,6,13,16,13,8,12,9,3,4,195,13.33%,2,Tuesday,14,Weekday,3,,,,,,
31/03/2026,FCHBLRVAR01,12,26,49,29,25,15,15,14,16,6,14,20,31,20,7,15,6,3,323,15.17%,2,Tuesday,14,Weekday,3,,,,,,
31/03/2026,FCHBLRWHF01,24,35,48,52,38,41,33,12,13,11,38,23,42,19,22,24,13,5,493,10.55%,2,Tuesday,14,Weekday,3,,,,,,
30/03/2026,all,203,508,717,679,503,432,359,300,282,248,334,400,442,419,373,281,139,66,"6,685",10.73%,1,Monday,14,Weekday,3,,,,,,
30/03/2026,FCHBLRAECS01,8,29,39,43,28,18,23,23,15,7,18,21,29,26,16,21,12,5,381,11.29%,1,Monday,14,Weekday,3,,,,,,
30/03/2026,FCHBLRBEN01,9,27,54,36,32,23,20,22,17,16,9,23,16,32,31,16,6,2,391,13.81%,1,Monday,14,Weekday,3,,,,,,
30/03/2026,FCHBLRBHO01,8,46,28,25,24,15,15,7,11,9,16,16,28,24,13,10,6,2,303,15.18%,1,Monday,14,Weekday,3,,,,,,
30/03/2026,FCHBLRDOD01,7,23,34,35,37,24,14,11,14,12,21,15,17,21,17,15,9,7,333,11.11%,1,Monday,14,Weekday,3,,,,,,
30/03/2026,FCHBLRELC01,7,16,27,25,23,13,11,11,13,10,11,14,17,20,16,15,4,4,257,10.51%,1,Monday,14,Weekday,3,,,,,,
30/03/2026,FCHBLRHAR01,17,29,60,36,40,39,17,12,12,12,15,25,33,30,20,27,9,4,437,13.73%,1,Monday,14,Weekday,3,,,,,,
30/03/2026,FCHBLRHEB01,12,31,47,37,30,24,12,12,14,18,15,14,18,12,19,13,8,2,338,13.91%,1,Monday,14,Weekday,3,,,,,,
30/03/2026,FCHBLRHOO01,24,34,65,47,42,34,22,26,25,16,38,27,28,26,40,20,7,2,523,12.43%,1,Monday,14,Weekday,3,,,,,,
30/03/2026,FCHBLRHSAF01,8,23,32,27,13,24,25,15,17,14,12,29,21,25,14,11,6,0,316,10.13%,1,Monday,14,Weekday,3,,,,,,
30/03/2026,FCHBLRHSR01,14,29,47,51,36,30,29,20,22,15,20,30,36,32,26,31,13,8,489,10.43%,1,Monday,14,Weekday,3,,,,,,
30/03/2026,FCHBLRJPN01,22,41,50,60,46,46,45,40,22,31,28,38,39,36,29,21,10,1,605,9.92%,1,Monday,14,Weekday,3,,,,,,
30/03/2026,FCHBLRKOR01,30,51,67,73,41,40,37,31,22,30,44,40,52,43,42,24,17,9,693,10.53%,1,Monday,14,Weekday,3,,,,,,
30/03/2026,FCHBLRSJR01,13,40,75,70,42,43,31,24,33,22,40,49,39,38,44,25,12,11,651,11.52%,1,Monday,14,Weekday,3,,,,,,
30/03/2026,FCHBLRTHA01,5,15,19,29,16,15,13,7,8,5,3,13,10,8,10,3,1,0,180,16.11%,1,Monday,14,Weekday,3,,,,,,
30/03/2026,FCHBLRVAR01,7,29,36,31,15,13,13,14,12,15,15,16,22,14,11,9,7,5,284,12.68%,1,Monday,14,Weekday,3,,,,,,
30/03/2026,FCHBLRWHF01,12,45,37,54,38,31,32,25,25,16,29,30,37,32,25,20,12,4,504,10.71%,1,Monday,14,Weekday,3,,,,,,
29/03/2026,all,125,373,748,853,814,766,582,520,372,333,345,398,468,449,326,289,130,78,"7,969",10.70%,7,Sunday,13,Weekend,3,,,,,,
29/03/2026,FCHBLRAECS01,4,18,47,47,53,43,35,39,16,25,17,24,22,19,22,22,10,5,468,11.32%,7,Sunday,13,Weekend,3,,,,,,
29/03/2026,FCHBLRBEN01,7,18,44,55,47,47,34,43,20,19,25,29,26,35,21,20,7,2,499,11.02%,7,Sunday,13,Weekend,3,,,,,,
29/03/2026,FCHBLRBHO01,7,17,36,33,31,33,30,24,14,19,21,20,19,18,11,13,8,0,354,10.17%,7,Sunday,13,Weekend,3,,,,,,
29/03/2026,FCHBLRDOD01,6,19,39,53,36,41,26,23,16,17,17,22,21,21,16,14,3,3,393,13.49%,7,Sunday,13,Weekend,3,,,,,,
29/03/2026,FCHBLRELC01,3,16,29,31,32,32,20,21,17,9,20,13,32,20,15,11,3,5,329,9.73%,7,Sunday,13,Weekend,3,,,,,,
29/03/2026,FCHBLRHAR01,8,28,50,60,60,50,39,26,22,22,24,24,36,27,26,15,7,7,531,11.30%,7,Sunday,13,Weekend,3,,,,,,
29/03/2026,FCHBLRHEB01,7,23,47,55,44,40,30,21,14,17,11,27,21,30,19,11,5,1,423,13.00%,7,Sunday,13,Weekend,3,,,,,,
29/03/2026,FCHBLRHOO01,10,33,54,64,60,63,39,37,29,21,25,28,35,44,17,17,10,3,589,10.87%,7,Sunday,13,Weekend,3,,,,,,
29/03/2026,FCHBLRHSAF01,7,12,37,41,51,29,30,25,13,13,13,19,26,23,15,13,2,4,373,13.67%,7,Sunday,13,Weekend,3,,,,,,
29/03/2026,FCHBLRHSR01,6,20,38,56,56,45,36,32,34,26,28,24,28,37,29,23,15,5,538,10.41%,7,Sunday,13,Weekend,3,,,,,,
29/03/2026,FCHBLRJPN01,15,38,79,66,72,81,58,49,41,27,29,39,35,49,27,24,12,23,764,10.60%,7,Sunday,13,Weekend,3,,,,,,
29/03/2026,FCHBLRKOR01,8,27,62,69,59,74,61,48,30,33,37,42,49,33,27,32,10,11,712,10.39%,7,Sunday,13,Weekend,3,,,,,,
29/03/2026,FCHBLRSJR01,9,48,70,76,78,73,62,51,39,37,38,35,41,40,31,29,15,3,775,10.06%,7,Sunday,13,Weekend,3,,,,,,
29/03/2026,FCHBLRTHA01,7,10,24,34,22,22,17,23,16,6,4,13,19,6,11,11,4,2,251,13.55%,7,Sunday,13,Weekend,3,,,,,,
29/03/2026,FCHBLRVAR01,9,16,37,48,48,35,28,18,19,23,17,18,14,21,14,13,11,0,389,12.34%,7,Sunday,13,Weekend,3,,,,,,
29/03/2026,FCHBLRWHF01,12,30,55,65,65,58,37,40,32,19,19,21,44,26,25,21,8,4,581,11.19%,7,Sunday,13,Weekend,3,,,,,,
28/03/2026,all,176,591,906,924,839,670,599,543,426,371,433,433,442,425,334,223,126,73,"8,534",10.83%,6,Saturday,13,Weekend,3,,,,,,
28/03/2026,FCHBLRAECS01,13,21,48,59,53,40,39,35,34,32,30,26,30,24,24,13,8,4,533,11.07%,6,Saturday,13,Weekend,3,,,,,,
28/03/2026,FCHBLRBEN01,10,38,51,61,50,42,46,35,27,23,21,21,29,31,27,21,4,5,542,11.25%,6,Saturday,13,Weekend,3,,,,,,
28/03/2026,FCHBLRBHO01,9,32,47,45,41,28,25,32,21,13,23,18,22,21,12,12,6,1,408,11.52%,6,Saturday,13,Weekend,3,,,,,,
28/03/2026,FCHBLRDOD01,8,33,39,49,38,40,27,21,28,16,21,28,23,28,18,10,3,4,434,11.29%,6,Saturday,13,Weekend,3,,,,,,
28/03/2026,FCHBLRELC01,5,18,44,37,40,23,17,22,9,15,9,19,16,16,13,5,6,2,316,13.92%,6,Saturday,13,Weekend,3,,,,,,
28/03/2026,FCHBLRHAR01,15,41,49,58,48,47,32,43,27,21,27,33,29,33,18,17,12,5,555,10.45%,6,Saturday,13,Weekend,3,,,,,,
28/03/2026,FCHBLRHEB01,10,33,56,54,47,36,29,25,27,22,22,18,23,18,14,10,4,2,450,12.44%,6,Saturday,13,Weekend,3,,,,,,
28/03/2026,FCHBLRHOO01,16,53,71,69,64,50,41,40,34,20,34,32,36,23,19,14,7,2,625,11.36%,6,Saturday,13,Weekend,3,,,,,,
28/03/2026,FCHBLRHSAF01,5,27,36,49,41,32,30,15,15,21,23,17,17,26,14,17,5,5,395,12.41%,6,Saturday,13,Weekend,3,,,,,,
28/03/2026,FCHBLRHSR01,6,30,72,63,57,44,47,31,29,25,31,29,41,27,30,15,16,8,601,11.98%,6,Saturday,13,Weekend,3,,,,,,
28/03/2026,FCHBLRJPN01,14,53,68,66,70,52,56,55,35,38,44,39,40,40,30,13,9,8,730,9.59%,6,Saturday,13,Weekend,3,,,,,,
28/03/2026,FCHBLRKOR01,13,55,77,80,70,63,46,59,48,38,43,43,34,25,32,22,9,12,769,10.40%,6,Saturday,13,Weekend,3,,,,,,
28/03/2026,FCHBLRSJR01,17,66,99,86,76,73,67,48,37,34,41,42,46,38,30,19,13,5,837,11.83%,6,Saturday,13,Weekend,3,,,,,,
28/03/2026,FCHBLRTHA01,5,16,26,29,24,23,11,16,10,12,14,11,9,15,6,6,2,2,237,12.24%,6,Saturday,13,Weekend,3,,,,,,
28/03/2026,FCHBLRVAR01,11,26,49,58,38,31,32,24,20,22,17,23,16,19,21,10,10,5,432,13.43%,6,Saturday,13,Weekend,3,,,,,,
28/03/2026,FCHBLRWHF01,19,49,74,61,82,46,54,42,25,19,33,34,31,41,26,19,12,3,670,12.24%,6,Saturday,13,Weekend,3,,,,,,
27/03/2026,all,252,533,677,548,459,344,352,259,210,241,310,358,351,369,295,240,139,66,"6,003",11.28%,5,Friday,13,Weekday,3,,,,,,
27/03/2026,FCHBLRAECS01,14,25,44,29,30,19,18,12,13,11,17,23,20,28,16,13,6,4,342,12.87%,5,Friday,13,Weekday,3,,,,,,
27/03/2026,FCHBLRBEN01,16,20,48,30,25,20,19,11,9,14,14,18,15,21,13,11,4,4,312,15.38%,5,Friday,13,Weekday,3,,,,,,
27/03/2026,FCHBLRBHO01,15,27,34,23,25,13,10,10,5,10,14,21,12,26,21,12,10,3,291,11.68%,5,Friday,13,Weekday,3,,,,,,
27/03/2026,FCHBLRDOD01,7,21,29,29,24,16,17,13,16,15,18,22,23,20,11,14,5,2,302,9.60%,5,Friday,13,Weekday,3,,,,,,
27/03/2026,FCHBLRELC01,14,17,31,25,14,16,14,10,11,5,9,15,13,13,9,13,4,2,235,13.19%,5,Friday,13,Weekday,3,,,,,,
27/03/2026,FCHBLRHAR01,15,39,44,35,33,17,25,16,11,21,24,26,25,18,20,18,8,4,399,11.03%,5,Friday,13,Weekday,3,,,,,,
27/03/2026,FCHBLRHEB01,12,29,29,32,19,24,21,15,11,14,21,19,10,17,10,11,5,3,302,10.60%,5,Friday,13,Weekday,3,,,,,,
27/03/2026,FCHBLRHOO01,29,44,47,37,33,34,25,17,17,18,33,29,33,25,23,8,12,4,468,10.04%,5,Friday,13,Weekday,3,,,,,,
27/03/2026,FCHBLRHSAF01,12,26,38,19,19,14,16,17,10,16,18,18,11,18,20,6,7,3,288,13.19%,5,Friday,13,Weekday,3,,,,,,
27/03/2026,FCHBLRHSR01,8,41,41,39,35,31,20,25,18,16,18,21,38,30,20,19,8,9,437,9.38%,5,Friday,13,Weekday,3,,,,,,
27/03/2026,FCHBLRJPN01,33,61,67,41,37,30,33,30,22,17,13,26,31,34,29,23,10,2,539,12.43%,5,Friday,13,Weekday,3,,,,,,
27/03/2026,FCHBLRKOR01,18,49,67,62,52,31,48,27,21,22,26,35,30,29,32,28,15,16,608,11.02%,5,Friday,13,Weekday,3,,,,,,
27/03/2026,FCHBLRSJR01,29,66,67,64,45,27,28,20,16,16,34,40,40,42,26,28,20,4,612,10.95%,5,Friday,13,Weekday,3,,,,,,
27/03/2026,FCHBLRTHA01,9,14,14,14,14,7,9,6,6,7,11,10,9,12,8,10,5,1,166,8.43%,5,Friday,13,Weekday,3,,,,,,
27/03/2026,FCHBLRVAR01,5,19,27,24,21,21,20,14,13,16,13,10,14,15,11,6,12,2,263,10.27%,5,Friday,13,Weekday,3,,,,,,
27/03/2026,FCHBLRWHF01,16,35,50,45,33,24,29,16,11,23,27,25,27,21,26,20,8,3,439,11.39%,5,Friday,13,Weekday,3,,,,,,
26/03/2026,all,250,534,678,632,484,409,324,290,226,232,294,362,361,417,338,259,169,84,"6,343",10.69%,4,Thursday,13,Weekday,3,,,,,,
26/03/2026,FCHBLRAECS01,9,27,35,32,29,25,15,14,12,11,16,24,17,27,17,12,9,1,332,10.54%,4,Thursday,13,Weekday,3,,,,,,
26/03/2026,FCHBLRBEN01,20,31,45,38,35,23,17,13,12,6,15,15,27,29,32,16,7,2,383,11.75%,4,Thursday,13,Weekday,3,,,,,,
26/03/2026,FCHBLRBHO01,11,32,35,36,22,13,8,15,16,9,14,17,16,20,19,11,6,5,305,11.80%,4,Thursday,13,Weekday,3,,,,,,
26/03/2026,FCHBLRDOD01,6,25,36,41,23,18,19,19,8,15,17,18,14,21,8,15,6,4,313,13.10%,4,Thursday,13,Weekday,3,,,,,,
26/03/2026,FCHBLRELC01,5,21,24,23,18,15,10,10,8,16,14,11,13,14,18,10,7,4,241,9.96%,4,Thursday,13,Weekday,3,,,,,,
26/03/2026,FCHBLRHAR01,17,39,51,44,28,27,19,18,12,9,11,26,21,24,23,25,12,5,411,12.41%,4,Thursday,13,Weekday,3,,,,,,
26/03/2026,FCHBLRHEB01,19,30,33,33,25,24,20,11,13,11,18,25,14,16,15,16,9,3,335,9.85%,4,Thursday,13,Weekday,3,,,,,,
26/03/2026,FCHBLRHOO01,26,38,56,47,31,28,30,16,16,11,19,17,23,35,24,11,13,7,448,12.50%,4,Thursday,13,Weekday,3,,,,,,
26/03/2026,FCHBLRHSAF01,20,22,37,30,18,16,24,13,12,15,12,11,18,21,13,16,3,3,304,12.17%,4,Thursday,13,Weekday,3,,,,,,
26/03/2026,FCHBLRHSR01,12,31,53,48,34,31,23,15,15,16,23,21,32,23,33,23,13,11,457,11.60%,4,Thursday,13,Weekday,3,,,,,,
26/03/2026,FCHBLRJPN01,20,50,53,55,59,42,30,40,27,29,32,36,44,47,29,17,20,8,638,9.25%,4,Thursday,13,Weekday,3,,,,,,
26/03/2026,FCHBLRKOR01,24,57,64,57,40,54,29,31,24,25,32,37,37,38,32,23,20,15,639,10.02%,4,Thursday,13,Weekday,3,,,,,,
26/03/2026,FCHBLRSJR01,26,56,65,61,48,40,35,27,20,26,30,43,36,42,40,20,21,10,646,10.06%,4,Thursday,13,Weekday,3,,,,,,
26/03/2026,FCHBLRTHA01,4,13,18,17,12,10,7,11,7,7,10,10,8,8,6,10,2,1,161,11.18%,4,Thursday,13,Weekday,3,,,,,,
26/03/2026,FCHBLRVAR01,7,19,30,25,23,16,14,12,7,10,13,25,20,16,17,17,9,5,285,10.53%,4,Thursday,13,Weekday,3,,,,,,
26/03/2026,FCHBLRWHF01,24,43,43,45,39,27,24,25,17,16,18,26,21,36,12,17,12,0,445,10.11%,4,Thursday,13,Weekday,3,,,,,,
25/03/2026,all,264,496,666,598,504,365,309,261,234,251,314,355,408,405,353,302,143,73,"6,301",10.57%,3,Wednesday,13,Weekday,3,,,,,,
25/03/2026,FCHBLRAECS01,10,26,32,37,27,12,16,11,9,14,16,26,29,27,19,14,6,9,340,10.88%,3,Wednesday,13,Weekday,3,,,,,,
25/03/2026,FCHBLRBEN01,23,36,41,34,28,21,15,17,16,10,15,21,19,18,26,22,6,3,371,11.05%,3,Wednesday,13,Weekday,3,,,,,,
25/03/2026,FCHBLRBHO01,10,31,29,29,27,16,16,15,14,14,16,16,15,24,20,16,8,7,323,9.60%,3,Wednesday,13,Weekday,3,,,,,,
25/03/2026,FCHBLRDOD01,10,19,41,36,24,19,16,13,9,14,17,13,22,18,22,16,6,1,316,12.97%,3,Wednesday,13,Weekday,3,,,,,,
25/03/2026,FCHBLRELC01,7,19,33,20,13,10,12,10,13,13,16,21,18,19,14,9,5,1,253,13.04%,3,Wednesday,13,Weekday,3,,,,,,
25/03/2026,FCHBLRHAR01,14,32,37,51,28,30,13,13,13,12,25,25,33,31,21,28,10,5,421,12.11%,3,Wednesday,13,Weekday,3,,,,,,
25/03/2026,FCHBLRHEB01,15,19,33,31,21,20,18,15,12,11,13,6,22,18,13,19,11,4,301,10.96%,3,Wednesday,13,Weekday,3,,,,,,
25/03/2026,FCHBLRHOO01,30,45,49,33,45,28,25,23,16,21,33,31,31,27,24,16,7,6,490,10.00%,3,Wednesday,13,Weekday,3,,,,,,
25/03/2026,FCHBLRHSAF01,21,24,22,34,22,16,17,14,10,17,15,17,23,18,11,11,9,1,302,11.26%,3,Wednesday,13,Weekday,3,,,,,,
25/03/2026,FCHBLRHSR01,15,31,58,39,55,28,26,21,8,11,26,29,23,37,24,22,10,9,472,12.29%,3,Wednesday,13,Weekday,3,,,,,,
25/03/2026,FCHBLRJPN01,24,46,59,52,37,35,34,29,27,29,20,23,30,30,34,29,14,4,556,10.61%,3,Wednesday,13,Weekday,3,,,,,,
25/03/2026,FCHBLRKOR01,17,50,71,49,58,32,24,30,26,29,26,44,32,36,37,33,21,6,621,11.43%,3,Wednesday,13,Weekday,3,,,,,,
25/03/2026,FCHBLRSJR01,31,46,69,62,53,46,31,10,21,24,34,36,40,37,33,28,13,6,620,11.13%,3,Wednesday,13,Weekday,3,,,,,,
25/03/2026,FCHBLRTHA01,12,11,22,15,7,7,11,7,2,2,4,6,13,13,6,6,5,2,151,14.57%,3,Wednesday,13,Weekday,3,,,,,,
25/03/2026,FCHBLRVAR01,4,23,30,35,30,14,22,16,16,13,11,19,23,23,21,16,4,3,323,10.84%,3,Wednesday,13,Weekday,3,,,,,,
25/03/2026,FCHBLRWHF01,21,38,40,41,29,31,13,17,22,17,27,22,35,29,28,17,8,6,441,9.30%,3,Wednesday,13,Weekday,3,,,,,,
24/03/2026,all,285,556,629,589,454,360,299,240,191,258,321,384,434,413,328,276,138,76,"6,231",10.09%,2,Tuesday,13,Weekday,3,,,,,,
24/03/2026,FCHBLRAECS01,10,31,36,28,22,17,14,10,10,10,20,27,20,30,17,12,10,4,328,10.98%,2,Tuesday,13,Weekday,3,,,,,,
24/03/2026,FCHBLRBEN01,21,40,44,26,30,23,19,11,11,17,16,26,30,29,15,21,5,3,387,11.37%,2,Tuesday,13,Weekday,3,,,,,,
24/03/2026,FCHBLRBHO01,13,22,35,29,24,17,17,6,7,20,10,19,27,25,12,14,11,0,308,11.36%,2,Tuesday,13,Weekday,3,,,,,,
24/03/2026,FCHBLRDOD01,13,25,34,39,25,11,14,13,10,10,15,18,30,19,17,17,11,2,323,12.07%,2,Tuesday,13,Weekday,3,,,,,,
24/03/2026,FCHBLRELC01,9,23,22,20,16,13,11,7,11,16,14,9,20,19,15,9,3,3,240,9.58%,2,Tuesday,13,Weekday,3,,,,,,
24/03/2026,FCHBLRHAR01,22,30,57,34,25,22,26,15,15,24,22,32,28,31,24,26,14,5,452,12.61%,2,Tuesday,13,Weekday,3,,,,,,
24/03/2026,FCHBLRHEB01,11,35,39,37,24,25,12,12,10,13,25,16,19,22,12,12,7,1,332,11.75%,2,Tuesday,13,Weekday,3,,,,,,
24/03/2026,FCHBLRHOO01,30,41,47,39,38,17,16,16,8,26,35,35,33,27,24,21,8,3,464,10.13%,2,Tuesday,13,Weekday,3,,,,,,
24/03/2026,FCHBLRHSAF01,10,30,21,44,17,15,15,21,9,10,16,18,24,19,11,9,7,0,296,14.86%,2,Tuesday,13,Weekday,3,,,,,,
24/03/2026,FCHBLRHSR01,12,22,33,46,44,37,15,12,16,15,15,22,30,35,30,26,15,9,434,10.60%,2,Tuesday,13,Weekday,3,,,,,,
24/03/2026,FCHBLRJPN01,28,64,40,51,33,37,33,26,17,17,26,35,39,29,41,19,9,17,561,11.41%,2,Tuesday,13,Weekday,3,,,,,,
24/03/2026,FCHBLRKOR01,33,53,73,52,45,32,26,27,23,19,28,32,33,36,30,16,10,8,576,12.67%,2,Tuesday,13,Weekday,3,,,,,,
24/03/2026,FCHBLRSJR01,30,59,67,56,45,35,36,28,16,24,36,44,42,40,28,28,11,10,635,10.55%,2,Tuesday,13,Weekday,3,,,,,,
24/03/2026,FCHBLRTHA01,6,9,11,8,8,8,11,3,1,7,4,9,11,10,9,10,4,3,132,8.33%,2,Tuesday,13,Weekday,3,,,,,,
24/03/2026,FCHBLRVAR01,18,24,29,35,20,23,11,14,14,16,21,20,22,18,18,9,6,4,322,10.87%,2,Tuesday,13,Weekday,3,,,,,,
24/03/2026,FCHBLRWHF01,19,48,41,45,38,28,23,19,13,14,18,22,26,24,25,27,7,4,441,10.88%,2,Tuesday,13,Weekday,3,,,,,,
23/03/2026,all,227,502,620,595,471,350,305,258,208,261,365,427,389,401,310,242,134,60,6125,10.12%,1,Monday,13,Weekday,3,,,,,,
23/03/2026,FCHBLRAECS01,8,23,31,31,26,26,12,19,13,18,25,26,20,24,26,14,10,1,353,8.78%,1,Monday,13,Weekday,3,,,,,,
23/03/2026,FCHBLRBEN01,18,38,45,33,32,18,15,22,14,14,17,14,18,23,17,9,9,3,359,12.53%,1,Monday,13,Weekday,3,,,,,,
23/03/2026,FCHBLRBHO01,11,27,34,38,21,17,13,10,6,10,20,13,13,14,14,11,7,3,282,13.48%,1,Monday,13,Weekday,3,,,,,,
23/03/2026,FCHBLRDOD01,15,22,28,33,19,17,11,13,8,13,15,23,18,23,14,16,7,3,298,11.07%,1,Monday,13,Weekday,3,,,,,,
23/03/2026,FCHBLRELC01,8,20,14,23,16,3,19,8,7,15,12,19,22,22,17,6,4,2,237,9.70%,1,Monday,13,Weekday,3,,,,,,
23/03/2026,FCHBLRHAR01,13,38,43,40,34,12,28,22,15,20,29,25,29,30,22,24,3,2,429,10.02%,1,Monday,13,Weekday,3,,,,,,
23/03/2026,FCHBLRHEB01,11,24,20,35,21,16,10,12,15,9,21,26,16,25,10,10,6,1,288,12.15%,1,Monday,13,Weekday,3,,,,,,
23/03/2026,FCHBLRHOO01,26,34,46,45,33,26,15,24,13,26,21,43,31,28,19,15,8,2,455,10.11%,1,Monday,13,Weekday,3,,,,,,
23/03/2026,FCHBLRHSAF01,8,22,27,26,17,20,21,15,12,13,19,21,13,19,17,12,5,2,289,9.34%,1,Monday,13,Weekday,3,,,,,,
23/03/2026,FCHBLRHSR01,11,24,44,38,42,31,22,15,16,15,27,21,27,29,26,18,17,5,428,10.28%,1,Monday,13,Weekday,3,,,,,,
23/03/2026,FCHBLRJPN01,22,45,53,51,44,44,26,23,18,23,33,44,39,37,29,21,4,17,573,9.25%,1,Monday,13,Weekday,3,,,,,,
23/03/2026,FCHBLRKOR01,25,52,63,51,52,39,34,20,21,34,33,39,40,38,29,21,19,5,615,10.24%,1,Monday,13,Weekday,3,,,,,,
23/03/2026,FCHBLRSJR01,21,60,62,67,51,25,36,23,18,16,42,46,41,40,38,25,18,6,635,10.55%,1,Monday,13,Weekday,3,,,,,,
23/03/2026,FCHBLRTHA01,7,8,21,17,7,16,7,4,5,6,9,11,10,6,2,8,0,1,145,14.48%,1,Monday,13,Weekday,3,,,,,,
23/03/2026,FCHBLRVAR01,7,26,34,26,20,13,16,11,12,16,22,21,13,15,16,10,4,3,285,11.93%,1,Monday,13,Weekday,3,,,,,,
23/03/2026,FCHBLRWHF01,16,39,55,41,36,27,20,17,15,13,20,35,39,28,14,22,13,4,454,12.11%,1,Monday,13,Weekday,3,,,,,,
22/03/2026,all,90,318,660,758,693,611,553,433,323,287,376,405,469,493,413,231,133,62,7308,10.37%,7,Sunday,12,Weekend,3,,,,,,
22/03/2026,FCHBLRBEN01,2,29,32,45,51,40,32,18,26,16,18,26,31,26,32,14,6,4,448,11.38%,7,Sunday,12,Weekend,3,,,,,,
22/03/2026,FCHBLRHAR01,10,20,52,52,43,39,37,27,18,17,26,19,31,34,30,18,11,6,490,10.61%,7,Sunday,12,Weekend,3,,,,,,
22/03/2026,FCHBLRHOO01,12,30,62,57,69,39,41,35,19,22,26,44,30,31,25,18,10,4,574,12.02%,7,Sunday,12,Weekend,3,,,,,,
22/03/2026,FCHBLRHSAF01,6,10,39,40,40,27,30,19,16,9,21,16,22,32,19,10,7,3,366,10.93%,7,Sunday,12,Weekend,3,,,,,,
22/03/2026,FCHBLRHSR01,5,11,33,47,38,42,38,45,18,17,33,29,27,33,27,19,10,8,480,9.79%,7,Sunday,12,Weekend,3,,,,,,
22/03/2026,FCHBLRJPN01,5,33,60,80,73,66,67,42,33,29,26,48,43,45,42,11,9,3,715,11.19%,7,Sunday,12,Weekend,3,,,,,,
22/03/2026,FCHBLRKOR01,13,26,44,61,53,58,51,45,39,30,37,34,42,44,40,23,12,5,657,9.28%,7,Sunday,12,Weekend,3,,,,,,
22/03/2026,FCHBLRWHF01,7,20,59,57,55,53,38,33,25,13,26,22,42,39,31,17,8,5,550,10.73%,7,Sunday,12,Weekend,3,,,,,,
22/03/2026,FCHBLRELC01,3,11,27,45,33,33,21,17,13,16,9,17,24,20,23,9,8,2,331,13.60%,7,Sunday,12,Weekend,3,,,,,,
22/03/2026,FCHBLRAECS01,6,15,33,42,42,40,36,16,18,20,24,25,18,24,18,8,8,3,396,10.61%,7,Sunday,12,Weekend,3,,,,,,
22/03/2026,FCHBLRSJR01,8,45,66,68,66,57,43,47,38,33,41,43,52,58,45,26,11,5,752,9.04%,7,Sunday,12,Weekend,3,,,,,,
22/03/2026,FCHBLRBHO01,2,13,32,28,26,22,22,28,10,14,17,19,22,25,23,13,6,5,327,9.79%,7,Sunday,12,Weekend,3,,,,,,
22/03/2026,FCHBLRDOD01,2,12,29,36,33,26,36,14,15,17,23,22,28,24,19,10,9,5,360,10.00%,7,Sunday,12,Weekend,3,,,,,,
22/03/2026,FCHBLRTHA01,0,5,19,18,18,15,16,9,9,6,5,7,10,9,8,4,4,0,162,11.73%,7,Sunday,12,Weekend,3,,,,,,
22/03/2026,FCHBLRHEB01,6,20,33,44,21,26,24,19,11,14,27,16,19,30,18,18,7,2,355,12.39%,7,Sunday,12,Weekend,3,,,,,,
22/03/2026,FCHBLRVAR01,3,18,40,38,32,28,21,19,15,14,17,18,28,19,13,13,7,2,345,11.59%,7,Sunday,12,Weekend,3,,,,,,
21/03/2026,all,152,518,795,881,688,585,532,407,377,285,341,384,388,318,272,181,99,48,7251,12.15%,6,Saturday,12,Weekend,3,,,,,,
21/03/2026,FCHBLRAECS01,5,32,56,35,39,29,33,16,16,16,21,27,27,20,19,12,11,5,419,13.37%,6,Saturday,12,Weekend,3,,,,,,
21/03/2026,FCHBLRDOD01,11,24,35,41,31,36,30,27,18,13,18,20,19,15,18,11,8,4,379,10.82%,6,Saturday,12,Weekend,3,,,,,,
21/03/2026,FCHBLRBEN01,9,29,51,51,44,37,34,28,26,15,19,19,24,11,15,8,8,0,428,11.92%,6,Saturday,12,Weekend,3,,,,,,
21/03/2026,FCHBLRBHO01,15,23,34,38,36,29,28,23,17,9,18,18,20,18,16,7,6,1,356,10.67%,6,Saturday,12,Weekend,3,,,,,,
21/03/2026,FCHBLRHAR01,5,37,53,74,31,38,31,27,23,16,18,24,28,16,11,9,3,2,446,16.59%,6,Saturday,12,Weekend,3,,,,,,
21/03/2026,FCHBLRHOO01,22,42,46,63,59,41,43,32,33,27,27,41,29,29,21,6,4,2,567,11.11%,6,Saturday,12,Weekend,3,,,,,,
21/03/2026,FCHBLRHSR01,6,20,51,56,41,36,37,26,22,19,22,22,35,19,18,9,10,6,455,12.31%,6,Saturday,12,Weekend,3,,,,,,
21/03/2026,FCHBLRJPN01,16,57,75,70,55,48,49,34,37,20,30,34,24,23,35,12,7,2,628,11.94%,6,Saturday,12,Weekend,3,,,,,,
21/03/2026,FCHBLRKOR01,12,52,71,75,66,51,50,35,38,34,28,31,38,27,21,14,6,4,653,11.49%,6,Saturday,12,Weekend,3,,,,,,
21/03/2026,FCHBLRWHF01,10,36,64,65,56,41,35,32,24,20,22,25,25,29,24,7,4,1,520,12.50%,6,Saturday,12,Weekend,3,,,,,,
21/03/2026,FCHBLRHSAF01,9,27,35,49,36,34,21,28,22,14,13,16,11,15,6,16,6,0,358,13.69%,6,Saturday,12,Weekend,3,,,,,,
21/03/2026,FCHBLRTHA01,3,15,25,18,19,19,13,15,10,12,9,12,10,8,6,9,6,2,211,11.85%,6,Saturday,12,Weekend,3,,,,,,
21/03/2026,FCHBLRELC01,7,16,40,41,27,36,22,19,18,9,13,17,15,10,15,5,2,2,314,13.06%,6,Saturday,12,Weekend,3,,,,,,
21/03/2026,FCHBLRSJR01,13,41,91,112,72,55,50,30,31,20,43,33,39,42,24,23,6,9,734,15.26%,6,Saturday,12,Weekend,3,,,,,,
21/03/2026,FCHBLRVAR01,3,27,42,55,38,33,30,21,26,19,17,22,19,13,13,16,6,4,404,13.61%,6,Saturday,12,Weekend,3,,,,,,
21/03/2026,FCHBLRHEB01,6,40,26,38,38,22,26,14,16,22,23,23,25,23,10,17,6,4,379,10.55%,6,Saturday,12,Weekend,3,,,,,,
20/03/2026,all,153,398,464,492,408,325,282,202,195,178,242,268,274,261,242,169,76,34,4663,10.55%,5,Friday,12,Weekday,3,,,,,,
20/03/2026,FCHBLRBEN01,8,20,40,31,22,19,18,14,12,17,15,17,14,19,12,9,5,3,295,13.56%,5,Friday,12,Weekday,3,,,,,,
20/03/2026,FCHBLRHAR01,17,30,35,27,21,20,17,8,9,9,17,11,20,19,16,17,4,6,303,11.55%,5,Friday,12,Weekday,3,,,,,,
20/03/2026,FCHBLRHOO01,12,26,36,36,37,25,10,18,15,16,19,24,20,15,19,6,6,3,343,10.79%,5,Friday,12,Weekday,3,,,,,,
20/03/2026,FCHBLRHSR01,5,21,31,41,29,37,16,18,9,5,20,19,17,17,18,15,8,2,328,12.50%,5,Friday,12,Weekday,3,,,,,,
20/03/2026,FCHBLRJPN01,12,45,35,42,28,24,21,18,21,20,14,18,19,26,17,9,8,2,379,11.87%,5,Friday,12,Weekday,3,,,,,,
20/03/2026,FCHBLRKOR01,10,43,52,35,35,23,25,12,18,19,20,18,16,15,17,10,7,2,377,13.79%,5,Friday,12,Weekday,3,,,,,,
20/03/2026,FCHBLRWHF01,11,34,38,40,31,23,16,19,20,11,15,31,19,13,12,16,6,1,356,11.24%,5,Friday,12,Weekday,3,,,,,,
20/03/2026,FCHBLRBHO01,7,26,22,29,19,18,22,10,7,5,16,18,11,12,17,10,3,1,253,11.46%,5,Friday,12,Weekday,3,,,,,,
20/03/2026,FCHBLRTHA01,2,3,11,15,8,6,8,6,4,1,5,5,8,4,2,6,0,1,95,15.79%,5,Friday,12,Weekday,3,,,,,,
20/03/2026,FCHBLRHEB01,10,20,21,31,24,13,15,10,14,8,14,11,19,21,16,7,5,1,260,11.92%,5,Friday,12,Weekday,3,,,,,,
20/03/2026,FCHBLRHSAF01,12,18,17,19,18,19,18,15,7,12,15,15,14,16,9,8,0,0,232,8.19%,5,Friday,12,Weekday,3,,,,,,
20/03/2026,FCHBLRDOD01,5,23,20,21,32,25,21,15,7,12,12,15,16,12,14,10,6,3,269,11.90%,5,Friday,12,Weekday,3,,,,,,
20/03/2026,FCHBLRAECS01,3,24,23,24,19,14,21,9,10,12,7,15,17,12,21,6,4,2,243,9.88%,5,Friday,12,Weekday,3,,,,,,
20/03/2026,FCHBLRELC01,5,11,14,20,17,29,10,8,5,9,10,12,13,8,14,12,2,1,200,14.50%,5,Friday,12,Weekday,3,,,,,,
20/03/2026,FCHBLRSJR01,25,34,51,59,48,21,31,14,27,12,29,31,37,38,23,23,7,4,514,11.48%,5,Friday,12,Weekday,3,,,,,,
20/03/2026,FCHBLRVAR01,9,20,18,22,20,9,13,8,10,10,14,8,14,14,15,5,5,2,216,10.19%,5,Friday,12,Weekday,3,,,,,,
19/03/2026,all,162,421,683,656,575,450,370,278,245,209,255,263,281,266,217,154,92,37,5614,12.17%,4,Thursday,12,Weekday,3,,,,,,
19/03/2026,FCHBLRBEN01,5,25,50,46,43,31,21,18,21,10,21,17,13,19,15,2,4,2,363,13.77%,4,Thursday,12,Weekday,3,,,,,,
19/03/2026,FCHBLRHAR01,9,27,52,44,31,28,22,19,22,15,13,10,18,17,18,11,7,6,369,14.09%,4,Thursday,12,Weekday,3,,,,,,
19/03/2026,FCHBLRHOO01,9,28,56,66,45,41,29,16,8,18,17,12,23,25,12,13,6,3,427,15.46%,4,Thursday,12,Weekday,3,,,,,,
19/03/2026,FCHBLRHSR01,5,21,40,35,46,31,21,28,22,18,11,19,24,15,17,10,11,4,378,12.17%,4,Thursday,12,Weekday,3,,,,,,
19/03/2026,FCHBLRJPN01,20,43,52,48,44,32,29,15,19,20,17,25,20,20,15,14,7,2,442,11.76%,4,Thursday,12,Weekday,3,,,,,,
19/03/2026,FCHBLRKOR01,18,35,56,37,56,35,38,24,14,17,21,16,23,20,17,6,6,2,441,12.70%,4,Thursday,12,Weekday,3,,,,,,
19/03/2026,FCHBLRWHF01,16,24,60,55,42,29,32,15,17,10,15,24,19,12,14,9,2,2,397,15.11%,4,Thursday,12,Weekday,3,,,,,,
19/03/2026,FCHBLRTHA01,8,8,20,15,19,13,9,11,6,5,11,4,7,3,2,6,4,0,151,13.25%,4,Thursday,12,Weekday,3,,,,,,
19/03/2026,FCHBLRBHO01,5,32,35,23,20,21,20,13,11,9,13,15,16,9,10,10,3,3,268,13.06%,4,Thursday,12,Weekday,3,,,,,,
19/03/2026,FCHBLRSJR01,17,46,76,73,48,54,48,32,27,25,23,27,37,28,29,15,7,5,617,12.32%,4,Thursday,12,Weekday,3,,,,,,
19/03/2026,FCHBLRAECS01,3,18,30,34,33,18,22,13,8,10,21,20,12,16,16,7,9,3,293,11.60%,4,Thursday,12,Weekday,3,,,,,,
19/03/2026,FCHBLRHSAF01,10,20,23,43,27,24,9,17,19,13,14,12,16,17,11,12,5,0,292,14.73%,4,Thursday,12,Weekday,3,,,,,,
19/03/2026,FCHBLRVAR01,11,26,26,43,33,32,23,18,15,10,13,14,14,24,10,14,7,1,334,12.87%,4,Thursday,12,Weekday,3,,,,,,
19/03/2026,FCHBLRDOD01,6,22,39,32,36,18,18,14,8,11,18,24,12,17,12,5,5,1,298,13.09%,4,Thursday,12,Weekday,3,,,,,,
19/03/2026,FCHBLRELC01,7,19,30,27,24,18,16,14,16,6,11,14,12,11,8,8,5,2,248,12.10%,4,Thursday,12,Weekday,3,,,,,,
19/03/2026,FCHBLRHEB01,13,27,38,35,28,25,13,11,12,12,16,10,15,13,11,12,4,1,296,12.84%,4,Thursday,12,Weekday,3,,,,,,
18/03/2026,all,233,413,533,495,385,277,270,211,207,199,255,281,280,310,217,174,107,65,4912,10.85%,3,Wednesday,12,Weekday,3,,,,,,
18/03/2026,FCHBLRBEN01,12,27,34,43,27,17,18,15,11,11,21,19,13,20,15,8,8,5,324,13.27%,3,Wednesday,12,Weekday,3,,,,,,
18/03/2026,FCHBLRHAR01,17,27,32,27,28,13,15,8,14,9,17,15,18,22,17,14,9,2,304,10.53%,3,Wednesday,12,Weekday,3,,,,,,
18/03/2026,FCHBLRHOO01,26,28,52,37,31,15,26,12,16,14,25,19,16,21,16,12,3,5,374,13.90%,3,Wednesday,12,Weekday,3,,,,,,
18/03/2026,FCHBLRHSR01,17,27,44,41,29,25,21,12,10,12,13,21,14,33,16,12,15,6,368,11.96%,3,Wednesday,12,Weekday,3,,,,,,
18/03/2026,FCHBLRJPN01,24,38,41,44,31,26,21,17,32,17,20,30,17,30,22,7,7,2,426,10.33%,3,Wednesday,12,Weekday,3,,,,,,
18/03/2026,FCHBLRKOR01,23,40,37,45,28,21,30,19,17,17,18,27,20,30,19,20,12,14,437,10.30%,3,Wednesday,12,Weekday,3,,,,,,
18/03/2026,FCHBLRWHF01,9,43,48,35,27,29,24,17,18,18,18,21,29,14,11,7,6,2,376,12.77%,3,Wednesday,12,Weekday,3,,,,,,
18/03/2026,FCHBLRTHA01,6,9,10,11,4,9,3,5,8,4,6,7,8,5,6,4,1,0,106,10.38%,3,Wednesday,12,Weekday,3,,,,,,
18/03/2026,FCHBLRAECS01,8,27,19,25,22,18,15,12,8,8,13,19,21,13,6,19,4,2,259,10.42%,3,Wednesday,12,Weekday,3,,,,,,
18/03/2026,FCHBLRDOD01,8,16,33,35,15,11,18,12,11,12,12,16,15,15,18,13,6,7,273,12.82%,3,Wednesday,12,Weekday,3,,,,,,
18/03/2026,FCHBLRHEB01,9,21,28,25,24,10,17,9,19,12,15,14,15,17,12,5,5,2,259,10.81%,3,Wednesday,12,Weekday,3,,,,,,
18/03/2026,FCHBLRHSAF01,10,22,24,25,22,14,9,15,1,8,16,13,15,11,8,10,4,0,227,11.01%,3,Wednesday,12,Weekday,3,,,,,,
18/03/2026,FCHBLRSJR01,22,43,58,47,44,32,21,34,18,28,29,27,35,41,19,20,8,8,534,10.86%,3,Wednesday,12,Weekday,3,,,,,,
18/03/2026,FCHBLRBHO01,15,20,24,18,19,12,12,6,11,7,13,11,13,11,12,10,12,3,229,10.48%,3,Wednesday,12,Weekday,3,,,,,,
18/03/2026,FCHBLRVAR01,15,14,28,20,23,12,10,8,7,13,12,14,17,13,7,9,3,6,231,12.12%,3,Wednesday,12,Weekday,3,,,,,,
18/03/2026,FCHBLRELC01,12,11,21,17,11,13,10,10,6,9,7,8,14,14,13,4,4,1,185,11.35%,3,Wednesday,12,Weekday,3,,,,,,
17/03/2026,all,211,442,568,452,427,285,254,217,193,208,259,328,322,284,262,189,114,45,5060,11.23%,2,Tuesday,12,Weekday,3,,,,,,
17/03/2026,FCHBLRBEN01,14,26,40,33,21,15,15,12,6,15,24,18,14,17,11,8,6,3,298,13.42%,2,Tuesday,12,Weekday,3,,,,,,
17/03/2026,FCHBLRHAR01,18,33,39,36,30,21,15,17,10,18,24,13,27,27,19,11,14,5,377,10.34%,2,Tuesday,12,Weekday,3,,,,,,
17/03/2026,FCHBLRHOO01,22,26,48,32,41,19,19,21,15,13,15,17,21,15,23,13,5,5,370,12.97%,2,Tuesday,12,Weekday,3,,,,,,
17/03/2026,FCHBLRHSR01,10,34,46,32,29,18,15,15,12,12,19,20,32,18,16,7,14,5,354,12.99%,2,Tuesday,12,Weekday,3,,,,,,
17/03/2026,FCHBLRJPN01,18,41,38,50,40,26,29,22,19,17,22,32,15,26,28,15,8,1,447,11.19%,2,Tuesday,12,Weekday,3,,,,,,
17/03/2026,FCHBLRKOR01,14,46,54,35,35,28,26,29,13,19,16,32,28,15,22,23,9,4,448,12.05%,2,Tuesday,12,Weekday,3,,,,,,
17/03/2026,FCHBLRWHF01,18,37,39,35,33,24,14,17,20,16,12,30,23,13,17,16,5,3,372,10.48%,2,Tuesday,12,Weekday,3,,,,,,
17/03/2026,FCHBLRTHA01,5,7,8,8,13,12,9,8,5,7,7,6,9,11,7,8,0,0,130,10.00%,2,Tuesday,12,Weekday,3,,,,,,
17/03/2026,FCHBLRHSAF01,9,18,24,19,26,14,23,6,12,12,18,14,20,17,14,10,2,0,258,10.08%,2,Tuesday,12,Weekday,3,,,,,,
17/03/2026,FCHBLRBHO01,11,25,39,17,16,8,12,7,13,7,12,23,10,9,12,18,10,2,251,15.54%,2,Tuesday,12,Weekday,3,,,,,,
17/03/2026,FCHBLRVAR01,10,19,27,24,21,17,10,9,7,7,20,19,12,19,13,12,5,3,254,10.63%,2,Tuesday,12,Weekday,3,,,,,,
17/03/2026,FCHBLRAECS01,6,23,28,21,17,16,7,7,17,8,19,15,20,19,12,13,8,1,257,10.89%,2,Tuesday,12,Weekday,3,,,,,,
17/03/2026,FCHBLRSJR01,31,46,64,53,48,26,26,15,18,22,22,40,33,37,27,14,14,5,541,11.83%,2,Tuesday,12,Weekday,3,,,,,,
17/03/2026,FCHBLRELC01,10,15,22,15,16,15,5,9,10,13,13,13,17,11,16,7,3,2,212,10.38%,2,Tuesday,12,Weekday,3,,,,,,
17/03/2026,FCHBLRDOD01,7,20,27,26,25,15,9,10,9,17,8,20,20,13,12,10,4,3,255,10.59%,2,Tuesday,12,Weekday,3,,,,,,
17/03/2026,FCHBLRHEB01,8,26,25,16,16,11,20,13,7,5,8,16,21,17,13,4,7,3,236,11.02%,2,Tuesday,12,Weekday,3,,,,,,
16/03/2026,all,228,431,532,524,436,330,263,212,185,193,285,332,379,356,274,227,107,49,5343,9.96%,1,Monday,12,Weekday,3,,,,,,
16/03/2026,FCHBLRBEN01,11,20,43,44,30,22,23,11,8,9,21,24,14,21,13,13,5,3,335,13.13%,1,Monday,12,Weekday,3,,,,,,
16/03/2026,FCHBLRHAR01,26,36,39,37,27,18,19,11,15,12,25,13,27,18,16,20,12,5,376,10.37%,1,Monday,12,Weekday,3,,,,,,
16/03/2026,FCHBLRHOO01,23,45,40,46,36,24,10,20,8,11,22,24,30,30,19,15,4,2,409,11.25%,1,Monday,12,Weekday,3,,,,,,
16/03/2026,FCHBLRHSR01,13,22,34,44,30,20,14,11,12,19,12,25,29,26,19,17,5,6,358,12.29%,1,Monday,12,Weekday,3,,,,,,
16/03/2026,FCHBLRJPN01,23,40,42,44,42,37,18,19,22,17,24,22,33,46,23,14,2,3,471,9.77%,1,Monday,12,Weekday,3,,,,,,
16/03/2026,FCHBLRKOR01,22,38,49,60,40,33,29,27,25,14,29,30,26,24,28,23,16,7,520,11.54%,1,Monday,12,Weekday,3,,,,,,
16/03/2026,FCHBLRWHF01,20,39,43,39,35,33,22,10,12,14,21,29,34,26,24,20,7,3,431,9.98%,1,Monday,12,Weekday,3,,,,,,
16/03/2026,FCHBLRTHA01,3,14,15,8,11,8,4,6,5,4,7,15,8,9,7,3,6,1,134,11.19%,1,Monday,12,Weekday,3,,,,,,
16/03/2026,FCHBLRBHO01,9,26,27,25,14,17,16,10,9,12,22,13,13,13,17,13,6,3,265,10.19%,1,Monday,12,Weekday,3,,,,,,
16/03/2026,FCHBLRAECS01,5,24,21,20,25,13,9,9,10,11,12,14,26,28,20,19,7,3,276,10.14%,1,Monday,12,Weekday,3,,,,,,
16/03/2026,FCHBLRDOD01,3,17,28,26,28,26,19,5,10,9,13,24,23,23,7,11,6,3,281,9.96%,1,Monday,12,Weekday,3,,,,,,
16/03/2026,FCHBLRSJR01,22,46,57,45,46,19,35,25,18,21,23,42,48,31,29,25,6,7,545,10.46%,1,Monday,12,Weekday,3,,,,,,
16/03/2026,FCHBLRHSAF01,8,16,27,23,15,14,11,17,5,9,15,16,19,18,17,10,6,0,246,10.98%,1,Monday,12,Weekday,3,,,,,,
16/03/2026,FCHBLRHEB01,17,18,27,22,22,14,7,10,6,15,18,18,19,23,11,4,6,0,257,10.51%,1,Monday,12,Weekday,3,,,,,,
16/03/2026,FCHBLRELC01,9,18,23,11,18,13,17,5,11,5,11,11,19,9,13,9,6,2,210,10.95%,1,Monday,12,Weekday,3,,,,,,
16/03/2026,FCHBLRVAR01,14,12,17,30,17,19,10,16,9,11,10,12,11,11,11,11,7,1,229,13.10%,1,Monday,12,Weekday,3,,,,,,
15/03/2026,FCHBLRBHO01,5,20,27,40,31,28,37,20,11,13,18,17,26,28,20,9,4,1,355,11.27%,7,Sunday,11,Weekend,3,,,,,,
15/03/2026,FCHBLRAECS01,2,15,36,26,39,44,33,14,22,16,25,12,21,17,11,10,10,4,357,12.32%,7,Sunday,11,Weekend,3,,,,,,
15/03/2026,all,87,294,631,668,690,592,527,396,289,276,328,333,375,369,299,218,126,49,6547,10.54%,7,Sunday,11,Weekend,3,,,,,,
15/03/2026,FCHBLRBEN01,5,19,36,53,41,43,42,21,18,12,19,24,24,27,19,13,11,4,431,12.30%,7,Sunday,11,Weekend,3,,,,,,
15/03/2026,FCHBLRHAR01,5,21,40,50,58,36,33,31,20,15,23,18,23,22,24,10,13,3,445,13.03%,7,Sunday,11,Weekend,3,,,,,,
15/03/2026,FCHBLRHOO01,7,17,43,68,58,52,33,30,17,31,26,27,25,22,18,15,2,3,494,13.77%,7,Sunday,11,Weekend,3,,,,,,
15/03/2026,FCHBLRHSR01,4,18,30,38,37,37,44,33,28,22,14,33,28,26,15,21,13,4,445,9.89%,7,Sunday,11,Weekend,3,,,,,,
15/03/2026,FCHBLRJPN01,9,29,60,66,64,50,43,35,19,22,28,28,40,36,25,19,6,3,582,11.34%,7,Sunday,11,Weekend,3,,,,,,
15/03/2026,FCHBLRKOR01,8,22,41,43,54,44,38,47,23,27,20,40,33,35,23,21,20,6,545,9.91%,7,Sunday,11,Weekend,3,,,,,,
15/03/2026,FCHBLRTHA01,1,9,17,7,15,18,11,5,14,6,7,9,9,10,10,7,1,4,160,11.25%,7,Sunday,11,Weekend,3,,,,,,
15/03/2026,FCHBLRWHF01,8,22,55,48,38,46,39,21,27,14,25,25,37,24,26,11,9,4,479,11.48%,7,Sunday,11,Weekend,3,,,,,,
15/03/2026,FCHBLRELC01,4,12,33,33,38,29,19,10,8,13,15,13,13,17,13,13,4,2,289,13.15%,7,Sunday,11,Weekend,3,,,,,,
15/03/2026,FCHBLRSJR01,5,24,77,66,67,66,48,48,30,32,39,30,35,33,33,23,12,3,671,11.48%,7,Sunday,11,Weekend,3,,,,,,
15/03/2026,FCHBLRDOD01,7,13,33,33,44,21,30,20,13,12,20,16,13,26,18,11,8,4,342,12.87%,7,Sunday,11,Weekend,3,,,,,,
15/03/2026,FCHBLRHSAF01,6,17,38,26,39,22,25,20,9,9,18,17,20,17,14,14,5,0,316,12.34%,7,Sunday,11,Weekend,3,,,,,,
15/03/2026,FCHBLRVAR01,2,16,34,39,41,29,30,21,17,19,12,16,10,18,14,10,4,3,335,12.24%,7,Sunday,11,Weekend,3,,,,,,
15/03/2026,FCHBLRHEB01,9,20,31,32,26,27,22,20,13,13,19,8,18,11,16,11,4,1,301,10.63%,7,Sunday,11,Weekend,3,,,,,,
14/03/2026,FCHBLRBHO01,4,23,35,44,45,22,23,21,22,12,19,30,18,20,12,5,4,1,360,12.50%,6,Saturday,11,Weekend,3,,,,,,
14/03/2026,FCHBLRSJR01,17,60,92,88,86,57,69,47,39,38,38,31,45,27,29,26,4,5,798,11.53%,6,Saturday,11,Weekend,3,,,,,,
14/03/2026,FCHBLRAECS01,7,21,44,42,38,42,24,38,19,12,21,25,21,13,15,13,5,5,405,10.86%,6,Saturday,11,Weekend,3,,,,,,
14/03/2026,FCHBLRTHA01,4,16,29,22,18,21,11,9,15,3,9,9,7,10,4,2,2,0,191,15.18%,6,Saturday,11,Weekend,3,,,,,,
14/03/2026,FCHBLRELC01,7,24,35,26,39,22,25,22,12,10,13,20,21,14,9,8,2,1,310,12.58%,6,Saturday,11,Weekend,3,,,,,,
14/03/2026,FCHBLRHSAF01,9,29,51,33,22,25,24,24,19,16,12,16,19,19,12,11,2,0,343,14.87%,6,Saturday,11,Weekend,3,,,,,,
14/03/2026,FCHBLRVAR01,8,30,49,41,30,25,29,25,18,7,24,21,14,16,13,9,7,4,370,13.24%,6,Saturday,11,Weekend,3,,,,,,
14/03/2026,FCHBLRHEB01,2,34,62,53,33,31,20,14,16,10,15,13,20,19,14,5,4,2,367,16.89%,6,Saturday,11,Weekend,3,,,,,,
14/03/2026,all,143,547,872,795,702,557,511,480,343,269,358,356,400,325,254,166,84,45,7207,12.10%,6,Saturday,11,Weekend,3,,,,,,
14/03/2026,FCHBLRBEN01,8,33,53,48,45,30,36,30,18,17,34,19,27,19,15,8,3,1,444,11.94%,6,Saturday,11,Weekend,3,,,,,,
14/03/2026,FCHBLRDOD01,7,30,43,36,40,32,23,21,19,11,13,18,17,22,12,7,6,2,359,11.98%,6,Saturday,11,Weekend,3,,,,,,
14/03/2026,FCHBLRHAR01,9,42,46,54,38,38,37,25,26,21,29,21,26,28,17,15,6,4,482,11.20%,6,Saturday,11,Weekend,3,,,,,,
14/03/2026,FCHBLRHOO01,15,49,92,67,54,49,36,35,32,26,21,25,31,20,23,9,11,2,597,15.41%,6,Saturday,11,Weekend,3,,,,,,
14/03/2026,FCHBLRHSR01,7,28,32,43,37,34,33,32,24,15,15,22,24,28,12,17,5,5,413,10.41%,6,Saturday,11,Weekend,3,,,,,,
14/03/2026,FCHBLRJPN01,17,57,73,70,47,49,38,52,27,26,36,34,37,26,26,6,10,1,632,11.55%,6,Saturday,11,Weekend,3,,,,,,
14/03/2026,FCHBLRKOR01,13,31,66,69,68,38,49,39,22,27,32,30,33,23,19,18,7,7,591,11.68%,6,Saturday,11,Weekend,3,,,,,,
14/03/2026,FCHBLRWHF01,9,40,70,59,62,42,34,46,15,18,27,22,40,21,22,7,6,5,545,12.84%,6,Saturday,11,Weekend,3,,,,,,
13/03/2026,all,180,383,517,480,377,282,252,206,184,237,243,309,286,280,223,178,89,34,4740,10.91%,5,Friday,11,Weekday,3,,,,,,4000000.00%
13/03/2026,FCHBLRBEN01,11,18,42,28,23,21,17,21,15,8,17,17,27,17,14,14,3,1,314,13.38%,5,Friday,11,Weekday,3,,,,,,
13/03/2026,FCHBLRHAR01,15,32,41,30,23,21,7,10,11,21,16,18,23,16,18,14,7,2,325,12.62%,5,Friday,11,Weekday,3,,,,,,
13/03/2026,FCHBLRHOO01,17,40,43,32,24,20,14,8,12,24,17,26,23,31,11,7,6,5,360,11.94%,5,Friday,11,Weekday,3,,,,,,
13/03/2026,FCHBLRHSR01,10,24,28,32,26,17,16,9,11,15,5,41,25,23,19,12,7,3,323,12.69%,5,Friday,11,Weekday,3,,,,,,
13/03/2026,FCHBLRJPN01,20,27,45,43,34,24,20,25,16,13,24,22,15,28,15,8,4,3,386,11.66%,5,Friday,11,Weekday,3,,,,,,
13/03/2026,FCHBLRKOR01,18,44,46,38,36,36,31,20,19,23,32,28,20,16,16,17,8,4,452,10.18%,5,Friday,11,Weekday,3,,,,,,
13/03/2026,FCHBLRWHF01,12,26,35,42,17,14,25,23,10,21,25,22,15,23,17,24,6,2,359,11.70%,5,Friday,11,Weekday,3,,,,,,
13/03/2026,FCHBLRTHA01,4,6,11,17,10,10,5,5,5,11,4,7,6,7,7,2,2,1,120,14.17%,5,Friday,11,Weekday,3,,,,,,
13/03/2026,FCHBLRBHO01,9,25,22,26,21,12,7,12,9,8,14,11,19,17,12,7,4,2,237,10.97%,5,Friday,11,Weekday,3,,,,,,
13/03/2026,FCHBLRHSAF01,11,17,22,25,23,23,14,4,9,9,8,10,13,13,12,4,5,1,223,11.21%,5,Friday,11,Weekday,3,,,,,,
13/03/2026,FCHBLRAECS01,5,15,26,22,25,13,13,14,7,12,12,16,14,17,13,13,5,2,244,10.66%,5,Friday,11,Weekday,3,,,,,,
13/03/2026,FCHBLRVAR01,8,18,27,20,16,14,8,8,13,16,14,18,10,12,15,8,6,1,232,11.64%,5,Friday,11,Weekday,3,,,,,,
13/03/2026,FCHBLRELC01,10,9,17,21,18,11,13,7,4,8,12,17,17,9,9,13,6,0,201,10.45%,5,Friday,11,Weekday,3,,,,,,
13/03/2026,FCHBLRDOD01,4,24,38,25,24,8,20,9,9,13,11,19,15,10,11,8,3,0,251,15.14%,5,Friday,11,Weekday,3,,,,,,
13/03/2026,FCHBLRHEB01,8,19,27,21,20,14,11,13,10,10,11,11,14,16,12,9,4,3,233,11.59%,5,Friday,11,Weekday,3,,,,,,
13/03/2026,FCHBLRSJR01,18,39,47,58,37,24,31,18,24,25,21,26,30,25,22,18,11,4,478,12.13%,5,Friday,11,Weekday,3,,,,,,
12/03/2026,all,222,444,533,453,365,318,231,199,206,227,271,291,322,309,296,220,105,39,5051,10.55%,4,Thursday,11,Weekday,3,,,,,,
12/03/2026,FCHBLRBEN01,13,25,36,30,18,21,17,13,14,15,11,15,21,22,17,13,5,3,309,11.65%,4,Thursday,11,Weekday,3,,,,,,
12/03/2026,FCHBLRHAR01,21,29,39,15,30,17,13,11,7,10,19,11,21,17,23,16,9,3,311,12.54%,4,Thursday,11,Weekday,3,,,,,,
12/03/2026,FCHBLRHOO01,21,28,41,45,32,28,12,18,13,16,10,32,15,24,30,18,5,0,388,11.60%,4,Thursday,11,Weekday,3,,,,,,
12/03/2026,FCHBLRHSR01,7,20,39,35,25,26,18,12,11,15,13,23,22,20,20,16,6,4,332,11.75%,4,Thursday,11,Weekday,3,,,,,,
12/03/2026,FCHBLRJPN01,18,23,38,33,31,34,26,26,25,28,39,29,21,24,28,16,7,2,448,8.71%,4,Thursday,11,Weekday,3,,,,,,
12/03/2026,FCHBLRKOR01,22,52,47,37,27,28,21,23,24,26,25,22,27,20,19,29,18,6,473,10.99%,4,Thursday,11,Weekday,3,,,,,,
12/03/2026,FCHBLRWHF01,20,43,42,43,36,30,16,18,16,15,19,10,33,20,20,17,4,4,406,10.59%,4,Thursday,11,Weekday,3,,,,,,
12/03/2026,FCHBLRBHO01,8,27,24,30,22,13,13,4,9,11,11,20,19,26,11,8,3,1,260,11.54%,4,Thursday,11,Weekday,3,,,,,,
12/03/2026,FCHBLRTHA01,10,8,19,11,6,5,8,0,8,6,7,5,7,9,9,2,4,0,124,15.32%,4,Thursday,11,Weekday,3,,,,,,
12/03/2026,FCHBLRHSAF01,4,24,23,22,17,17,11,10,11,14,14,15,17,21,14,13,1,0,248,9.68%,4,Thursday,11,Weekday,3,,,,,,
12/03/2026,FCHBLRDOD01,15,23,28,25,27,10,9,11,12,17,20,12,12,15,17,13,8,3,277,10.11%,4,Thursday,11,Weekday,3,,,,,,
12/03/2026,FCHBLRHEB01,14,25,22,21,19,19,10,8,20,8,19,17,13,17,14,10,9,2,267,9.36%,4,Thursday,11,Weekday,3,,,,,,
12/03/2026,FCHBLRAECS01,7,27,28,19,17,15,15,8,6,10,10,17,20,17,11,12,6,3,248,11.29%,4,Thursday,11,Weekday,3,,,,,,
12/03/2026,FCHBLRELC01,14,11,23,16,12,16,7,6,11,6,9,20,24,10,12,10,5,2,214,11.21%,4,Thursday,11,Weekday,3,,,,,,
12/03/2026,FCHBLRSJR01,15,60,61,50,38,22,25,22,12,19,32,34,34,34,33,15,13,3,522,11.69%,4,Thursday,11,Weekday,3,,,,,,
12/03/2026,FCHBLRVAR01,13,19,23,21,8,17,10,9,7,11,13,9,16,13,18,12,2,3,224,10.27%,4,Thursday,11,Weekday,3,,,,,,
11/03/2026,FCHBLRTHA01,4,9,14,15,17,11,8,6,5,3,7,12,9,10,6,6,3,0,145,11.72%,3,Wednesday,11,Weekday,3,,,,,,
11/03/2026,all,220,458,581,487,380,318,261,206,189,194,291,328,341,335,265,177,119,42,5192,11.19%,3,Wednesday,11,Weekday,3,,,,,,
11/03/2026,FCHBLRBEN01,16,25,32,27,18,18,13,15,13,12,13,26,23,19,17,13,11,2,313,10.22%,3,Wednesday,11,Weekday,3,,,,,,
11/03/2026,FCHBLRHAR01,16,26,41,30,24,25,16,6,12,13,22,29,26,22,17,12,10,2,349,11.75%,3,Wednesday,11,Weekday,3,,,,,,
11/03/2026,FCHBLRHOO01,19,40,46,30,31,29,25,18,13,17,33,11,27,26,22,10,7,1,405,11.36%,3,Wednesday,11,Weekday,3,,,,,,
11/03/2026,FCHBLRHSR01,11,32,39,40,28,16,19,15,10,16,19,19,26,34,21,16,6,5,372,10.75%,3,Wednesday,11,Weekday,3,,,,,,
11/03/2026,FCHBLRJPN01,21,51,42,40,35,25,23,16,24,19,32,28,34,28,16,11,7,7,459,11.11%,3,Wednesday,11,Weekday,3,,,,,,
11/03/2026,FCHBLRKOR01,18,31,54,62,26,35,30,22,18,17,23,25,25,27,25,15,8,11,472,13.14%,3,Wednesday,11,Weekday,3,,,,,,
11/03/2026,FCHBLRWHF01,15,38,42,36,36,25,15,15,20,14,18,32,21,19,15,13,10,0,384,10.94%,3,Wednesday,11,Weekday,3,,,,,,
11/03/2026,FCHBLRHSAF01,14,26,31,19,20,14,16,22,4,7,12,7,16,17,24,8,7,0,264,11.74%,3,Wednesday,11,Weekday,3,,,,,,
11/03/2026,FCHBLRSJR01,29,60,68,55,33,27,33,14,17,16,32,34,30,43,28,23,16,1,559,12.16%,3,Wednesday,11,Weekday,3,,,,,,
11/03/2026,FCHBLRAECS01,12,21,30,15,18,22,17,10,7,7,20,20,22,15,18,3,8,5,270,11.11%,3,Wednesday,11,Weekday,3,,,,,,
11/03/2026,FCHBLRDOD01,8,22,35,27,21,15,10,12,9,13,15,16,22,15,12,9,5,6,272,12.87%,3,Wednesday,11,Weekday,3,,,,,,
11/03/2026,FCHBLRBHO01,8,22,33,27,15,6,7,8,7,15,12,20,11,19,11,4,8,1,234,14.10%,3,Wednesday,11,Weekday,3,,,,,,
11/03/2026,FCHBLRHEB01,11,25,25,20,23,20,12,12,10,9,13,19,14,17,14,8,0,0,252,9.92%,3,Wednesday,11,Weekday,3,,,,,,
11/03/2026,FCHBLRVAR01,12,13,31,24,17,13,8,5,11,9,10,16,22,13,12,10,9,1,236,13.14%,3,Wednesday,11,Weekday,3,,,,,,
11/03/2026,FCHBLRELC01,6,17,18,20,18,17,9,10,9,7,10,14,13,11,7,16,4,0,206,9.71%,3,Wednesday,11,Weekday,3,,,,,,
10/03/2026,FCHBLRTHA01,7,14,15,12,9,10,7,10,5,4,6,8,8,7,3,7,2,0,134,11.19%,2,Tuesday,11,Weekday,3,,,,,,
10/03/2026,all,207,490,525,476,380,296,247,216,177,185,243,308,313,311,285,207,124,31,5021,10.46%,2,Tuesday,11,Weekday,3,,,,,,
10/03/2026,FCHBLRBEN01,17,23,36,30,21,14,23,6,11,10,13,25,16,21,17,9,9,2,303,11.88%,2,Tuesday,11,Weekday,3,,,,,,
10/03/2026,FCHBLRHAR01,12,34,31,33,26,18,18,14,14,12,17,15,19,21,21,15,14,4,338,10.06%,2,Tuesday,11,Weekday,3,,,,,,
10/03/2026,FCHBLRHOO01,20,50,37,33,26,21,17,18,10,15,20,27,22,21,17,8,4,3,369,13.55%,2,Tuesday,11,Weekday,3,,,,,,
10/03/2026,FCHBLRHSR01,12,28,38,42,33,28,19,13,13,12,14,21,28,19,21,9,13,2,365,11.51%,2,Tuesday,11,Weekday,3,,,,,,
10/03/2026,FCHBLRJPN01,23,52,45,35,32,30,26,21,15,10,25,23,23,23,17,20,6,5,431,12.06%,2,Tuesday,11,Weekday,3,,,,,,
10/03/2026,FCHBLRKOR01,27,39,43,43,29,23,19,23,21,29,18,31,24,22,26,22,12,3,454,9.47%,2,Tuesday,11,Weekday,3,,,,,,
10/03/2026,FCHBLRWHF01,12,52,42,39,34,20,21,12,18,12,8,17,28,18,33,16,9,1,392,13.27%,2,Tuesday,11,Weekday,3,,,,,,
10/03/2026,FCHBLRDOD01,3,23,28,37,19,17,12,11,11,17,18,20,17,26,17,14,12,1,303,12.21%,2,Tuesday,11,Weekday,3,,,,,,
10/03/2026,FCHBLRAECS01,7,27,22,17,20,14,17,11,10,5,17,21,19,23,10,20,3,2,265,10.19%,2,Tuesday,11,Weekday,3,,,,,,
10/03/2026,FCHBLRSJR01,22,54,57,51,46,36,19,18,16,20,30,35,36,34,34,22,10,4,544,10.48%,2,Tuesday,11,Weekday,3,,,,,,
10/03/2026,FCHBLRBHO01,14,21,29,22,16,15,8,10,4,9,11,12,16,18,12,8,8,1,234,12.39%,2,Tuesday,11,Weekday,3,,,,,,
10/03/2026,FCHBLRHSAF01,10,16,28,23,22,10,12,12,7,11,10,7,13,19,10,9,5,0,224,12.50%,2,Tuesday,11,Weekday,3,,,,,,
10/03/2026,FCHBLRHEB01,7,17,31,14,17,13,8,10,8,8,19,18,19,17,20,12,5,1,244,12.70%,2,Tuesday,11,Weekday,3,,,,,,
10/03/2026,FCHBLRELC01,9,15,20,23,15,14,12,15,7,6,7,12,11,5,13,11,7,1,203,11.33%,2,Tuesday,11,Weekday,3,,,,,,
10/03/2026,FCHBLRVAR01,5,25,23,22,15,13,9,12,7,5,10,16,14,17,14,5,5,1,218,11.47%,2,Tuesday,11,Weekday,3,,,,,,
09/03/2026,all,180,348,515,462,376,282,245,197,200,204,274,308,334,355,320,210,55,111,4976,10.35%,1,Monday,11,Weekday,3,,,,,,
09/03/2026,FCHBLRBEN01,11,22,39,25,23,14,14,11,9,15,10,18,21,20,18,8,6,4,288,13.54%,1,Monday,11,Weekday,3,,,,,,
09/03/2026,FCHBLRHAR01,15,22,29,24,24,20,16,13,13,13,24,20,18,24,23,12,7,8,325,8.92%,1,Monday,11,Weekday,3,,,,,,
09/03/2026,FCHBLRHOO01,18,26,42,36,35,24,21,19,11,18,19,27,16,31,24,16,1,5,389,10.80%,1,Monday,11,Weekday,3,,,,,,
09/03/2026,FCHBLRHSR01,6,15,32,40,21,22,12,19,17,8,18,25,29,30,23,18,3,12,350,11.43%,1,Monday,11,Weekday,3,,,,,,
09/03/2026,FCHBLRJPN01,11,26,49,30,29,24,34,14,20,21,25,32,27,33,26,17,6,20,444,11.04%,1,Monday,11,Weekday,3,,,,,,
09/03/2026,FCHBLRKOR01,23,35,44,53,33,23,28,25,23,17,22,26,31,29,32,18,8,11,481,11.02%,1,Monday,11,Weekday,3,,,,,,
09/03/2026,FCHBLRTHA01,2,13,13,10,11,8,9,3,5,6,5,9,6,10,10,4,1,2,127,10.24%,1,Monday,11,Weekday,3,,,,,,
09/03/2026,FCHBLRWHF01,12,34,48,27,31,24,18,16,10,11,23,18,33,22,21,12,2,5,367,13.08%,1,Monday,11,Weekday,3,,,,,,
09/03/2026,FCHBLRHSAF01,9,11,22,28,24,19,16,7,9,8,21,15,15,20,18,12,2,3,259,10.81%,1,Monday,11,Weekday,3,,,,,,
09/03/2026,FCHBLRBHO01,6,23,23,23,20,9,17,7,15,9,12,13,13,16,12,12,5,3,238,9.66%,1,Monday,11,Weekday,3,,,,,,
09/03/2026,FCHBLRHEB01,11,18,27,24,11,18,15,9,9,11,12,17,23,19,14,5,2,8,253,10.67%,1,Monday,11,Weekday,3,,,,,,
09/03/2026,FCHBLRAECS01,5,18,24,23,11,15,5,11,12,11,17,11,20,22,20,14,2,6,247,9.72%,1,Monday,11,Weekday,3,,,,,,
09/03/2026,FCHBLRSJR01,24,43,54,55,53,25,16,21,24,18,31,32,29,30,30,32,6,9,532,10.34%,1,Monday,11,Weekday,3,,,,,,
09/03/2026,FCHBLRELC01,8,12,26,20,13,10,9,7,8,13,14,13,11,11,20,8,2,2,207,12.56%,1,Monday,11,Weekday,3,,,,,,
09/03/2026,FCHBLRDOD01,6,11,21,19,21,14,9,6,10,18,14,16,26,25,15,8,1,7,247,10.53%,1,Monday,11,Weekday,3,,,,,,
09/03/2026,FCHBLRVAR01,13,19,22,25,16,13,6,9,5,7,7,16,16,13,14,14,1,6,222,11.26%,1,Monday,11,Weekday,3,,,,,,
08/03/2026,FCHBLRDOD01,2,11,38,32,46,20,33,24,9,24,21,22,21,27,23,11,8,2,374,12.30%,7,Sunday,10,Weekend,3,,,,,,
08/03/2026,FCHBLRTHA01,0,6,20,25,18,17,12,13,13,4,10,14,12,10,7,1,7,0,189,13.23%,7,Sunday,10,Weekend,3,,,,,,
08/03/2026,FCHBLRBHO01,5,10,30,36,37,25,18,12,13,13,16,26,18,24,16,8,4,2,313,11.82%,7,Sunday,10,Weekend,3,,,,,,
08/03/2026,FCHBLRVAR01,2,15,34,36,44,30,34,24,19,10,17,27,25,20,18,11,6,1,373,11.80%,7,Sunday,10,Weekend,3,,,,,,
08/03/2026,FCHBLRELC01,2,17,31,32,29,23,15,12,10,17,17,19,21,18,17,9,12,2,303,10.56%,7,Sunday,10,Weekend,3,,,,,,
08/03/2026,FCHBLRAECS01,2,13,24,37,41,42,29,18,12,19,21,22,21,14,14,11,6,4,350,12.00%,7,Sunday,10,Weekend,3,,,,,,
08/03/2026,FCHBLRHSAF01,6,15,31,33,32,33,15,17,9,16,22,19,22,27,15,12,5,0,329,10.03%,7,Sunday,10,Weekend,3,,,,,,
08/03/2026,FCHBLRSJR01,6,47,63,89,60,57,48,33,32,41,37,51,36,44,28,19,10,4,705,12.62%,7,Sunday,10,Weekend,3,,,,,,
08/03/2026,FCHBLRHEB01,6,19,35,34,33,20,24,19,18,17,19,17,20,20,17,15,4,1,338,10.36%,7,Sunday,10,Weekend,3,,,,,,
08/03/2026,all,65,332,606,712,656,564,460,403,291,350,380,432,432,448,315,204,136,54,6840,10.41%,7,Sunday,10,Weekend,3,,,,,,
08/03/2026,FCHBLRBEN01,4,21,30,48,39,29,30,28,18,23,28,36,28,30,22,9,6,2,431,11.14%,7,Sunday,10,Weekend,3,,,,,,
08/03/2026,FCHBLRHAR01,6,30,46,65,41,53,27,26,18,19,21,23,38,33,24,9,8,3,490,13.27%,7,Sunday,10,Weekend,3,,,,,,
08/03/2026,FCHBLRHOO01,4,28,55,56,49,31,23,36,23,23,26,34,32,34,18,10,6,3,491,11.41%,7,Sunday,10,Weekend,3,,,,,,
08/03/2026,FCHBLRHSR01,2,13,33,31,37,46,36,32,23,22,23,27,19,39,24,23,13,5,448,10.27%,7,Sunday,10,Weekend,3,,,,,,
08/03/2026,FCHBLRJPN01,12,36,52,61,55,46,34,32,25,46,43,31,51,36,21,19,23,19,642,9.50%,7,Sunday,10,Weekend,3,,,,,,
08/03/2026,FCHBLRKOR01,4,29,35,54,49,44,43,38,31,22,33,36,31,38,28,20,12,4,551,9.80%,7,Sunday,10,Weekend,3,,,,,,
08/03/2026,FCHBLRWHF01,2,22,49,43,46,48,39,39,18,34,26,28,37,34,23,17,6,2,513,9.55%,7,Sunday,10,Weekend,3,,,,,,
07/03/2026,FCHBLRTHA01,9,26,31,22,33,25,18,18,10,5,8,10,10,11,13,3,3,2,257,12.84%,6,Saturday,10,Weekend,3,,,,,,
07/03/2026,FCHBLRDOD01,1,33,48,38,35,21,21,26,23,16,21,22,22,17,13,10,4,2,373,12.87%,6,Saturday,10,Weekend,3,,,,,,
07/03/2026,FCHBLRELC01,11,27,31,40,39,20,28,14,10,8,14,22,20,17,12,9,3,2,327,12.23%,6,Saturday,10,Weekend,3,,,,,,
07/03/2026,FCHBLRBHO01,6,32,41,36,25,28,18,19,15,20,23,21,17,17,8,7,3,3,339,12.09%,6,Saturday,10,Weekend,3,,,,,,
07/03/2026,FCHBLRSJR01,14,61,85,89,62,52,38,39,29,30,47,46,40,46,30,17,8,5,738,12.06%,6,Saturday,10,Weekend,3,,,,,,
07/03/2026,FCHBLRAECS01,3,17,46,31,35,36,23,28,17,17,16,16,23,10,18,8,7,3,354,12.99%,6,Saturday,10,Weekend,3,,,,,,
07/03/2026,FCHBLRHSAF01,10,24,31,36,26,17,15,35,15,11,18,18,19,17,13,17,9,0,331,10.88%,6,Saturday,10,Weekend,3,,,,,,
07/03/2026,FCHBLRVAR01,8,27,53,45,34,20,22,16,23,20,16,17,12,21,9,4,6,2,355,14.93%,6,Saturday,10,Weekend,3,,,,,,
07/03/2026,all,152,546,810,763,661,514,423,423,319,290,362,380,373,346,263,158,100,53,6936,11.68%,6,Saturday,10,Weekend,3,,,,,,
07/03/2026,FCHBLRBEN01,11,32,50,46,35,32,20,24,16,15,23,28,18,20,23,8,6,2,409,12.22%,6,Saturday,10,Weekend,3,,,,,,
07/03/2026,FCHBLRHAR01,10,36,60,62,63,31,27,21,20,20,19,30,33,15,17,11,5,3,483,13.04%,6,Saturday,10,Weekend,3,,,,,,
07/03/2026,FCHBLRHOO01,21,37,79,62,41,38,35,28,31,24,36,29,18,19,12,7,5,1,523,15.11%,6,Saturday,10,Weekend,3,,,,,,
07/03/2026,FCHBLRHSR01,4,35,39,36,48,41,30,28,19,20,26,22,22,22,16,12,13,9,442,10.86%,6,Saturday,10,Weekend,3,,,,,,
07/03/2026,FCHBLRJPN01,12,49,68,69,49,37,33,39,23,30,19,32,35,50,29,13,4,9,600,11.50%,6,Saturday,10,Weekend,3,,,,,,
07/03/2026,FCHBLRKOR01,12,46,62,54,48,40,41,41,34,23,27,30,28,33,23,11,9,7,569,10.90%,6,Saturday,10,Weekend,3,,,,,,
07/03/2026,FCHBLRWHF01,10,38,51,56,62,46,33,30,22,23,24,21,39,19,15,12,12,3,516,12.02%,6,Saturday,10,Weekend,3,,,,,,
07/03/2026,FCHBLRHEB01,10,26,35,41,26,30,21,17,12,8,25,16,17,12,12,9,3,0,320,12.81%,6,Saturday,10,Weekend,3,,,,,,
06/03/2026,all,191,385,480,472,353,309,229,216,173,181,247,319,260,295,255,180,100,39,4684,10.25%,5,Friday,10,Weekday,3,,,,,,
06/03/2026,FCHBLRBEN01,9,22,31,21,25,14,18,10,9,10,11,19,21,22,17,8,6,0,273,11.36%,5,Friday,10,Weekday,3,,,,,,
06/03/2026,FCHBLRHAR01,17,25,40,32,19,15,15,15,9,13,23,26,19,18,14,10,5,0,315,12.70%,5,Friday,10,Weekday,3,,,,,,
06/03/2026,FCHBLRHOO01,19,38,39,44,32,30,13,16,14,17,16,24,21,28,19,9,6,2,387,11.37%,5,Friday,10,Weekday,3,,,,,,
06/03/2026,FCHBLRHSR01,14,20,32,32,34,19,18,19,7,11,24,21,7,13,25,10,9,2,317,10.73%,5,Friday,10,Weekday,3,,,,,,
06/03/2026,FCHBLRJPN01,10,28,44,33,25,26,19,21,26,18,18,29,28,40,23,18,8,6,420,10.48%,5,Friday,10,Weekday,3,,,,,,
06/03/2026,FCHBLRKOR01,14,32,28,40,38,28,23,23,20,18,24,25,27,23,25,9,14,4,415,9.64%,5,Friday,10,Weekday,3,,,,,,
06/03/2026,FCHBLRWHF01,16,37,34,38,25,24,19,9,11,16,10,27,17,21,15,14,8,0,341,11.14%,5,Friday,10,Weekday,3,,,,,,
06/03/2026,FCHBLRHSAF01,5,24,30,20,24,14,13,18,10,4,14,18,10,12,15,10,8,1,250,12.00%,5,Friday,10,Weekday,3,,,,,,
06/03/2026,FCHBLRTHA01,5,8,9,11,9,8,7,1,5,5,6,5,2,9,5,6,3,0,104,10.58%,5,Friday,10,Weekday,3,,,,,,
06/03/2026,FCHBLRDOD01,8,23,27,26,18,20,14,11,10,13,10,18,16,16,14,12,4,5,265,10.19%,5,Friday,10,Weekday,3,,,,,,
06/03/2026,FCHBLRBHO01,5,18,26,25,17,12,7,7,11,10,14,18,8,13,9,15,6,2,223,11.66%,5,Friday,10,Weekday,3,,,,,,
06/03/2026,FCHBLRVAR01,9,24,25,28,12,16,8,10,12,11,10,17,12,12,9,6,6,2,229,12.23%,5,Friday,10,Weekday,3,,,,,,
06/03/2026,FCHBLRAECS01,8,19,14,23,13,12,15,11,2,8,17,17,23,11,14,12,3,4,226,10.18%,5,Friday,10,Weekday,3,,,,,,
06/03/2026,FCHBLRSJR01,25,35,61,56,33,39,20,23,11,12,27,30,30,37,34,24,9,9,515,11.84%,5,Friday,10,Weekday,3,,,,,,
06/03/2026,FCHBLRELC01,17,15,16,17,14,17,9,10,6,8,10,9,10,9,5,8,4,1,185,9.19%,5,Friday,10,Weekday,3,,,,,,
06/03/2026,FCHBLRHEB01,10,17,24,26,15,15,11,12,10,7,13,16,9,11,12,9,1,1,219,11.87%,5,Friday,10,Weekday,3,,,,,,
05/03/2026,all,211,377,526,498,345,319,259,205,138,198,259,297,327,289,248,231,99,44,4870,10.80%,4,Thursday,10,Weekday,3,,,,,,
05/03/2026,FCHBLRBEN01,16,23,39,19,21,25,18,12,4,8,17,18,33,14,19,16,8,0,310,12.58%,4,Thursday,10,Weekday,3,,,,,,
05/03/2026,FCHBLRHAR01,13,26,35,34,22,19,22,18,4,14,18,17,20,23,19,19,9,7,339,10.32%,4,Thursday,10,Weekday,3,,,,,,
05/03/2026,FCHBLRHOO01,22,26,46,38,29,18,20,14,13,10,22,24,25,16,15,17,6,4,365,12.60%,4,Thursday,10,Weekday,3,,,,,,
05/03/2026,FCHBLRHSR01,8,23,38,40,24,34,15,12,10,13,10,23,26,19,18,17,9,7,346,11.56%,4,Thursday,10,Weekday,3,,,,,,
05/03/2026,FCHBLRJPN01,19,33,36,53,30,25,25,18,16,18,25,28,34,32,19,17,5,4,437,12.13%,4,Thursday,10,Weekday,3,,,,,,
05/03/2026,FCHBLRKOR01,18,36,43,46,25,27,29,24,17,11,23,29,34,29,18,22,11,2,444,10.36%,4,Thursday,10,Weekday,3,,,,,,
05/03/2026,FCHBLRWHF01,19,30,34,29,29,21,16,11,10,17,23,19,25,20,15,11,4,4,337,10.09%,4,Thursday,10,Weekday,3,,,,,,
05/03/2026,FCHBLRTHA01,3,2,10,15,10,8,7,3,4,4,6,7,10,5,0,7,2,3,106,14.15%,4,Thursday,10,Weekday,3,,,,,,
05/03/2026,FCHBLRVAR01,11,12,33,23,18,11,19,13,7,13,12,11,10,12,18,20,4,2,249,13.25%,4,Thursday,10,Weekday,3,,,,,,
05/03/2026,FCHBLRAECS01,8,18,26,22,20,23,15,7,6,8,14,18,17,13,19,13,4,0,251,10.36%,4,Thursday,10,Weekday,3,,,,,,
05/03/2026,FCHBLRHSAF01,11,21,22,31,22,15,9,6,6,8,6,16,13,20,12,5,7,0,230,13.48%,4,Thursday,10,Weekday,3,,,,,,
05/03/2026,FCHBLRBHO01,9,21,33,23,18,18,6,10,6,12,13,9,16,11,9,12,6,1,233,14.16%,4,Thursday,10,Weekday,3,,,,,,
05/03/2026,FCHBLRDOD01,11,14,30,23,21,20,14,11,5,12,18,23,15,11,16,13,6,2,265,11.32%,4,Thursday,10,Weekday,3,,,,,,
05/03/2026,FCHBLRHEB01,9,30,22,18,12,18,10,18,12,16,17,9,11,20,8,8,5,1,244,12.30%,4,Thursday,10,Weekday,3,,,,,,
05/03/2026,FCHBLRELC01,10,13,19,23,14,11,14,6,7,8,7,17,9,11,19,11,4,0,203,11.33%,4,Thursday,10,Weekday,3,,,,,,
05/03/2026,FCHBLRSJR01,24,49,60,61,30,26,20,22,11,26,28,29,29,33,24,23,9,7,511,11.94%,4,Thursday,10,Weekday,3,,,,,,
04/03/2026,all,161,404,563,503,385,322,248,214,179,206,225,249,281,258,227,180,82,29,4716,11.94%,3,Wednesday,10,Weekday,3,,,,,,
04/03/2026,FCHBLRBEN01,6,32,39,28,18,33,19,15,10,12,21,9,16,13,15,7,4,1,298,13.09%,3,Wednesday,10,Weekday,3,,,,,,
04/03/2026,FCHBLRHAR01,16,34,35,45,30,16,11,12,10,16,13,18,17,11,11,9,9,1,314,14.33%,3,Wednesday,10,Weekday,3,,,,,,
04/03/2026,FCHBLRHOO01,21,28,38,49,29,25,20,16,10,12,20,18,26,22,15,16,4,3,372,13.17%,3,Wednesday,10,Weekday,3,,,,,,
04/03/2026,FCHBLRHSR01,4,22,34,30,30,24,16,7,14,19,14,18,22,15,19,17,5,7,317,10.73%,3,Wednesday,10,Weekday,3,,,,,,
04/03/2026,FCHBLRJPN01,11,30,45,24,37,37,34,14,18,14,24,27,25,29,21,18,4,2,414,10.87%,3,Wednesday,10,Weekday,3,,,,,,
04/03/2026,FCHBLRKOR01,20,34,47,37,35,28,26,14,26,25,11,16,21,24,17,11,15,3,410,11.46%,3,Wednesday,10,Weekday,3,,,,,,
04/03/2026,FCHBLRWHF01,8,38,39,45,22,25,9,15,17,15,14,16,20,26,10,13,4,1,337,13.35%,3,Wednesday,10,Weekday,3,,,,,,
04/03/2026,FCHBLRBHO01,16,18,28,30,13,12,5,12,10,8,14,14,15,17,10,13,4,3,242,12.40%,3,Wednesday,10,Weekday,3,,,,,,
04/03/2026,FCHBLRTHA01,1,12,13,11,12,6,6,0,4,0,8,7,7,6,5,2,1,0,101,12.87%,3,Wednesday,10,Weekday,3,,,,,,
04/03/2026,FCHBLRHSAF01,7,18,39,28,18,14,16,10,8,7,5,13,15,10,14,5,6,0,233,16.74%,3,Wednesday,10,Weekday,3,,,,,,
04/03/2026,FCHBLRSJR01,15,42,59,59,45,33,24,29,28,26,25,34,32,25,28,22,12,0,538,10.97%,3,Wednesday,10,Weekday,3,,,,,,
04/03/2026,FCHBLRVAR01,5,17,39,27,19,13,16,16,1,9,9,14,13,13,9,13,4,1,238,16.39%,3,Wednesday,10,Weekday,3,,,,,,
04/03/2026,FCHBLRDOD01,11,25,32,27,18,15,12,15,7,8,13,9,19,17,14,8,4,2,256,12.50%,3,Wednesday,10,Weekday,3,,,,,,
04/03/2026,FCHBLRAECS01,6,23,25,23,19,13,14,18,4,11,8,20,14,11,15,9,2,1,236,10.59%,3,Wednesday,10,Weekday,3,,,,,,
04/03/2026,FCHBLRHEB01,10,16,27,22,22,12,14,15,3,17,16,9,11,15,10,9,1,2,231,11.69%,3,Wednesday,10,Weekday,3,,,,,,
04/03/2026,FCHBLRELC01,4,15,24,18,18,16,6,6,9,7,10,7,8,4,14,8,3,2,179,13.41%,3,Wednesday,10,Weekday,3,,,,,,
03/03/2026,FCHBLRTHA01,2,7,15,9,8,5,3,6,3,7,9,10,11,13,9,5,2,2,126,11.90%,2,Tuesday,10,Weekday,3,,,,,,
03/03/2026,all,197,335,518,449,356,262,211,198,173,162,228,273,337,336,276,182,105,42,4640,11.16%,2,Tuesday,10,Weekday,3,,,,,,
03/03/2026,FCHBLRBEN01,15,18,32,28,18,13,12,14,7,6,15,19,15,29,13,12,4,2,272,11.76%,2,Tuesday,10,Weekday,3,,,,,,
03/03/2026,FCHBLRHAR01,19,19,37,15,21,18,18,9,14,12,13,12,33,29,17,17,7,3,313,11.82%,2,Tuesday,10,Weekday,3,,,,,,
03/03/2026,FCHBLRHOO01,20,34,41,45,25,22,13,11,18,12,26,19,18,17,8,12,6,5,352,12.78%,2,Tuesday,10,Weekday,3,,,,,,
03/03/2026,FCHBLRHSR01,16,22,29,25,30,19,15,19,12,12,10,21,25,22,27,14,10,1,329,9.12%,2,Tuesday,10,Weekday,3,,,,,,
03/03/2026,FCHBLRJPN01,16,30,42,49,25,25,22,24,10,19,21,23,30,33,16,9,7,2,403,12.16%,2,Tuesday,10,Weekday,3,,,,,,
03/03/2026,FCHBLRKOR01,8,23,53,39,36,29,22,18,16,14,13,19,32,26,33,18,14,1,414,12.80%,2,Tuesday,10,Weekday,3,,,,,,
03/03/2026,FCHBLRWHF01,15,26,36,31,29,20,18,16,19,15,21,14,28,21,24,9,3,4,349,10.32%,2,Tuesday,10,Weekday,3,,,,,,
03/03/2026,FCHBLRVAR01,8,16,32,14,27,10,19,7,9,10,12,11,16,20,14,9,7,2,243,13.17%,2,Tuesday,10,Weekday,3,,,,,,
03/03/2026,FCHBLRBHO01,6,21,19,23,34,11,8,11,7,6,11,12,16,18,13,7,3,1,227,14.98%,2,Tuesday,10,Weekday,3,,,,,,
03/03/2026,FCHBLRHSAF01,16,19,31,19,13,10,10,5,6,5,7,14,14,23,7,12,7,0,218,14.22%,2,Tuesday,10,Weekday,3,,,,,,
03/03/2026,FCHBLRAECS01,7,24,27,22,12,15,5,8,9,8,10,16,14,15,21,13,4,4,234,11.54%,2,Tuesday,10,Weekday,3,,,,,,
03/03/2026,FCHBLRELC01,7,11,18,25,14,11,10,7,5,6,10,13,12,13,14,5,9,2,192,13.02%,2,Tuesday,10,Weekday,3,,,,,,
03/03/2026,FCHBLRDOD01,10,16,31,25,18,12,11,9,5,5,14,16,23,10,13,10,7,6,241,12.86%,2,Tuesday,10,Weekday,3,,,,,,
03/03/2026,FCHBLRHEB01,12,16,18,19,19,9,6,9,12,10,7,17,22,17,21,2,2,2,220,10.00%,2,Tuesday,10,Weekday,3,,,,,,
03/03/2026,FCHBLRSJR01,20,33,57,61,27,33,19,25,21,15,29,37,28,30,26,28,13,5,507,12.03%,2,Tuesday,10,Weekday,3,,,,,,
02/03/2026,FCHBLRTHA01,5,8,17,14,11,10,4,5,1,4,5,7,4,14,5,3,2,0,119,14.29%,1,Monday,10,Weekday,3,,,,,,
02/03/2026,all,201,385,520,450,382,318,257,196,193,199,276,280,324,288,242,171,100,43,4825,10.78%,1,Monday,10,Weekday,3,,,,,,
02/03/2026,FCHBLRBEN01,6,20,29,34,19,11,14,9,12,12,14,8,14,23,19,13,9,3,269,12.64%,1,Monday,10,Weekday,3,,,,,,
02/03/2026,FCHBLRHAR01,12,25,33,36,23,24,21,9,16,18,19,17,22,18,16,18,12,3,342,10.53%,1,Monday,10,Weekday,3,,,,,,
02/03/2026,FCHBLRHOO01,17,29,36,40,34,29,22,14,12,19,27,27,29,21,20,12,10,5,403,9.93%,1,Monday,10,Weekday,3,,,,,,
02/03/2026,FCHBLRHSR01,13,29,40,28,34,23,17,16,15,9,16,20,18,23,18,8,4,4,335,11.94%,1,Monday,10,Weekday,3,,,,,,
02/03/2026,FCHBLRJPN01,15,49,37,35,38,22,24,21,19,14,29,17,37,25,11,5,5,3,406,12.07%,1,Monday,10,Weekday,3,,,,,,
02/03/2026,FCHBLRKOR01,14,23,62,28,27,25,15,18,24,17,19,27,28,32,29,16,13,2,419,14.80%,1,Monday,10,Weekday,3,,,,,,
02/03/2026,FCHBLRWHF01,14,26,47,35,34,33,20,12,17,22,13,22,24,22,18,11,4,3,377,12.47%,1,Monday,10,Weekday,3,,,,,,
02/03/2026,FCHBLRSJR01,28,44,59,47,41,34,26,24,25,21,32,32,40,23,28,25,8,8,545,10.83%,1,Monday,10,Weekday,3,,,,,,
02/03/2026,FCHBLRVAR01,8,19,25,20,16,22,16,10,11,11,13,21,19,12,15,2,3,4,247,10.12%,1,Monday,10,Weekday,3,,,,,,
02/03/2026,FCHBLRBHO01,14,22,26,23,16,16,13,15,6,7,10,15,15,7,7,10,7,2,231,11.26%,1,Monday,10,Weekday,3,,,,,,
02/03/2026,FCHBLRHEB01,8,25,26,23,20,12,18,15,7,7,18,11,17,17,12,10,3,0,249,10.44%,1,Monday,10,Weekday,3,,,,,,
02/03/2026,FCHBLRDOD01,12,19,22,28,30,15,13,6,13,9,18,12,18,10,14,9,4,4,256,11.72%,1,Monday,10,Weekday,3,,,,,,
02/03/2026,FCHBLRAECS01,10,16,31,17,12,15,17,9,7,12,16,15,13,15,15,10,6,0,236,13.14%,1,Monday,10,Weekday,3,,,,,,
02/03/2026,FCHBLRHSAF01,11,18,18,26,15,15,10,6,5,8,13,13,16,11,6,10,4,0,205,12.68%,1,Monday,10,Weekday,3,,,,,,
02/03/2026,FCHBLRELC01,14,13,12,16,12,12,7,7,3,9,14,16,10,15,9,9,6,2,186,8.60%,1,Monday,10,Weekday,3,,,,,,
01/03/2026,FCHBLRAECS01,1,14,39,38,38,25,18,28,18,12,18,17,24,27,22,17,5,0,361,10.80%,7,Sunday,9,Weekend,3,,,,,,
01/03/2026,FCHBLRELC01,3,12,41,21,30,24,15,18,17,19,12,20,22,21,19,6,5,0,305,13.44%,7,Sunday,9,Weekend,3,,,,,,
01/03/2026,FCHBLRTHA01,1,8,17,17,17,14,14,8,13,3,6,11,11,11,10,9,5,2,177,9.60%,7,Sunday,9,Weekend,3,,,,,,
01/03/2026,FCHBLRBHO01,4,9,31,22,37,25,21,20,15,19,14,19,24,20,12,9,8,2,311,11.90%,7,Sunday,9,Weekend,3,,,,,,
01/03/2026,FCHBLRDOD01,3,14,44,41,26,36,31,21,18,16,15,23,21,26,15,6,3,1,360,12.22%,7,Sunday,9,Weekend,3,,,,,,
01/03/2026,FCHBLRSJR01,6,28,60,68,68,56,59,49,32,19,29,38,58,51,40,29,15,3,708,9.60%,7,Sunday,9,Weekend,3,,,,,,
01/03/2026,FCHBLRHSAF01,6,9,35,44,31,23,30,17,12,16,18,17,26,17,13,11,3,0,328,13.41%,7,Sunday,9,Weekend,3,,,,,,
01/03/2026,FCHBLRVAR01,1,15,41,41,36,25,20,15,21,16,12,20,32,23,13,15,5,3,354,11.58%,7,Sunday,9,Weekend,3,,,,,,
01/03/2026,FCHBLRHEB01,5,14,35,42,35,30,25,11,8,12,13,14,25,24,17,14,2,1,327,12.84%,7,Sunday,9,Weekend,3,,,,,,
01/03/2026,all,66,248,631,688,634,564,492,385,306,262,286,369,488,442,339,224,99,51,6574,10.47%,7,Sunday,9,Weekend,3,,,,,,
01/03/2026,FCHBLRBEN01,2,17,23,36,30,41,36,26,17,18,10,22,37,23,24,16,7,5,390,10.51%,7,Sunday,9,Weekend,3,,,,,,
01/03/2026,FCHBLRHAR01,1,19,41,56,46,28,30,15,16,13,14,26,23,29,18,13,5,6,399,14.04%,7,Sunday,9,Weekend,3,,,,,,
01/03/2026,FCHBLRHOO01,9,20,57,66,46,40,47,32,18,9,28,34,33,35,20,14,7,5,520,12.69%,7,Sunday,9,Weekend,3,,,,,,
01/03/2026,FCHBLRHSR01,1,15,35,37,44,41,36,34,20,19,17,11,31,23,23,21,11,11,430,10.23%,7,Sunday,9,Weekend,3,,,,,,
01/03/2026,FCHBLRJPN01,12,24,54,55,51,65,44,32,27,20,23,36,48,41,28,17,1,1,579,11.23%,7,Sunday,9,Weekend,3,,,,,,
01/03/2026,FCHBLRKOR01,8,13,33,46,56,40,33,37,26,30,24,31,40,33,31,17,14,9,521,10.75%,7,Sunday,9,Weekend,3,,,,,,
01/03/2026,FCHBLRWHF01,3,17,45,58,43,51,33,22,28,21,33,30,33,38,34,10,3,2,504,11.51%,7,Sunday,9,Weekend,3,,,,,,
28/02/2026,FCHBLRTHA01,8,15,23,25,26,12,15,8,16,10,12,10,7,13,9,5,1,1,216,12.04%,6,Saturday,9,Weekend,2,,,,,,
28/02/2026,FCHBLRDOD01,5,28,34,48,38,28,23,20,18,20,24,17,21,12,11,6,7,4,364,13.19%,6,Saturday,9,Weekend,2,,,,,,
28/02/2026,FCHBLRHSAF01,5,20,37,49,40,27,25,26,17,16,13,10,15,11,16,6,4,0,337,14.54%,6,Saturday,9,Weekend,2,,,,,,
28/02/2026,FCHBLRSJR01,14,44,74,98,75,52,57,45,27,32,29,30,35,41,33,19,10,3,718,13.65%,6,Saturday,9,Weekend,2,,,,,,
28/02/2026,FCHBLRVAR01,10,23,43,50,43,28,15,32,15,13,17,16,15,19,11,14,3,1,368,13.59%,6,Saturday,9,Weekend,2,,,,,,
28/02/2026,FCHBLRBHO01,4,24,34,37,37,20,17,15,18,7,15,21,19,12,9,9,1,4,303,12.21%,6,Saturday,9,Weekend,2,,,,,,
28/02/2026,FCHBLRAECS01,2,20,37,35,41,35,26,13,21,19,19,16,21,16,11,8,1,2,343,11.95%,6,Saturday,9,Weekend,2,,,,,,
28/02/2026,FCHBLRHEB01,12,36,43,41,36,30,33,19,12,16,16,12,7,23,13,6,2,1,358,12.01%,6,Saturday,9,Weekend,2,,,,,,
28/02/2026,FCHBLRELC01,4,12,31,24,31,26,20,14,16,15,11,17,18,11,6,8,5,1,270,11.48%,6,Saturday,9,Weekend,2,,,,,,
28/02/2026,all,140,434,703,834,678,533,461,390,309,307,332,327,359,319,243,169,75,48,6661,12.52%,6,Saturday,9,Weekend,2,,,,,,
28/02/2026,FCHBLRBEN01,17,17,46,51,25,37,32,19,15,14,29,17,26,19,14,13,5,3,399,12.78%,6,Saturday,9,Weekend,2,,,,,,
28/02/2026,FCHBLRHAR01,5,28,38,57,46,36,26,26,20,20,12,24,26,21,18,11,6,2,422,13.51%,6,Saturday,9,Weekend,2,,,,,,
28/02/2026,FCHBLRHOO01,17,38,55,66,65,42,26,27,25,26,27,26,32,25,23,17,3,3,543,12.15%,6,Saturday,9,Weekend,2,,,,,,
28/02/2026,FCHBLRHSR01,6,27,50,55,49,34,29,29,19,17,24,28,20,22,21,8,8,6,452,12.17%,6,Saturday,9,Weekend,2,,,,,,
28/02/2026,FCHBLRJPN01,11,34,56,74,51,38,53,35,24,25,27,30,42,26,11,6,9,7,559,13.24%,6,Saturday,9,Weekend,2,,,,,,
28/02/2026,FCHBLRKOR01,9,34,39,67,42,54,43,26,24,36,28,27,28,20,20,15,4,9,525,12.76%,6,Saturday,9,Weekend,2,,,,,,
28/02/2026,FCHBLRWHF01,11,34,63,57,33,34,21,36,22,21,29,26,27,28,17,16,6,1,482,13.07%,6,Saturday,9,Weekend,2,,,,,,
27/02/2026,FCHBLRVAR01,14,23,31,30,17,15,11,11,5,14,22,16,21,29,10,12,2,6,289,10.73%,5,Friday,9,Weekday,2,,,,,,
27/02/2026,all,149,361,503,500,389,291,223,214,185,189,262,267,278,299,195,203,89,43,4640,10.84%,5,Friday,9,Weekday,2,,,,,,
27/02/2026,FCHBLRBEN01,9,23,38,24,20,16,14,15,14,15,12,11,13,17,16,12,3,0,272,13.97%,5,Friday,9,Weekday,2,,,,,,
27/02/2026,FCHBLRHAR01,10,23,35,36,18,12,13,12,10,10,22,19,20,17,13,21,5,5,301,11.96%,5,Friday,9,Weekday,2,,,,,,
27/02/2026,FCHBLRHOO01,9,25,56,43,35,30,19,20,18,11,17,26,17,17,16,19,11,5,394,14.21%,5,Friday,9,Weekday,2,,,,,,
27/02/2026,FCHBLRHSR01,8,22,28,44,31,14,9,20,16,17,12,21,20,14,10,18,8,1,313,14.06%,5,Friday,9,Weekday,2,,,,,,
27/02/2026,FCHBLRJPN01,14,30,35,31,36,25,24,19,13,19,21,14,26,25,17,17,6,2,374,9.63%,5,Friday,9,Weekday,2,,,,,,
27/02/2026,FCHBLRKOR01,11,30,40,55,28,24,27,15,20,16,17,15,23,30,20,13,12,11,407,13.51%,5,Friday,9,Weekday,2,,,,,,
27/02/2026,FCHBLRTHA01,2,4,11,12,10,9,1,5,3,4,3,6,3,8,4,5,2,0,92,13.04%,5,Friday,9,Weekday,2,,,,,,
27/02/2026,FCHBLRWHF01,9,26,36,34,29,24,14,12,20,15,23,26,27,18,13,5,5,2,338,10.65%,5,Friday,9,Weekday,2,,,,,,
27/02/2026,FCHBLRAECS01,5,26,23,28,21,14,10,6,9,9,19,13,12,16,9,17,6,2,245,11.43%,5,Friday,9,Weekday,2,,,,,,
27/02/2026,FCHBLRBHO01,8,22,22,18,10,20,11,14,9,9,15,13,10,13,5,10,6,5,220,10.00%,5,Friday,9,Weekday,2,,,,,,
27/02/2026,FCHBLRHSAF01,6,15,26,20,18,18,12,15,7,4,8,12,14,17,13,11,1,0,217,11.98%,5,Friday,9,Weekday,2,,,,,,
27/02/2026,FCHBLRSJR01,24,43,50,60,53,33,17,20,21,22,31,35,32,33,21,18,11,1,525,11.43%,5,Friday,9,Weekday,2,,,,,,
27/02/2026,FCHBLRDOD01,8,19,31,29,18,14,17,11,7,11,16,11,13,11,7,8,8,3,242,12.81%,5,Friday,9,Weekday,2,,,,,,
27/02/2026,FCHBLRHEB01,6,16,22,20,25,9,13,8,6,9,13,18,19,22,9,8,2,0,225,11.11%,5,Friday,9,Weekday,2,,,,,,
27/02/2026,FCHBLRELC01,6,14,19,16,20,14,11,11,7,4,11,11,8,12,12,9,1,0,186,10.75%,5,Friday,9,Weekday,2,,,,,,
26/02/2026,all,194,399,515,448,344,264,232,191,174,204,233,278,293,274,257,176,89,38,4603,11.19%,4,Thursday,9,Weekday,2,,,,,,
26/02/2026,FCHBLRBEN01,12,24,32,25,13,15,14,13,11,9,16,17,24,12,20,12,10,2,281,11.39%,4,Thursday,9,Weekday,2,,,,,,
26/02/2026,FCHBLRHAR01,18,27,28,25,19,14,12,19,14,13,16,11,17,21,17,16,4,3,294,9.52%,4,Thursday,9,Weekday,2,,,,,,
26/02/2026,FCHBLRHOO01,20,36,44,36,26,18,12,17,9,24,27,23,31,22,24,14,6,2,391,11.25%,4,Thursday,9,Weekday,2,,,,,,
26/02/2026,FCHBLRHSR01,12,24,34,30,36,22,10,14,13,9,15,19,19,21,18,13,9,7,325,11.08%,4,Thursday,9,Weekday,2,,,,,,
26/02/2026,FCHBLRJPN01,20,30,48,43,26,22,25,19,14,17,29,23,23,22,24,12,4,1,402,11.94%,4,Thursday,9,Weekday,2,,,,,,
26/02/2026,FCHBLRKOR01,11,29,46,33,33,25,16,11,10,22,11,26,19,22,19,13,11,8,365,12.60%,4,Thursday,9,Weekday,2,,,,,,
26/02/2026,FCHBLRTHA01,0,0,0,0,0,0,0,0,0,0,0,0,1,0,0,0,0,0,1,100.00%,4,Thursday,9,Weekday,2,,,,,,
26/02/2026,FCHBLRVAR01,11,16,31,28,20,15,16,11,8,6,9,8,15,15,15,16,5,3,248,12.50%,4,Thursday,9,Weekday,2,,,,,,
26/02/2026,FCHBLRWHF01,15,30,50,26,25,22,17,8,18,14,10,23,30,15,27,12,4,4,350,14.29%,4,Thursday,9,Weekday,2,,,,,,
26/02/2026,FCHBLRBHO01,11,27,25,26,12,15,18,7,7,12,11,13,12,15,13,4,5,2,235,11.49%,4,Thursday,9,Weekday,2,,,,,,
26/02/2026,FCHBLRHEB01,12,30,25,27,24,13,18,13,9,7,13,15,10,14,8,8,6,0,252,11.90%,4,Thursday,9,Weekday,2,,,,,,
26/02/2026,FCHBLRELC01,3,19,22,24,24,13,11,8,5,9,11,13,12,12,9,12,3,0,210,11.43%,4,Thursday,9,Weekday,2,,,,,,
26/02/2026,FCHBLRHSAF01,9,21,21,26,11,10,13,12,7,15,7,15,17,14,10,9,3,0,220,11.82%,4,Thursday,9,Weekday,2,,,,,,
26/02/2026,FCHBLRAECS01,8,18,14,33,18,18,14,10,14,11,14,16,14,16,12,7,1,1,239,13.81%,4,Thursday,9,Weekday,2,,,,,,
26/02/2026,FCHBLRSJR01,19,53,69,46,37,25,21,20,23,25,33,34,36,30,24,20,10,3,528,13.07%,4,Thursday,9,Weekday,2,,,,,,
26/02/2026,FCHBLRDOD01,13,15,26,20,20,17,15,9,12,11,11,22,13,17,17,8,8,2,256,10.16%,4,Thursday,9,Weekday,2,,,,,,
25/02/2026,FCHBLRSJR01,18,53,55,59,32,40,27,15,21,20,33,38,39,46,40,29,13,4,582,10.14%,3,Wednesday,9,Weekday,2,,,,,,
25/02/2026,FCHBLRHEB01,15,29,30,26,21,19,19,11,17,10,11,22,22,20,10,12,9,2,305,9.84%,3,Wednesday,9,Weekday,2,,,,,,
25/02/2026,FCHBLRHSAF01,10,24,21,24,19,13,13,7,14,12,12,16,17,15,19,8,3,0,247,9.72%,3,Wednesday,9,Weekday,2,,,,,,
25/02/2026,FCHBLRVAR01,8,24,27,24,16,12,21,18,6,13,11,14,10,13,14,12,8,2,253,10.67%,3,Wednesday,9,Weekday,2,,,,,,
25/02/2026,FCHBLRBHO01,13,17,24,20,14,17,15,5,5,16,14,16,16,14,12,15,6,1,240,10.00%,3,Wednesday,9,Weekday,2,,,,,,
25/02/2026,all,179,415,493,470,353,293,229,188,165,203,251,298,313,293,237,204,96,32,4712,10.46%,3,Wednesday,9,Weekday,2,,,,,,
25/02/2026,FCHBLRBEN01,5,21,21,24,28,15,17,3,11,2,23,16,10,19,13,12,3,3,246,11.38%,3,Wednesday,9,Weekday,2,,,,,,
25/02/2026,FCHBLRHAR01,14,29,41,38,12,18,10,18,9,14,13,25,29,20,13,13,7,2,325,12.62%,3,Wednesday,9,Weekday,2,,,,,,
25/02/2026,FCHBLRHOO01,17,36,46,37,34,21,18,13,15,22,19,26,19,19,17,14,5,3,381,12.07%,3,Wednesday,9,Weekday,2,,,,,,
25/02/2026,FCHBLRHSR01,13,26,30,36,35,31,13,18,8,14,21,23,23,18,18,10,7,0,344,10.47%,3,Wednesday,9,Weekday,2,,,,,,
25/02/2026,FCHBLRJPN01,17,31,33,42,27,25,18,17,16,15,16,20,31,24,12,12,4,1,361,11.63%,3,Wednesday,9,Weekday,2,,,,,,
25/02/2026,FCHBLRKOR01,8,35,56,37,46,23,18,11,14,18,25,25,26,28,10,16,11,3,410,13.66%,3,Wednesday,9,Weekday,2,,,,,,
25/02/2026,FCHBLRWHF01,15,29,42,39,20,23,16,17,10,20,17,27,26,19,14,19,1,2,356,11.80%,3,Wednesday,9,Weekday,2,,,,,,
25/02/2026,FCHBLRAECS01,9,23,30,22,18,12,8,12,9,8,16,15,15,9,17,13,9,4,249,12.05%,3,Wednesday,9,Weekday,2,,,,,,
25/02/2026,FCHBLRDOD01,10,24,22,28,20,12,11,13,5,12,13,11,18,15,21,7,6,2,250,11.20%,3,Wednesday,9,Weekday,2,,,,,,
25/02/2026,FCHBLRELC01,7,14,15,14,11,12,5,10,5,7,7,4,12,14,7,12,4,3,163,9.20%,3,Wednesday,9,Weekday,2,,,,,,
24/02/2026,FCHBLRHEB01,10,19,35,33,31,22,21,12,10,18,19,17,18,23,17,14,4,1,324,10.80%,2,Tuesday,9,Weekday,2,,,,,,
24/02/2026,FCHBLRVAR01,11,27,30,25,18,13,7,10,14,7,11,19,17,16,16,8,9,3,261,11.49%,2,Tuesday,9,Weekday,2,,,,,,
24/02/2026,all,169,376,516,429,343,282,222,187,168,185,267,298,306,335,273,204,111,34,4705,10.97%,2,Tuesday,9,Weekday,2,,,,,,
24/02/2026,FCHBLRBEN01,10,19,27,27,18,14,13,12,11,7,17,21,18,18,20,15,4,1,272,9.93%,2,Tuesday,9,Weekday,2,,,,,,
24/02/2026,FCHBLRHAR01,10,21,34,23,31,20,21,11,7,14,26,17,28,20,18,7,10,3,321,10.59%,2,Tuesday,9,Weekday,2,,,,,,
24/02/2026,FCHBLRHOO01,16,25,49,29,33,27,18,11,16,8,14,29,22,29,22,17,7,2,374,13.10%,2,Tuesday,9,Weekday,2,,,,,,
24/02/2026,FCHBLRHSR01,11,21,33,34,25,12,15,18,11,13,19,26,25,23,11,11,5,6,319,10.66%,2,Tuesday,9,Weekday,2,,,,,,
24/02/2026,FCHBLRJPN01,16,28,42,27,23,21,23,20,21,18,12,28,23,26,20,18,9,0,375,11.20%,2,Tuesday,9,Weekday,2,,,,,,
24/02/2026,FCHBLRKOR01,13,44,50,37,29,29,24,21,14,12,23,15,22,34,20,16,12,5,420,11.90%,2,Tuesday,9,Weekday,2,,,,,,
24/02/2026,FCHBLRWHF01,19,29,33,43,31,28,12,10,11,12,24,19,24,31,22,19,11,0,378,11.38%,2,Tuesday,9,Weekday,2,,,,,,
24/02/2026,FCHBLRDOD01,8,18,37,24,11,15,18,13,7,11,17,17,12,20,18,11,8,1,266,13.91%,2,Tuesday,9,Weekday,2,,,,,,
24/02/2026,FCHBLRELC01,9,14,18,10,15,15,12,8,10,8,15,13,16,21,10,14,7,2,217,9.68%,2,Tuesday,9,Weekday,2,,,,,,
24/02/2026,FCHBLRHSAF01,8,16,25,18,25,8,4,10,11,11,11,15,24,10,12,14,6,0,228,10.96%,2,Tuesday,9,Weekday,2,,,,,,
24/02/2026,FCHBLRBHO01,8,25,21,16,11,19,8,11,5,11,10,13,11,11,8,14,5,4,211,11.85%,2,Tuesday,9,Weekday,2,,,,,,
24/02/2026,FCHBLRSJR01,13,52,58,64,26,27,21,16,12,23,35,29,33,40,39,17,9,4,518,12.36%,2,Tuesday,9,Weekday,2,,,,,,
24/02/2026,FCHBLRAECS01,7,18,24,19,16,12,5,4,8,12,14,20,13,13,20,9,5,2,221,10.86%,2,Tuesday,9,Weekday,2,,,,,,
23/02/2026,FCHBLRHEB01,9,24,28,35,32,28,13,12,13,4,14,32,26,14,15,12,8,1,320,10.94%,1,Monday,9,Weekday,2,,,,,,
23/02/2026,FCHBLRSJR01,15,45,64,55,24,36,23,16,17,15,40,37,36,42,37,32,9,7,550,11.64%,1,Monday,9,Weekday,2,,,,,,
23/02/2026,FCHBLRHSAF01,7,16,23,29,13,24,19,11,10,12,14,10,14,15,13,10,6,0,246,11.79%,1,Monday,9,Weekday,2,,,,,,
23/02/2026,FCHBLRAECS01,4,14,24,29,19,14,16,5,7,8,11,17,23,22,23,10,5,6,257,11.28%,1,Monday,9,Weekday,2,,,,,,
23/02/2026,all,157,324,486,471,327,279,253,206,154,173,266,319,345,289,284,192,100,43,4668,10.41%,1,Monday,9,Weekday,2,,,,,,
23/02/2026,FCHBLRBEN01,12,17,33,23,15,18,9,12,6,12,17,29,17,20,11,12,6,1,270,12.22%,1,Monday,9,Weekday,2,,,,,,
23/02/2026,FCHBLRHAR01,4,32,27,20,25,11,11,10,11,10,14,18,20,16,28,15,8,5,285,11.23%,1,Monday,9,Weekday,2,,,,,,
23/02/2026,FCHBLRHOO01,15,22,41,35,34,21,19,14,12,17,16,20,23,21,20,14,8,5,357,11.48%,1,Monday,9,Weekday,2,,,,,,
23/02/2026,FCHBLRHSR01,18,19,27,34,26,16,17,19,17,11,26,24,28,29,23,13,11,5,363,9.37%,1,Monday,9,Weekday,2,,,,,,
23/02/2026,FCHBLRJPN01,16,29,31,33,30,22,30,23,13,12,19,27,30,23,22,16,4,0,380,8.68%,1,Monday,9,Weekday,2,,,,,,
23/02/2026,FCHBLRKOR01,8,24,43,46,40,22,27,23,10,20,23,28,38,20,22,16,10,6,426,10.80%,1,Monday,9,Weekday,2,,,,,,
23/02/2026,FCHBLRWHF01,13,26,39,39,22,19,23,17,14,15,18,23,26,12,23,7,9,4,349,11.17%,1,Monday,9,Weekday,2,,,,,,
23/02/2026,FCHBLRBHO01,8,21,36,17,14,15,8,9,7,6,17,12,14,15,8,7,5,0,219,16.44%,1,Monday,9,Weekday,2,,,,,,
23/02/2026,FCHBLRVAR01,13,10,23,25,17,9,12,14,5,11,10,13,13,12,17,11,7,1,223,11.21%,1,Monday,9,Weekday,2,,,,,,
23/02/2026,FCHBLRDOD01,10,12,26,32,8,16,17,12,8,7,11,16,24,11,12,14,2,2,240,13.33%,1,Monday,9,Weekday,2,,,,,,
23/02/2026,FCHBLRELC01,5,13,21,19,8,8,9,9,4,13,16,13,13,17,10,3,2,0,183,11.48%,1,Monday,9,Weekday,2,,,,,,
22/02/2026,FCHBLRVAR01,3,18,49,36,41,27,36,15,19,16,18,38,24,27,17,19,7,4,414,11.84%,7,Sunday,8,Weekend,2,,,,,,
22/02/2026,FCHBLRHEB01,2,23,58,44,43,30,40,18,19,10,18,28,19,24,14,13,3,0,406,14.29%,7,Sunday,8,Weekend,2,,,,,,
22/02/2026,FCHBLRSJR01,5,22,73,77,71,59,55,53,34,33,34,39,53,38,33,26,9,5,719,10.71%,7,Sunday,8,Weekend,2,,,,,,
22/02/2026,FCHBLRBHO01,1,13,35,20,28,27,24,16,12,17,17,18,14,14,15,13,6,2,292,11.99%,7,Sunday,8,Weekend,2,,,,,,
22/02/2026,FCHBLRDOD01,5,18,34,48,32,26,37,18,15,11,18,24,19,20,13,11,7,1,357,13.45%,7,Sunday,8,Weekend,2,,,,,,
22/02/2026,FCHBLRAECS01,2,18,42,35,21,22,26,16,10,12,13,21,17,24,19,10,5,2,315,13.33%,7,Sunday,8,Weekend,2,,,,,,
22/02/2026,FCHBLRELC01,2,8,35,26,28,23,31,15,16,4,9,13,16,16,13,12,3,1,271,12.92%,7,Sunday,8,Weekend,2,,,,,,
22/02/2026,FCHBLRHSAF01,4,12,41,38,25,26,23,14,7,15,17,20,28,11,15,4,6,0,306,13.40%,7,Sunday,8,Weekend,2,,,,,,
22/02/2026,all,55,286,649,670,570,501,497,324,274,228,275,408,401,369,290,205,103,37,6142,10.91%,7,Sunday,8,Weekend,2,,,,,,
22/02/2026,FCHBLRBEN01,6,13,26,43,37,39,31,20,20,21,17,29,20,23,14,14,7,2,382,11.26%,7,Sunday,8,Weekend,2,,,,,,
22/02/2026,FCHBLRHAR01,2,22,36,48,50,22,20,17,15,5,20,31,37,23,31,15,13,2,409,12.22%,7,Sunday,8,Weekend,2,,,,,,
22/02/2026,FCHBLRHOO01,4,37,51,62,42,46,29,22,21,16,24,28,24,24,23,15,8,5,481,12.89%,7,Sunday,8,Weekend,2,,,,,,
22/02/2026,FCHBLRHSR01,1,21,29,43,34,43,39,17,23,21,18,32,37,26,20,11,10,7,432,9.95%,7,Sunday,8,Weekend,2,,,,,,
22/02/2026,FCHBLRJPN01,9,26,62,55,42,40,30,32,21,19,19,41,31,35,21,18,3,3,507,12.23%,7,Sunday,8,Weekend,2,,,,,,
22/02/2026,FCHBLRKOR01,4,13,38,47,36,39,39,26,23,15,23,23,33,37,19,17,9,3,444,10.59%,7,Sunday,8,Weekend,2,,,,,,
22/02/2026,FCHBLRWHF01,5,22,40,48,40,32,37,25,19,13,10,23,29,27,23,7,7,0,407,11.79%,7,Sunday,8,Weekend,2,,,,,,
21/02/2026,FCHBLRVAR01,7,33,62,56,43,41,34,27,20,20,15,29,19,24,11,13,3,5,462,13.42%,6,Saturday,8,Weekend,2,,,,,,
21/02/2026,FCHBLRHEB01,17,48,69,68,49,30,25,25,29,14,21,23,19,17,11,8,4,0,477,14.47%,6,Saturday,8,Weekend,2,,,,,,
21/02/2026,FCHBLRSJR01,16,62,99,85,87,72,42,43,39,24,38,41,34,34,23,28,9,4,780,12.69%,6,Saturday,8,Weekend,2,,,,,,
21/02/2026,FCHBLRDOD01,6,19,59,44,36,37,24,20,22,13,11,20,15,17,14,11,2,0,370,15.95%,6,Saturday,8,Weekend,2,,,259000.00%,,,
21/02/2026,FCHBLRAECS01,8,30,33,55,39,24,18,20,12,13,17,17,14,16,19,14,1,1,351,15.67%,6,Saturday,8,Weekend,2,,,,,,
21/02/2026,FCHBLRBHO01,5,31,54,31,30,34,20,9,11,13,16,16,9,15,8,7,3,1,313,17.25%,6,Saturday,8,Weekend,2,,,355200.00%,,,
21/02/2026,FCHBLRELC01,6,17,46,44,24,19,26,16,13,10,14,16,18,10,11,8,1,2,301,15.28%,6,Saturday,8,Weekend,2,,,,,,
21/02/2026,FCHBLRHSAF01,5,15,46,39,38,33,18,15,22,13,12,11,16,9,17,11,5,0,325,14.15%,6,Saturday,8,Weekend,2,,,,,,
21/02/2026,all,120,467,883,817,665,573,429,338,294,247,293,320,313,290,251,189,64,36,6589,13.40%,6,Saturday,8,Weekend,2,,,,,,
21/02/2026,FCHBLRBEN01,8,16,39,36,39,39,32,21,15,16,17,18,18,20,17,8,6,2,367,10.63%,6,Saturday,8,Weekend,2,,,,,,
21/02/2026,FCHBLRHAR01,7,26,55,62,51,33,32,22,12,13,21,13,21,13,15,14,4,1,415,14.94%,6,Saturday,8,Weekend,2,,,,,,
21/02/2026,FCHBLRHOO01,11,43,81,76,57,49,35,20,16,20,21,22,29,25,22,12,3,2,544,14.89%,6,Saturday,8,Weekend,2,,,,,,
21/02/2026,FCHBLRHSR01,4,25,55,36,38,45,28,20,23,13,23,19,25,22,18,12,5,7,418,13.16%,6,Saturday,8,Weekend,2,,,,,,
21/02/2026,FCHBLRJPN01,8,38,66,56,51,44,31,26,18,16,21,18,22,19,26,14,8,2,484,13.64%,6,Saturday,8,Weekend,2,,,,,,
21/02/2026,FCHBLRKOR01,7,28,59,57,38,37,27,28,20,24,28,35,24,25,17,18,5,4,481,12.27%,6,Saturday,8,Weekend,2,,,,,,
21/02/2026,FCHBLRWHF01,5,36,60,72,45,36,37,26,22,25,18,22,30,24,22,11,5,5,501,14.37%,6,Saturday,8,Weekend,2,,,,,,
20/02/2026,FCHBLRHEB01,12,17,24,24,16,16,8,11,8,11,16,24,15,25,11,14,1,1,254,9.84%,5,Friday,8,Weekday,2,,,,,,
20/02/2026,all,156,344,434,382,278,232,201,187,123,170,192,267,251,255,214,133,76,32,3927,11.05%,5,Friday,8,Weekday,2,,,,,,
20/02/2026,FCHBLRBEN01,11,20,33,19,10,17,9,14,3,3,8,14,23,11,13,8,5,5,226,14.60%,5,Friday,8,Weekday,2,,,,,,
20/02/2026,FCHBLRHAR01,15,27,32,27,15,17,14,8,4,9,14,20,12,15,15,21,12,3,280,11.43%,5,Friday,8,Weekday,2,,,,,,
20/02/2026,FCHBLRHOO01,16,41,47,28,14,16,20,14,14,13,14,18,20,19,16,9,2,1,322,14.60%,5,Friday,8,Weekday,2,,,,,,
20/02/2026,FCHBLRHSR01,12,18,20,30,27,17,11,8,11,16,15,13,21,12,7,7,5,2,252,11.90%,5,Friday,8,Weekday,2,,,,,,
20/02/2026,FCHBLRJPN01,11,25,30,28,16,17,18,20,14,18,20,21,16,22,15,5,3,3,302,9.93%,5,Friday,8,Weekday,2,,,,,,
20/02/2026,FCHBLRKOR01,9,21,25,28,27,14,19,14,7,14,8,16,18,14,13,12,12,5,276,10.14%,5,Friday,8,Weekday,2,,,,,,
20/02/2026,FCHBLRWHF01,16,31,32,37,26,17,15,9,11,12,19,16,19,18,17,7,5,1,308,12.01%,5,Friday,8,Weekday,2,,,,,,
20/02/2026,FCHBLRDOD01,8,24,26,22,21,18,12,14,8,11,13,20,14,18,18,6,6,2,261,9.96%,5,Friday,8,Weekday,2,,,,,,
20/02/2026,FCHBLRHSAF01,4,11,30,22,17,14,11,7,8,9,10,20,16,15,13,6,2,0,215,13.95%,5,Friday,8,Weekday,2,,,,,,
20/02/2026,FCHBLRAECS01,2,15,16,21,18,9,8,12,7,9,14,16,15,13,15,7,3,0,200,10.50%,5,Friday,8,Weekday,2,,,,,,
20/02/2026,FCHBLRBHO01,5,16,19,19,11,11,9,10,4,8,10,15,11,13,8,4,3,3,179,10.61%,5,Friday,8,Weekday,2,,,,,,
20/02/2026,FCHBLRVAR01,8,14,28,19,20,10,11,13,5,12,8,11,13,15,6,5,6,3,207,13.53%,5,Friday,8,Weekday,2,,,,,,
20/02/2026,FCHBLRSJR01,17,51,53,47,32,28,29,24,15,20,18,29,23,36,33,18,8,3,484,10.95%,5,Friday,8,Weekday,2,,,,,,
20/02/2026,FCHBLRELC01,10,13,19,11,8,11,7,9,4,5,5,14,15,9,14,4,3,0,161,11.80%,5,Friday,8,Weekday,2,,,,,,
19/02/2026,FCHBLRHEB01,13,23,30,28,23,16,11,13,14,9,16,17,14,19,12,11,2,1,272,11.03%,4,Thursday,8,Weekday,2,,,,,,
19/02/2026,all,161,321,444,397,338,233,185,179,138,177,186,243,269,241,241,151,78,43,4025,11.03%,4,Thursday,8,Weekday,2,,,,,,
19/02/2026,FCHBLRBEN01,12,17,35,19,18,7,11,11,6,7,6,9,21,12,15,8,6,1,221,15.84%,4,Thursday,8,Weekday,2,,,,,,
19/02/2026,FCHBLRHAR01,15,26,34,27,21,18,10,20,4,15,18,10,24,20,20,10,8,2,302,11.26%,4,Thursday,8,Weekday,2,,,,,,
19/02/2026,FCHBLRHOO01,16,26,38,34,25,18,11,13,10,16,20,18,26,20,12,14,8,4,329,11.55%,4,Thursday,8,Weekday,2,,,,,,
19/02/2026,FCHBLRHSR01,10,24,24,30,30,17,16,11,8,8,11,13,21,18,16,14,8,4,283,10.60%,4,Thursday,8,Weekday,2,,,,,,
19/02/2026,FCHBLRJPN01,11,25,35,33,36,26,15,21,13,9,12,19,22,17,22,8,5,4,333,10.81%,4,Thursday,8,Weekday,2,,,,,,
19/02/2026,FCHBLRKOR01,10,17,37,25,24,16,21,13,12,18,13,22,14,23,25,13,2,3,308,12.01%,4,Thursday,8,Weekday,2,,,,,,
19/02/2026,FCHBLRWHF01,11,29,37,22,25,18,12,14,9,14,14,27,26,22,16,12,3,2,313,11.82%,4,Thursday,8,Weekday,2,,,,,,
19/02/2026,FCHBLRHSAF01,4,15,22,25,25,9,7,12,9,11,7,12,15,12,18,16,3,0,222,11.26%,4,Thursday,8,Weekday,2,,,,,,
19/02/2026,FCHBLRBHO01,9,22,27,20,22,12,11,4,7,11,8,13,10,12,9,9,4,3,213,12.68%,4,Thursday,8,Weekday,2,,,,,,
19/02/2026,FCHBLRAECS01,4,15,19,15,11,16,12,10,8,9,16,11,12,11,16,8,6,3,202,9.41%,4,Thursday,8,Weekday,2,,,,,,
19/02/2026,FCHBLRVAR01,14,18,21,18,12,9,11,6,12,12,7,17,9,8,11,6,7,4,202,10.40%,4,Thursday,8,Weekday,2,,,,,,
19/02/2026,FCHBLRELC01,13,12,14,18,17,7,10,5,3,7,4,10,9,11,12,1,6,3,162,11.11%,4,Thursday,8,Weekday,2,,,,,,
19/02/2026,FCHBLRSJR01,10,40,47,61,37,25,17,14,16,22,19,34,39,25,24,15,8,6,459,13.29%,4,Thursday,8,Weekday,2,,,,,,
19/02/2026,FCHBLRDOD01,9,12,24,22,12,19,10,12,7,9,15,11,7,11,13,6,2,3,204,11.76%,4,Thursday,8,Weekday,2,,,,,,
18/02/2026,all,183,306,443,356,279,221,180,148,122,158,213,257,261,258,218,163,88,26,3880,11.42%,3,Wednesday,8,Weekday,2,,,,,,
18/02/2026,FCHBLRBEN01,15,20,31,17,14,8,10,9,5,8,10,22,11,18,13,11,5,1,228,13.60%,3,Wednesday,8,Weekday,2,,,,,,
18/02/2026,FCHBLRHAR01,12,22,33,28,23,17,8,10,6,6,13,13,26,17,20,12,5,3,274,12.04%,3,Wednesday,8,Weekday,2,,,,,,
18/02/2026,FCHBLRHOO01,19,19,42,36,21,17,10,13,13,18,24,16,15,26,14,11,8,1,323,13.00%,3,Wednesday,8,Weekday,2,,,,,,
18/02/2026,FCHBLRHSR01,8,23,32,33,29,15,9,9,8,8,14,18,19,23,20,17,6,2,293,11.26%,3,Wednesday,8,Weekday,2,,,,,,
18/02/2026,FCHBLRJPN01,10,29,31,33,18,21,18,10,7,13,14,18,15,18,17,11,3,1,287,11.50%,3,Wednesday,8,Weekday,2,,,,,,
18/02/2026,FCHBLRKOR01,13,21,28,27,27,17,15,10,8,13,18,11,21,16,20,9,12,2,288,9.72%,3,Wednesday,8,Weekday,2,,,,,,
18/02/2026,FCHBLRWHF01,16,25,30,24,25,17,18,15,11,18,16,20,22,20,16,17,6,0,316,9.49%,3,Wednesday,8,Weekday,2,,,,,,
18/02/2026,FCHBLRHEB01,8,20,24,15,25,15,18,4,11,12,16,17,15,19,6,8,4,0,237,10.55%,3,Wednesday,8,Weekday,2,,,,,,
18/02/2026,FCHBLRVAR01,11,14,23,21,6,11,13,12,8,10,6,18,21,21,17,5,3,2,222,10.36%,3,Wednesday,8,Weekday,2,,,,,,
18/02/2026,FCHBLRAECS01,4,15,25,16,8,14,9,6,8,3,14,13,15,11,14,10,7,6,198,12.63%,3,Wednesday,8,Weekday,2,,,,,,
18/02/2026,FCHBLRBHO01,14,19,20,15,11,11,7,5,4,9,12,14,7,9,7,7,3,1,175,11.43%,3,Wednesday,8,Weekday,2,,,,,,
18/02/2026,FCHBLRDOD01,11,18,34,14,23,8,8,10,6,9,14,15,17,15,11,14,3,1,231,14.72%,3,Wednesday,8,Weekday,2,,,,,,
18/02/2026,FCHBLRELC01,7,14,16,14,13,10,9,4,5,6,8,15,9,11,16,8,5,2,172,9.30%,3,Wednesday,8,Weekday,2,,,,,,
18/02/2026,FCHBLRHSAF01,10,15,22,12,12,11,11,8,9,7,9,6,7,7,13,4,6,0,169,13.02%,3,Wednesday,8,Weekday,2,,,,,,
18/02/2026,FCHBLRSJR01,25,32,52,51,24,29,17,23,13,18,25,41,41,27,14,19,12,4,467,11.13%,3,Wednesday,8,Weekday,2,,,,,,
17/02/2026,all,152,340,435,384,306,220,175,139,139,147,193,254,255,264,200,180,90,27,3900,11.15%,2,Tuesday,8,Weekday,2,,,,,,
17/02/2026,FCHBLRBEN01,9,12,19,16,18,11,6,7,9,6,9,14,16,16,11,8,3,0,190,10.00%,2,Tuesday,8,Weekday,2,,,,,,
17/02/2026,FCHBLRHAR01,12,23,33,28,16,11,14,10,7,12,16,16,15,17,10,16,11,3,270,12.22%,2,Tuesday,8,Weekday,2,,,,,,
17/02/2026,FCHBLRHOO01,15,36,40,29,34,19,14,13,12,9,13,18,25,18,16,10,10,4,335,11.94%,2,Tuesday,8,Weekday,2,,,,,,
17/02/2026,FCHBLRHSR01,8,28,34,34,21,14,15,10,8,10,16,17,16,18,24,12,7,4,296,11.49%,2,Tuesday,8,Weekday,2,,,,,,
17/02/2026,FCHBLRJPN01,16,24,36,26,21,28,18,14,6,6,17,16,17,19,18,9,6,1,298,12.08%,2,Tuesday,8,Weekday,2,,,,,,
17/02/2026,FCHBLRKOR01,7,27,27,32,29,20,17,14,6,13,8,16,19,18,17,9,11,3,293,10.92%,2,Tuesday,8,Weekday,2,,,,,,
17/02/2026,FCHBLRWHF01,14,25,33,27,26,22,12,5,16,11,14,26,22,16,16,17,3,1,306,10.78%,2,Tuesday,8,Weekday,2,,,,,,
17/02/2026,FCHBLRHSAF01,10,15,20,27,17,11,11,8,13,10,9,12,16,13,7,12,2,0,213,12.68%,2,Tuesday,8,Weekday,2,,,,,,
17/02/2026,FCHBLRHEB01,8,23,21,23,20,12,11,6,7,11,12,14,10,19,13,18,8,0,236,9.75%,2,Tuesday,8,Weekday,2,,,,,,
17/02/2026,FCHBLRAECS01,5,19,28,7,20,13,10,3,4,15,14,15,17,14,12,13,5,2,216,12.96%,2,Tuesday,8,Weekday,2,,,,,,
17/02/2026,FCHBLRDOD01,5,18,20,29,18,20,14,14,3,15,16,10,11,16,7,10,5,1,232,12.50%,2,Tuesday,8,Weekday,2,,,,,,
17/02/2026,FCHBLRSJR01,14,51,59,61,34,19,19,20,17,14,22,40,38,37,21,21,8,3,498,12.25%,2,Tuesday,8,Weekday,2,,,,,,
17/02/2026,FCHBLRVAR01,15,14,29,14,11,11,4,7,12,4,9,12,14,17,10,11,5,2,201,14.43%,2,Tuesday,8,Weekday,2,,,,,,
17/02/2026,FCHBLRBHO01,10,14,17,14,10,4,5,5,12,10,12,16,8,9,9,7,3,2,167,10.18%,2,Tuesday,8,Weekday,2,,,,,,
17/02/2026,FCHBLRELC01,5,11,19,17,11,5,5,4,6,1,6,14,9,17,9,8,4,2,153,12.42%,2,Tuesday,8,Weekday,2,,,,,,
16/02/2026,all,134,287,438,383,280,233,189,147,147,166,214,277,293,263,253,156,89,24,3973,11.02%,1,Monday,8,Weekday,2,,,,,,
16/02/2026,FCHBLRBEN01,6,20,24,27,17,13,7,5,7,11,11,13,13,9,14,8,5,1,211,12.80%,1,Monday,8,Weekday,2,,,,,,
16/02/2026,FCHBLRHAR01,12,26,25,19,16,16,12,12,12,8,16,12,14,20,22,13,4,3,262,9.92%,1,Monday,8,Weekday,2,,,,,,
16/02/2026,FCHBLRHOO01,10,24,35,36,27,17,14,6,10,15,17,26,20,26,28,11,8,1,331,10.88%,1,Monday,8,Weekday,2,,,,,,
16/02/2026,FCHBLRHSR01,12,7,26,25,17,16,14,11,8,16,16,18,22,17,22,14,7,3,271,9.59%,1,Monday,8,Weekday,2,,,,,,
16/02/2026,FCHBLRJPN01,9,32,27,41,22,24,20,13,14,19,17,32,17,24,18,13,4,1,347,11.82%,1,Monday,8,Weekday,2,,,,,,
16/02/2026,FCHBLRKOR01,10,23,40,32,18,20,15,15,12,10,13,17,23,19,21,14,8,2,312,12.82%,1,Monday,8,Weekday,2,,,,,,
16/02/2026,FCHBLRWHF01,15,16,38,32,23,18,12,15,10,14,11,27,26,20,23,12,3,2,317,11.99%,1,Monday,8,Weekday,2,,,,,,
16/02/2026,FCHBLRHEB01,10,13,31,20,19,13,10,13,6,10,15,20,14,17,14,12,2,1,240,12.92%,1,Monday,8,Weekday,2,,,,,,
16/02/2026,FCHBLRBHO01,7,21,20,19,7,9,5,6,6,7,14,14,24,19,12,7,10,2,209,11.48%,1,Monday,8,Weekday,2,,,,,,
16/02/2026,FCHBLRHSAF01,4,19,16,22,14,11,11,3,13,6,9,9,18,15,13,8,6,0,197,11.17%,1,Monday,8,Weekday,2,,,,,,
16/02/2026,FCHBLRAECS01,5,14,20,24,13,15,9,9,4,9,7,15,10,15,8,13,5,2,197,12.18%,1,Monday,8,Weekday,2,,,,,,
16/02/2026,FCHBLRVAR01,4,10,23,14,17,13,16,13,11,9,15,13,26,17,8,4,5,0,218,11.93%,1,Monday,8,Weekday,2,,,,,,
16/02/2026,FCHBLRDOD01,8,22,41,19,16,12,11,6,12,10,16,13,16,14,11,3,6,0,236,17.37%,1,Monday,8,Weekday,2,,,,,,
16/02/2026,FCHBLRELC01,8,8,18,15,15,7,8,5,5,7,9,15,12,5,13,3,1,1,155,11.61%,1,Monday,8,Weekday,2,,,,,,
16/02/2026,FCHBLRSJR01,14,32,54,38,39,29,25,15,17,15,28,33,38,26,26,21,13,5,468,11.54%,1,Monday,8,Weekday,2,,,,,,
15/02/2026,FCHBLRVAR01,3,15,32,49,35,51,25,28,22,24,14,35,29,33,26,8,5,5,439,11.62%,7,Sunday,7,Weekend,2,,,,,,
15/02/2026,FCHBLRAECS01,1,18,29,49,27,37,25,19,13,10,16,24,13,17,13,8,5,2,326,15.03%,7,Sunday,7,Weekend,2,,,,,,
15/02/2026,FCHBLRBHO01,2,12,33,24,37,25,16,16,7,8,11,14,17,14,16,15,3,2,272,13.60%,7,Sunday,7,Weekend,2,,,,,,
15/02/2026,FCHBLRDOD01,3,12,31,43,42,32,30,23,17,15,14,14,19,22,16,6,9,1,349,12.32%,7,Sunday,7,Weekend,2,,,,,,
15/02/2026,FCHBLRHEB01,3,14,42,55,29,41,17,20,14,17,14,14,25,14,10,16,3,0,348,15.80%,7,Sunday,7,Weekend,2,,,,,,
15/02/2026,FCHBLRHSAF01,4,15,35,35,35,26,25,15,8,9,14,16,23,16,17,11,7,0,311,11.25%,7,Sunday,7,Weekend,2,,,,,,
15/02/2026,FCHBLRELC01,6,12,31,26,35,23,17,15,8,11,10,13,15,11,12,11,6,2,264,13.26%,7,Sunday,7,Weekend,2,,,,,,
15/02/2026,FCHBLRSJR01,10,28,56,51,53,53,48,29,30,31,34,28,30,34,34,23,6,5,583,9.61%,7,Sunday,7,Weekend,2,,,,,,
15/02/2026,all,60,267,557,646,612,552,421,317,238,245,257,275,336,334,260,173,74,40,5664,11.41%,7,Sunday,7,Weekend,2,,,,,,
15/02/2026,FCHBLRBEN01,2,15,26,43,34,37,18,17,13,13,15,10,20,20,9,9,5,2,308,13.96%,7,Sunday,7,Weekend,2,,,,,,
15/02/2026,FCHBLRHAR01,3,22,36,42,46,36,39,14,12,18,15,18,19,26,19,17,4,5,391,11.76%,7,Sunday,7,Weekend,2,,,,,,
15/02/2026,FCHBLRHOO01,3,27,45,64,55,42,38,27,18,18,21,21,21,24,21,14,6,3,468,13.68%,7,Sunday,7,Weekend,2,,,,,,
15/02/2026,FCHBLRHSR01,5,16,30,35,38,29,27,18,14,10,19,18,32,24,11,10,4,4,344,11.05%,7,Sunday,7,Weekend,2,,,,,,
15/02/2026,FCHBLRJPN01,8,22,70,47,47,39,29,23,19,24,21,22,28,30,19,9,1,1,459,15.25%,7,Sunday,7,Weekend,2,,,,,,
15/02/2026,FCHBLRKOR01,4,17,24,32,46,33,30,30,23,23,17,11,21,26,11,9,8,6,371,12.40%,7,Sunday,7,Weekend,2,,,,,,
15/02/2026,FCHBLRWHF01,3,22,37,51,53,48,37,23,20,14,22,17,24,23,26,7,2,2,431,12.30%,7,Sunday,7,Weekend,2,,,,,,
14/02/2026,FCHBLRVAR01,8,19,26,35,33,25,27,25,19,13,33,24,35,37,30,13,8,3,413,8.96%,6,Saturday,7,Weekend,2,,,,,,
14/02/2026,FCHBLRHEB01,8,35,58,35,39,32,32,21,23,17,20,25,17,16,4,6,1,1,390,14.87%,6,Saturday,7,Weekend,2,,,,,,
14/02/2026,FCHBLRHSAF01,12,22,33,38,38,30,20,23,15,10,15,22,16,24,16,5,3,0,342,11.11%,6,Saturday,7,Weekend,2,,,,,,
14/02/2026,FCHBLRAECS01,2,14,44,36,33,23,22,14,17,14,19,6,15,14,15,9,3,3,303,14.52%,6,Saturday,7,Weekend,2,,,,,,
14/02/2026,FCHBLRBHO01,4,19,36,38,17,28,23,13,11,8,12,17,15,8,11,5,0,1,266,14.29%,6,Saturday,7,Weekend,2,,,,,,
14/02/2026,FCHBLRSJR01,17,39,66,70,64,49,46,47,33,18,23,32,33,31,24,18,14,6,630,11.11%,6,Saturday,7,Weekend,2,,,,,,
14/02/2026,FCHBLRDOD01,5,17,40,42,29,20,21,18,14,13,9,20,13,18,17,7,4,0,307,13.68%,6,Saturday,7,Weekend,2,,,,,,
14/02/2026,FCHBLRELC01,3,14,27,35,28,25,23,17,9,11,10,16,14,14,11,6,3,1,267,13.11%,6,Saturday,7,Weekend,2,,,,,,
14/02/2026,all,112,369,662,645,559,442,428,338,276,234,268,316,302,314,235,140,78,41,5759,11.50%,6,Saturday,7,Weekend,2,,,,,,
14/02/2026,FCHBLRBEN01,8,24,33,37,25,28,25,17,9,15,14,25,16,22,12,6,8,0,324,11.42%,6,Saturday,7,Weekend,2,,,,,,
14/02/2026,FCHBLRHAR01,8,19,55,37,37,30,30,21,22,13,19,25,15,25,15,10,9,6,396,13.89%,6,Saturday,7,Weekend,2,,,,,,
14/02/2026,FCHBLRHOO01,8,43,70,54,53,35,34,20,27,22,21,21,27,26,14,8,6,6,495,14.14%,6,Saturday,7,Weekend,2,,,,,,
14/02/2026,FCHBLRHSR01,6,16,32,45,29,24,31,23,17,17,12,12,17,18,18,13,5,4,339,13.27%,6,Saturday,7,Weekend,2,,,,,,
14/02/2026,FCHBLRJPN01,11,26,62,44,51,34,33,29,21,21,19,22,16,24,9,7,4,6,439,14.12%,6,Saturday,7,Weekend,2,,,,,,
14/02/2026,FCHBLRKOR01,7,29,46,38,31,28,23,24,20,22,22,21,24,24,13,15,4,2,393,11.70%,6,Saturday,7,Weekend,2,,,,,,
14/02/2026,FCHBLRWHF01,5,33,34,61,52,31,38,26,19,20,20,28,29,13,26,12,6,2,455,13.41%,6,Saturday,7,Weekend,2,,,,,,
13/02/2026,FCHBLRHEB01,15,18,31,33,17,20,13,10,11,6,9,17,12,13,14,5,1,2,247,13.36%,5,Friday,7,Weekday,2,,,,,,
13/02/2026,all,175,323,460,423,275,254,187,165,129,156,200,237,233,213,182,125,74,29,3840,11.98%,5,Friday,7,Weekday,2,,,,,,
13/02/2026,FCHBLRBEN01,8,19,22,16,10,16,12,10,6,6,6,14,15,10,13,9,5,2,199,11.06%,5,Friday,7,Weekday,2,,,,,,
13/02/2026,FCHBLRHAR01,11,29,37,27,16,15,11,14,8,12,15,10,18,19,13,7,6,2,270,13.70%,5,Friday,7,Weekday,2,,,,,,
13/02/2026,FCHBLRHOO01,14,34,30,36,23,22,15,19,11,18,20,27,22,18,14,12,8,5,348,10.34%,5,Friday,7,Weekday,2,,,,,,
13/02/2026,FCHBLRHSR01,8,20,25,21,23,12,10,13,7,8,13,14,11,15,15,14,4,0,233,10.73%,5,Friday,7,Weekday,2,,,,,,
13/02/2026,FCHBLRJPN01,17,26,39,36,16,29,17,12,8,11,9,17,18,21,13,6,3,1,299,13.04%,5,Friday,7,Weekday,2,,,,,,
13/02/2026,FCHBLRKOR01,8,13,34,33,23,21,11,10,12,10,12,15,18,20,12,13,8,2,275,12.36%,5,Friday,7,Weekday,2,,,,,,
13/02/2026,FCHBLRWHF01,17,23,45,29,21,14,26,18,8,17,18,12,23,11,17,6,6,3,314,14.33%,5,Friday,7,Weekday,2,,,,,,
13/02/2026,FCHBLRDOD01,9,24,33,33,22,15,9,9,9,15,13,16,11,11,10,8,1,2,250,13.20%,5,Friday,7,Weekday,2,,,,,,
13/02/2026,FCHBLRHSAF01,13,13,19,18,15,16,15,13,6,5,12,11,7,11,10,10,5,0,199,9.55%,5,Friday,7,Weekday,2,,,,,,
13/02/2026,FCHBLRBHO01,11,15,18,19,19,7,5,6,10,9,10,15,7,8,7,7,3,2,178,10.67%,5,Friday,7,Weekday,2,,,,,,
13/02/2026,FCHBLRAECS01,6,16,14,25,10,16,5,8,4,4,13,12,18,12,9,5,4,2,183,13.66%,5,Friday,7,Weekday,2,,,,,,
13/02/2026,FCHBLRVAR01,11,16,21,28,13,17,12,5,9,4,10,16,9,17,6,5,4,1,204,13.73%,5,Friday,7,Weekday,2,,,,,,
13/02/2026,FCHBLRSJR01,23,42,68,52,40,22,17,13,15,24,31,32,35,19,20,11,14,5,483,14.08%,5,Friday,7,Weekday,2,,,,,,
13/02/2026,FCHBLRELC01,4,15,24,17,7,12,9,5,5,7,9,9,9,8,9,7,2,0,158,15.19%,5,Friday,7,Weekday,2,,,,,,
12/02/2026,all,152,330,387,396,257,208,160,133,113,143,180,222,223,226,192,137,91,36,3586,11.04%,4,Thursday,7,Weekday,2,,,,,,
12/02/2026,FCHBLRBEN01,5,22,23,19,15,12,10,7,4,2,13,13,10,22,15,9,8,0,209,11.00%,4,Thursday,7,Weekday,2,,,,,,
12/02/2026,FCHBLRHAR01,9,23,25,23,12,10,12,10,6,9,6,7,14,21,18,9,6,1,221,11.31%,4,Thursday,7,Weekday,2,,,,,,
12/02/2026,FCHBLRHOO01,15,29,35,34,22,20,6,13,9,16,18,21,21,19,15,8,8,4,313,11.18%,4,Thursday,7,Weekday,2,,,,,,
12/02/2026,FCHBLRHSR01,7,18,17,32,9,11,14,9,6,6,15,19,24,22,14,10,8,4,245,13.06%,4,Thursday,7,Weekday,2,,,,,,
12/02/2026,FCHBLRJPN01,17,27,26,33,17,19,18,13,14,9,10,23,21,12,23,7,4,6,299,11.04%,4,Thursday,7,Weekday,2,,,,,,
12/02/2026,FCHBLRKOR01,8,28,34,45,27,16,18,7,12,16,8,11,8,15,13,12,11,5,294,15.31%,4,Thursday,7,Weekday,2,,,,,,
12/02/2026,FCHBLRWHF01,12,31,34,33,22,17,11,12,6,10,15,18,12,17,15,9,3,2,279,12.19%,4,Thursday,7,Weekday,2,,,,,,
12/02/2026,FCHBLRHEB01,12,28,24,25,22,12,5,8,5,10,11,16,12,10,9,10,4,3,226,12.39%,4,Thursday,7,Weekday,2,,,,,,
12/02/2026,FCHBLRDOD01,9,18,27,29,16,10,19,8,4,10,15,15,22,9,8,15,3,3,240,12.08%,4,Thursday,7,Weekday,2,,,,,,
12/02/2026,FCHBLRHSAF01,9,14,23,19,16,13,7,13,7,8,12,14,9,10,11,7,5,0,197,11.68%,4,Thursday,7,Weekday,2,,,,,,
12/02/2026,FCHBLRAECS01,8,9,21,15,13,13,6,4,6,8,14,16,13,12,10,5,3,1,177,11.86%,4,Thursday,7,Weekday,2,,,,,,
12/02/2026,FCHBLRBHO01,9,19,19,15,12,10,7,4,5,8,9,9,5,11,9,5,5,1,162,11.73%,4,Thursday,7,Weekday,2,,,,,,
12/02/2026,FCHBLRVAR01,8,11,23,18,20,11,9,3,5,6,9,7,11,8,4,5,4,2,164,14.02%,4,Thursday,7,Weekday,2,,,,,,
12/02/2026,FCHBLRELC01,6,8,15,14,9,8,8,6,3,6,2,9,9,11,7,4,5,2,132,11.36%,4,Thursday,7,Weekday,2,,,,,,
12/02/2026,FCHBLRSJR01,18,45,41,42,25,26,10,16,21,19,23,24,32,27,21,22,14,2,428,10.51%,4,Thursday,7,Weekday,2,,,,,,
11/02/2026,FCHBLRHEB01,8,22,28,23,16,11,12,13,6,13,6,16,16,22,13,9,4,3,241,11.62%,3,Wednesday,7,Weekday,2,,,,,,
11/02/2026,all,142,307,406,324,258,197,171,129,124,141,168,208,265,241,216,144,96,30,3567,11.38%,3,Wednesday,7,Weekday,2,,,,,,
11/02/2026,FCHBLRBEN01,3,12,20,13,19,13,9,9,8,7,12,11,12,18,13,9,4,2,194,10.31%,3,Wednesday,7,Weekday,2,,,,,,
11/02/2026,FCHBLRHAR01,21,31,29,20,23,16,13,7,5,7,10,9,25,13,16,10,8,3,266,11.65%,3,Wednesday,7,Weekday,2,,,,,,
11/02/2026,FCHBLRHOO01,13,30,30,27,22,20,7,9,12,11,25,17,24,22,13,9,12,1,304,9.87%,3,Wednesday,7,Weekday,2,,,,,,
11/02/2026,FCHBLRHSR01,2,18,25,15,19,16,15,4,6,4,10,17,21,16,18,18,7,2,233,10.73%,3,Wednesday,7,Weekday,2,,,,,,
11/02/2026,FCHBLRJPN01,16,28,32,26,17,16,14,14,6,7,10,10,31,18,18,8,4,3,278,11.51%,3,Wednesday,7,Weekday,2,,,,,,
11/02/2026,FCHBLRKOR01,9,21,26,30,23,6,14,13,10,13,9,19,7,22,18,6,6,5,257,11.67%,3,Wednesday,7,Weekday,2,,,,,,
11/02/2026,FCHBLRWHF01,11,24,33,31,23,21,10,12,10,7,12,22,23,19,8,7,4,0,277,11.91%,3,Wednesday,7,Weekday,2,,,,,,
11/02/2026,FCHBLRBHO01,6,17,28,15,10,11,9,5,5,7,11,10,14,10,13,12,6,2,191,14.66%,3,Wednesday,7,Weekday,2,,,,,,
11/02/2026,FCHBLRAECS01,7,10,21,14,9,5,10,7,9,8,10,11,14,14,15,11,12,2,189,11.11%,3,Wednesday,7,Weekday,2,,,,,,
11/02/2026,FCHBLRHSAF01,7,10,25,16,12,,13,4,7,11,9,8,7,10,18,4,0,0,161,15.53%,3,Wednesday,7,Weekday,2,,,,,,
11/02/2026,FCHBLRDOD01,7,20,27,26,10,13,13,7,6,11,9,12,14,8,18,8,3,2,214,12.62%,3,Wednesday,7,Weekday,2,,,,,,
11/02/2026,FCHBLRELC01,6,19,18,8,9,11,10,6,5,13,5,9,12,10,10,5,3,1,160,11.88%,3,Wednesday,7,Weekday,2,,,,,,
11/02/2026,FCHBLRVAR01,6,14,7,13,11,11,3,4,9,11,9,12,14,18,8,11,4,1,166,10.84%,3,Wednesday,7,Weekday,2,,,,,,
11/02/2026,FCHBLRSJR01,20,31,57,47,35,16,19,15,20,11,21,25,31,21,17,17,19,3,425,13.41%,3,Wednesday,7,Weekday,2,,,,,,
10/02/2026,all,128,296,398,340,285,196,177,155,105,156,177,221,203,228,203,164,81,32,3545,11.23%,2,Tuesday,7,Weekday,2,,,,,,
10/02/2026,FCHBLRBEN01,4,20,23,13,14,12,7,4,11,7,13,16,9,12,3,11,1,3,183,12.57%,2,Tuesday,7,Weekday,2,,,,,,
10/02/2026,FCHBLRHAR01,12,16,26,24,22,10,15,10,5,12,13,18,11,22,18,11,7,2,254,10.24%,2,Tuesday,7,Weekday,2,,,,,,
10/02/2026,FCHBLRHOO01,18,24,35,30,28,24,14,14,7,14,22,19,15,23,22,7,6,1,323,10.84%,2,Tuesday,7,Weekday,2,,,,,,
10/02/2026,FCHBLRHSR01,6,22,25,26,25,8,18,6,3,6,7,14,20,16,12,13,9,3,239,10.88%,2,Tuesday,7,Weekday,2,,,,,,
10/02/2026,FCHBLRJPN01,12,21,36,33,21,21,20,15,10,12,15,19,14,16,17,15,6,3,306,11.76%,2,Tuesday,7,Weekday,2,,,,,,
10/02/2026,FCHBLRKOR01,7,27,33,39,20,15,13,12,6,20,14,16,16,23,10,20,7,2,300,13.00%,2,Tuesday,7,Weekday,2,,,,,,
10/02/2026,FCHBLRWHF01,10,29,32,24,24,10,15,15,4,7,11,13,11,14,14,12,4,2,251,12.75%,2,Tuesday,7,Weekday,2,,,,,,
10/02/2026,FCHBLRHEB01,6,31,23,22,20,10,10,14,9,13,9,12,8,9,16,7,5,1,225,13.78%,2,Tuesday,7,Weekday,2,,,,,,
10/02/2026,FCHBLRHSAF01,8,14,16,14,10,15,11,11,6,9,8,9,14,13,12,12,3,0,185,8.65%,2,Tuesday,7,Weekday,2,,,,,,
10/02/2026,FCHBLRAECS01,4,9,20,10,11,12,8,4,4,7,13,13,12,12,7,11,4,3,164,12.20%,2,Tuesday,7,Weekday,2,,,,,,
10/02/2026,FCHBLRELC01,8,10,25,19,15,7,6,6,3,9,4,11,7,12,10,6,5,1,164,15.24%,2,Tuesday,7,Weekday,2,,,,,,
10/02/2026,FCHBLRBHO01,5,10,22,13,8,6,9,8,7,8,5,11,14,2,9,9,4,2,152,14.47%,2,Tuesday,7,Weekday,2,,,,,,
10/02/2026,FCHBLRVAR01,5,19,16,17,12,11,3,9,3,7,5,8,12,14,13,6,4,0,164,11.59%,2,Tuesday,7,Weekday,2,,,,,,755.56%
10/02/2026,FCHBLRSJR01,15,31,46,41,30,23,22,13,20,15,24,31,30,32,30,21,11,8,443,10.38%,2,Tuesday,7,Weekday,2,,,,,,
10/02/2026,FCHBLRDOD01,8,13,20,15,25,12,6,14,7,10,14,11,10,8,10,3,5,1,192,13.02%,2,Tuesday,7,Weekday,2,,,,,,
09/02/2026,FCHBLRHEB01,8,19,19,22,20,20,20,12,5,12,7,26,13,20,16,6,7,0,252,10.32%,1,Monday,7,Weekday,2,,,,,,
09/02/2026,all,119,300,406,376,273,200,185,148,136,161,192,246,236,241,217,157,75,26,3694,10.99%,1,Monday,7,Weekday,2,,,,,,
09/02/2026,FCHBLRBEN01,5,13,19,19,14,11,3,11,7,7,7,12,9,7,14,12,2,2,174,10.92%,1,Monday,7,Weekday,2,,,,,,
09/02/2026,FCHBLRHAR01,13,22,22,19,14,9,9,13,11,13,14,19,18,14,13,9,10,2,244,9.02%,1,Monday,7,Weekday,2,,,,,,
09/02/2026,FCHBLRHOO01,10,31,34,31,25,16,15,14,15,22,13,17,15,22,13,14,4,2,313,10.86%,1,Monday,7,Weekday,2,,,,,,
09/02/2026,FCHBLRHSR01,6,22,21,28,19,11,15,3,9,5,17,15,17,12,11,15,6,1,233,12.02%,1,Monday,7,Weekday,2,,,,,,
09/02/2026,FCHBLRJPN01,11,27,46,36,29,22,13,15,12,12,22,20,14,25,14,11,4,3,336,13.69%,1,Monday,7,Weekday,2,,,,,,
09/02/2026,FCHBLRKOR01,11,21,38,33,30,16,16,11,10,14,18,23,23,24,20,13,2,1,324,11.73%,1,Monday,7,Weekday,2,,,,,,
09/02/2026,FCHBLRWHF01,10,24,31,28,18,10,18,10,14,11,19,19,18,15,19,12,4,2,282,10.99%,1,Monday,7,Weekday,2,,,,,,
09/02/2026,FCHBLRAECS01,7,15,21,17,13,19,10,10,10,5,7,13,15,9,17,8,4,4,204,10.29%,1,Monday,7,Weekday,2,,,,,,
09/02/2026,FCHBLRHSAF01,5,13,24,27,13,7,17,6,9,10,10,4,10,17,14,8,4,0,198,13.64%,1,Monday,7,Weekday,2,,,,,,
09/02/2026,FCHBLRBHO01,6,13,19,15,9,9,2,2,6,7,15,9,13,9,9,6,6,3,158,12.03%,1,Monday,7,Weekday,2,,,,,,
09/02/2026,FCHBLRELC01,7,9,20,15,6,8,6,5,3,6,6,17,14,14,11,7,2,1,157,12.74%,1,Monday,7,Weekday,2,,,,,,
09/02/2026,FCHBLRVAR01,8,17,20,16,15,10,10,8,9,10,7,6,10,8,7,6,5,1,173,11.56%,1,Monday,7,Weekday,2,,,,,,
09/02/2026,FCHBLRDOD01,6,14,27,21,20,13,11,11,3,7,7,16,15,13,13,7,3,1,208,12.98%,1,Monday,7,Weekday,2,,,,,,
09/02/2026,FCHBLRSJR01,6,40,45,49,28,19,20,17,13,20,23,30,32,32,26,23,12,3,438,11.19%,1,Monday,7,Weekday,2,,,,,,
08/02/2026,FCHBLRHSAF01,3,13,26,46,39,28,20,26,14,10,16,20,30,26,17,14,5,0,353,13.03%,7,Sunday,6,Weekend,2,,,,,,
08/02/2026,FCHBLRHEB01,1,22,63,46,39,31,17,15,19,7,15,16,26,26,16,10,3,2,374,16.84%,7,Sunday,6,Weekend,2,,,,,,
08/02/2026,FCHBLRBHO01,0,13,28,27,22,28,17,12,7,12,8,9,19,17,23,12,4,0,258,10.85%,7,Sunday,6,Weekend,2,,,,,,
08/02/2026,FCHBLRDOD01,2,11,28,34,24,27,25,19,15,12,16,8,22,26,15,11,6,2,303,11.22%,7,Sunday,6,Weekend,2,,,,,,
08/02/2026,FCHBLRSJR01,4,22,62,48,49,41,44,37,21,21,21,35,41,37,39,24,15,0,561,11.05%,7,Sunday,6,Weekend,2,,,,,,
08/02/2026,FCHBLRELC01,2,11,17,25,29,15,17,18,10,5,11,18,19,19,14,13,3,2,248,11.69%,7,Sunday,6,Weekend,2,,,,,,
08/02/2026,FCHBLRAECS01,2,5,34,26,20,26,23,10,13,14,8,15,14,17,17,9,7,3,263,12.93%,7,Sunday,6,Weekend,2,,,,,,
08/02/2026,FCHBLRVAR01,3,9,25,32,29,24,16,13,6,12,9,12,12,8,10,5,7,2,234,13.68%,7,Sunday,6,Weekend,2,,,,,,
08/02/2026,all,57,204,543,627,500,421,373,279,228,204,205,272,381,332,267,199,92,23,5207,12.04%,7,Sunday,6,Weekend,2,,,,,,
08/02/2026,FCHBLRBEN01,4,11,22,42,34,34,29,17,15,19,14,21,24,27,15,10,5,2,345,12.17%,7,Sunday,6,Weekend,2,,,,,,
08/02/2026,FCHBLRHAR01,3,13,33,46,39,21,18,26,18,11,16,16,27,24,14,14,4,1,344,13.37%,7,Sunday,6,Weekend,2,,,,,,
08/02/2026,FCHBLRHOO01,9,19,50,72,39,26,31,11,21,17,11,19,28,29,14,18,6,4,424,16.98%,7,Sunday,6,Weekend,2,,,,,,
08/02/2026,FCHBLRHSR01,0,11,30,36,31,25,27,13,22,14,15,17,24,17,16,10,5,1,314,11.46%,7,Sunday,6,Weekend,2,,,,,,
08/02/2026,FCHBLRJPN01,12,21,55,55,41,35,36,22,13,20,19,29,43,27,17,14,5,1,465,11.83%,7,Sunday,6,Weekend,2,,,,,,
08/02/2026,FCHBLRKOR01,5,10,21,36,33,26,30,21,17,15,14,17,25,21,15,24,7,2,339,10.62%,7,Sunday,6,Weekend,2,,,,,,
08/02/2026,FCHBLRWHF01,7,13,49,56,32,34,23,19,17,15,12,20,27,11,25,11,10,1,382,14.66%,7,Sunday,6,Weekend,2,,,,,,
07/02/2026,FCHBLRHSAF01,9,22,34,30,42,26,24,21,19,15,17,13,12,41,20,12,7,0,364,11.54%,6,Saturday,6,Weekend,2,,,,,,
07/02/2026,FCHBLRHEB01,22,40,82,51,53,42,35,32,17,13,9,16,18,14,9,8,3,1,465,17.63%,6,Saturday,6,Weekend,2,,,,,,
07/02/2026,FCHBLRSJR01,16,44,52,84,62,41,50,25,22,19,31,33,27,23,30,27,6,1,593,14.17%,6,Saturday,6,Weekend,2,,,,,,
07/02/2026,FCHBLRDOD01,9,23,32,41,33,27,14,15,11,16,19,16,16,15,5,7,3,1,303,13.53%,6,Saturday,6,Weekend,2,,,,,,
07/02/2026,FCHBLRELC01,6,19,29,41,26,22,17,14,9,10,10,6,11,15,8,5,5,1,254,16.14%,6,Saturday,6,Weekend,2,,,,,,
07/02/2026,FCHBLRAECS01,7,12,31,29,38,23,16,23,12,8,16,17,13,11,10,5,1,1,273,13.92%,6,Saturday,6,Weekend,2,,,,,,
07/02/2026,FCHBLRBHO01,7,23,25,23,22,20,23,14,13,16,10,13,13,12,3,4,2,3,246,10.16%,6,Saturday,6,Weekend,2,,,,,,
07/02/2026,FCHBLRVAR01,3,9,35,29,27,28,22,6,10,11,12,6,13,13,5,9,1,0,239,14.64%,6,Saturday,6,Weekend,2,,,,,,
07/02/2026,all,145,390,617,647,576,494,422,314,224,246,238,258,267,307,183,146,66,28,5568,11.62%,6,Saturday,6,Weekend,2,,,,,,
07/02/2026,FCHBLRBEN01,5,19,31,43,38,32,44,25,13,17,17,25,29,28,20,6,5,2,399,11.03%,6,Saturday,6,Weekend,2,,,,,,
07/02/2026,FCHBLRHAR01,8,21,33,46,41,38,24,21,20,14,14,13,16,20,11,11,5,5,361,12.74%,6,Saturday,6,Weekend,2,,,,,,
07/02/2026,FCHBLRHOO01,16,49,68,66,47,40,38,28,14,28,20,20,14,23,16,12,5,5,509,13.36%,6,Saturday,6,Weekend,2,,,,,,
07/02/2026,FCHBLRHSR01,6,18,28,33,34,29,26,20,15,14,11,17,22,15,8,8,4,4,312,10.90%,6,Saturday,6,Weekend,2,,,,,,
07/02/2026,FCHBLRJPN01,15,35,47,52,37,47,35,31,15,26,20,25,21,32,14,7,7,1,467,11.13%,6,Saturday,6,Weekend,2,,,,,,
07/02/2026,FCHBLRKOR01,11,32,41,35,36,40,27,17,20,16,20,18,18,17,14,12,5,1,380,10.79%,6,Saturday,6,Weekend,2,,,,,,
07/02/2026,FCHBLRWHF01,5,24,49,44,40,39,27,22,14,23,12,20,24,28,10,13,7,2,403,12.16%,6,Saturday,6,Weekend,2,,,,,,
06/02/2026,all,152,271,350,381,283,204,163,137,108,137,195,210,218,205,185,127,78,29,3433,11.10%,5,Friday,6,Weekday,2,,,,,,
06/02/2026,FCHBLRBEN01,3,18,25,12,17,16,13,8,4,9,6,12,11,10,15,11,7,3,200,12.50%,5,Friday,6,Weekday,2,,,,,,
06/02/2026,FCHBLRHAR01,15,25,16,20,22,10,14,7,3,14,8,11,24,12,12,17,3,0,233,10.73%,5,Friday,6,Weekday,2,,,,,,
06/02/2026,FCHBLRHOO01,18,25,34,39,22,17,15,11,8,19,8,21,19,17,14,7,8,3,305,12.79%,5,Friday,6,Weekday,2,,,,,,
06/02/2026,FCHBLRHSR01,10,13,20,27,24,9,8,7,10,4,16,18,10,17,12,10,2,2,219,12.33%,5,Friday,6,Weekday,2,,,,,,
06/02/2026,FCHBLRJPN01,9,20,27,31,21,23,12,8,15,6,18,11,17,9,18,8,9,4,266,11.65%,5,Friday,6,Weekday,2,,,,,,
06/02/2026,FCHBLRKOR01,20,21,22,30,19,25,8,11,9,9,20,10,8,16,16,8,4,2,258,11.63%,5,Friday,6,Weekday,2,,,,,,
06/02/2026,FCHBLRWHF01,14,16,29,20,15,12,10,12,9,9,20,17,23,15,15,6,5,4,251,11.55%,5,Friday,6,Weekday,2,,,,,,
06/02/2026,FCHBLRHSAF01,5,15,19,19,22,12,11,14,5,5,7,8,19,12,16,5,6,0,200,11.00%,5,Friday,6,Weekday,2,,,,,,
06/02/2026,FCHBLRBHO01,8,12,16,36,13,10,10,5,7,8,5,10,8,15,7,8,4,0,182,19.78%,5,Friday,6,Weekday,2,,,,,,
06/02/2026,FCHBLRHEB01,7,22,20,21,16,10,8,10,6,6,13,16,10,10,9,5,2,2,193,11.40%,5,Friday,6,Weekday,2,,,,,,
06/02/2026,FCHBLRAECS01,10,17,16,20,8,7,4,9,5,13,10,12,14,10,9,4,3,2,173,11.56%,5,Friday,6,Weekday,2,,,,,,
06/02/2026,FCHBLRVAR01,11,6,23,18,11,16,6,12,4,6,11,11,14,8,8,8,4,0,177,12.99%,5,Friday,6,Weekday,2,,,,,,
06/02/2026,FCHBLRDOD01,5,15,32,25,17,10,10,6,6,8,9,15,9,20,8,8,6,1,210,15.24%,5,Friday,6,Weekday,2,,,,,,
06/02/2026,FCHBLRELC01,6,9,16,15,20,8,8,1,9,4,11,11,4,9,8,7,5,0,151,13.25%,5,Friday,6,Weekday,2,,,,,,
06/02/2026,FCHBLRSJR01,11,37,35,48,36,19,26,16,8,17,33,27,28,25,18,15,10,6,415,11.57%,5,Friday,6,Weekday,2,,,,,,
05/02/2026,all,153,278,353,343,233,189,155,117,122,126,189,191,221,249,193,125,67,26,3330,10.60%,4,Thursday,6,Weekday,2,,,,,,
05/02/2026,FCHBLRBEN01,11,17,13,18,9,18,11,9,4,4,11,5,10,12,9,6,4,1,172,10.47%,4,Thursday,6,Weekday,2,,,,,,
05/02/2026,FCHBLRHAR01,13,25,29,25,10,16,6,6,5,14,5,10,9,18,15,10,6,2,224,12.95%,4,Thursday,6,Weekday,2,,,,,,
05/02/2026,FCHBLRHOO01,17,18,37,34,21,6,14,10,14,14,18,27,18,23,17,9,7,0,304,12.17%,4,Thursday,6,Weekday,2,,,,,,
05/02/2026,FCHBLRHSR01,8,18,23,17,21,11,12,8,9,10,12,14,15,16,17,8,5,2,226,10.18%,4,Thursday,6,Weekday,2,,,,,,
05/02/2026,FCHBLRJPN01,16,19,25,25,23,13,7,11,11,8,14,14,10,18,14,11,2,2,243,10.29%,4,Thursday,6,Weekday,2,,,,,,
05/02/2026,FCHBLRKOR01,9,16,29,33,20,15,11,10,12,9,11,10,21,16,17,9,5,3,256,12.89%,4,Thursday,6,Weekday,2,,,,,,
05/02/2026,FCHBLRWHF01,11,22,29,29,18,21,17,8,9,6,13,18,21,17,10,11,4,2,266,10.90%,4,Thursday,6,Weekday,2,,,,,,
05/02/2026,FCHBLRHEB01,2,23,15,29,18,11,11,9,7,7,12,9,10,15,13,7,0,0,198,14.65%,4,Thursday,6,Weekday,2,,,,,,
05/02/2026,FCHBLRAECS01,12,18,9,12,9,9,11,5,7,10,13,11,15,12,8,3,4,1,169,10.65%,4,Thursday,6,Weekday,2,,,,,,
05/02/2026,FCHBLRBHO01,6,19,25,18,11,10,8,3,7,6,12,10,11,11,9,4,3,1,174,14.37%,4,Thursday,6,Weekday,2,,,,,,
05/02/2026,FCHBLRELC01,7,13,19,15,14,6,7,9,6,7,7,5,9,16,5,12,4,3,164,11.59%,4,Thursday,6,Weekday,2,,,,,,
05/02/2026,FCHBLRHSAF01,1,11,15,16,12,11,7,6,8,7,9,8,14,12,7,3,5,0,152,10.53%,4,Thursday,6,Weekday,2,,,,,,
05/02/2026,FCHBLRDOD01,10,12,18,22,15,10,12,9,8,8,13,16,16,15,13,7,3,2,209,10.53%,4,Thursday,6,Weekday,2,,,,,,
05/02/2026,FCHBLRVAR01,12,13,14,17,7,7,7,1,4,5,12,11,15,11,11,7,4,2,160,10.63%,4,Thursday,6,Weekday,2,,,,,,
05/02/2026,FCHBLRSJR01,18,34,53,33,25,25,14,13,11,11,27,23,27,37,28,18,11,5,413,12.83%,4,Thursday,6,Weekday,2,,,,,,
04/02/2026,FCHBLRBHO01,9,16,26,10,16,9,10,3,5,13,16,9,12,11,9,10,4,1,189,13.76%,3,Wednesday,6,Weekday,2,,,,,,
04/02/2026,all,141,284,399,305,249,169,164,129,115,141,170,199,220,222,186,129,59,27,3308,12.06%,3,Wednesday,6,Weekday,2,,,,,,
04/02/2026,FCHBLRBEN01,6,15,24,18,9,6,7,8,8,7,5,11,9,7,5,6,4,1,156,15.38%,3,Wednesday,6,Weekday,2,,,,,,
04/02/2026,FCHBLRHAR01,15,21,31,17,16,9,9,9,6,7,14,16,17,14,13,7,1,1,223,13.90%,3,Wednesday,6,Weekday,2,,,,,,
04/02/2026,FCHBLRHOO01,10,32,34,36,21,18,16,12,18,19,16,21,23,18,12,11,0,2,319,11.29%,3,Wednesday,6,Weekday,2,,,,,,
04/02/2026,FCHBLRHSR01,5,14,15,23,19,7,14,8,3,10,10,17,11,22,16,11,4,4,213,10.80%,3,Wednesday,6,Weekday,2,,,,,,
04/02/2026,FCHBLRJPN01,13,22,23,33,20,19,12,12,7,9,10,8,21,17,16,11,4,0,257,12.84%,3,Wednesday,6,Weekday,2,,,,,,
04/02/2026,FCHBLRKOR01,7,17,38,29,20,8,15,7,11,7,16,17,21,18,16,8,5,3,263,14.45%,3,Wednesday,6,Weekday,2,,,,,,
04/02/2026,FCHBLRWHF01,14,23,27,27,24,12,15,9,9,7,14,22,23,27,13,9,9,1,285,9.47%,3,Wednesday,6,Weekday,2,,,,,,
04/02/2026,FCHBLRHEB01,8,24,25,17,19,6,7,4,8,8,13,21,15,8,10,7,2,0,202,12.38%,3,Wednesday,6,Weekday,2,,,,,,
04/02/2026,FCHBLRAECS01,5,15,14,10,15,8,5,15,4,6,10,9,10,14,8,6,2,1,157,9.55%,3,Wednesday,6,Weekday,2,,,,,,
04/02/2026,FCHBLRELC01,2,15,20,10,8,13,7,10,5,6,4,10,17,11,7,6,4,0,155,12.90%,3,Wednesday,6,Weekday,2,,,,,,
04/02/2026,FCHBLRVAR01,16,10,25,8,14,9,13,3,8,4,2,6,7,7,10,14,2,2,160,15.63%,3,Wednesday,6,Weekday,2,,,,,,
04/02/2026,FCHBLRDOD01,12,15,32,18,8,9,7,9,4,14,12,7,9,8,12,7,5,2,190,16.84%,3,Wednesday,6,Weekday,2,,,,,,
04/02/2026,FCHBLRHSAF01,4,10,11,18,10,7,6,5,4,4,7,4,9,8,6,2,2,0,117,15.38%,3,Wednesday,6,Weekday,2,,,,,,
04/02/2026,FCHBLRSJR01,15,35,54,31,30,29,21,15,15,20,21,21,16,32,33,14,11,9,422,12.80%,3,Wednesday,6,Weekday,2,,,,,,
03/02/2026,all,131,291,382,314,250,168,132,136,114,144,153,218,233,226,187,136,58,26,3299,11.58%,2,Tuesday,6,Weekday,2,,,,,,
03/02/2026,FCHBLRBEN01,6,14,21,17,16,8,4,6,7,6,3,7,14,15,10,7,1,0,162,12.96%,2,Tuesday,6,Weekday,2,,,,,,
03/02/2026,FCHBLRHAR01,12,23,33,17,18,10,14,9,5,9,16,12,21,22,17,12,4,2,256,12.89%,2,Tuesday,6,Weekday,2,,,,,,
03/02/2026,FCHBLRHOO01,14,30,38,26,21,14,10,11,9,10,12,24,11,26,19,7,6,0,288,13.19%,2,Tuesday,6,Weekday,2,,,,,,
03/02/2026,FCHBLRHSR01,7,22,28,19,14,9,8,8,6,8,12,8,17,13,14,9,9,6,217,12.90%,2,Tuesday,6,Weekday,2,,,,,,
03/02/2026,FCHBLRJPN01,8,26,27,30,16,19,4,15,5,17,14,17,17,20,15,5,1,2,258,11.63%,2,Tuesday,6,Weekday,2,,,,,,
03/02/2026,FCHBLRKOR01,7,22,31,31,19,12,11,6,14,10,10,12,20,18,4,12,2,2,243,12.76%,2,Tuesday,6,Weekday,2,,,,,,
03/02/2026,FCHBLRWHF01,13,26,22,24,22,18,8,11,6,17,6,25,20,17,14,13,3,1,266,9.77%,2,Tuesday,6,Weekday,2,,,,,,
03/02/2026,FCHBLRHEB01,7,20,21,18,18,5,18,9,10,11,12,15,15,9,9,7,3,2,209,10.05%,2,Tuesday,6,Weekday,2,,,,,,
03/02/2026,FCHBLRDOD01,10,20,29,18,14,9,9,9,11,5,14,17,19,19,10,13,5,2,233,12.45%,2,Tuesday,6,Weekday,2,,,,,,
03/02/2026,FCHBLRBHO01,8,19,18,14,16,8,4,8,6,8,8,11,13,11,13,1,5,3,174,10.92%,2,Tuesday,6,Weekday,2,,,,,,
03/02/2026,FCHBLRELC01,9,12,16,15,10,9,8,11,7,4,3,16,10,6,15,11,2,0,164,9.76%,2,Tuesday,6,Weekday,2,,,,,,
03/02/2026,FCHBLRAECS01,5,10,21,11,11,11,7,5,7,10,7,9,14,8,8,3,4,0,151,13.91%,2,Tuesday,6,Weekday,2,,,,,,
03/02/2026,FCHBLRHSAF01,6,11,19,16,10,5,9,10,4,7,7,6,9,12,6,5,1,0,143,13.29%,2,Tuesday,6,Weekday,2,,,,,,
03/02/2026,FCHBLRVAR01,5,7,19,17,12,11,5,7,5,5,5,12,8,9,9,6,3,1,146,13.01%,2,Tuesday,6,Weekday,2,,,,,,
03/02/2026,FCHBLRSJR01,14,29,39,41,33,20,13,11,12,17,24,27,25,21,24,25,9,5,389,10.54%,2,Tuesday,6,Weekday,2,,,,,,
02/02/2026,all,130,274,360,292,243,183,169,133,133,165,178,230,260,200,206,146,67,23,3392,10.61%,1,Monday,6,Weekday,2,,,,,,
02/02/2026,FCHBLRBEN01,4,17,17,12,11,11,3,3,9,7,12,7,10,14,12,13,3,1,166,10.24%,1,Monday,6,Weekday,2,,,,,,
02/02/2026,FCHBLRHAR01,9,27,25,20,24,10,10,13,10,11,14,12,14,21,16,12,7,2,257,10.51%,1,Monday,6,Weekday,2,,,,,,
02/02/2026,FCHBLRHOO01,13,29,27,25,15,12,21,8,10,18,14,21,26,12,14,16,5,2,288,10.07%,1,Monday,6,Weekday,2,,,,,,
02/02/2026,FCHBLRHSR01,8,23,18,16,22,14,12,9,5,9,13,12,13,8,18,5,4,3,212,10.85%,1,Monday,6,Weekday,2,,,,,,
02/02/2026,FCHBLRJPN01,19,14,29,25,12,13,14,12,11,18,10,23,32,15,18,11,1,0,277,11.55%,1,Monday,6,Weekday,2,,,,,,
02/02/2026,FCHBLRKOR01,7,25,31,24,21,13,14,11,12,15,13,13,19,20,12,6,6,3,265,11.70%,1,Monday,6,Weekday,2,,,,,,
02/02/2026,FCHBLRWHF01,11,16,30,28,17,18,16,9,10,17,13,23,21,10,9,13,6,2,269,11.15%,1,Monday,6,Weekday,2,,,,,,
02/02/2026,FCHBLRHEB01,9,12,27,21,15,12,14,12,7,10,10,10,13,15,13,9,7,1,217,12.44%,1,Monday,6,Weekday,2,,,,,,
02/02/2026,FCHBLRELC01,5,14,18,8,14,7,14,6,6,10,17,18,19,7,8,10,1,2,184,10.33%,1,Monday,6,Weekday,2,,,,,,
02/02/2026,FCHBLRAECS01,3,10,15,15,15,13,9,6,3,7,11,12,6,4,16,4,5,0,154,10.39%,1,Monday,6,Weekday,2,,,,,,
02/02/2026,FCHBLRHSAF01,5,12,16,11,18,10,5,11,13,7,3,6,7,8,9,4,1,0,146,12.33%,1,Monday,6,Weekday,2,,,,,,
02/02/2026,FCHBLRDOD01,5,13,25,25,15,8,9,8,9,9,16,18,21,8,15,4,4,2,214,11.68%,1,Monday,6,Weekday,2,,,,,,
02/02/2026,FCHBLRBHO01,3,15,20,16,10,11,8,6,5,8,6,10,9,13,6,6,3,2,157,12.74%,1,Monday,6,Weekday,2,,,,,,
02/02/2026,FCHBLRVAR01,10,13,16,12,10,8,10,3,6,6,5,13,14,10,11,14,2,0,163,9.82%,1,Monday,6,Weekday,2,,,,,,
02/02/2026,FCHBLRSJR01,19,34,46,34,24,23,10,16,17,13,21,32,36,35,29,19,10,3,421,10.93%,1,Monday,6,Weekday,2,,,,,,
01/02/2026,FCHBLRHEB01,5,21,35,47,34,34,37,18,11,14,11,17,14,22,18,7,5,2,352,13.35%,7,Sunday,5,Weekend,2,,,,,,
01/02/2026,FCHBLRDOD01,1,12,32,48,30,24,19,18,11,7,22,20,12,19,15,12,7,0,309,15.53%,7,Sunday,5,Weekend,2,,,,,,
01/02/2026,FCHBLRELC01,2,8,30,27,31,24,25,18,8,8,17,10,7,18,13,8,7,4,265,11.70%,7,Sunday,5,Weekend,2,,,,,,
01/02/2026,FCHBLRBHO01,3,11,32,26,29,20,24,19,7,9,18,16,18,5,9,6,4,0,256,12.50%,7,Sunday,5,Weekend,2,,,,,,
01/02/2026,FCHBLRSJR01,4,18,51,64,48,53,34,37,25,27,25,38,34,33,23,25,8,10,557,11.49%,7,Sunday,5,Weekend,2,,,,,,
01/02/2026,FCHBLRVAR01,2,9,28,31,32,12,21,20,13,8,12,12,10,14,15,11,4,0,254,12.60%,7,Sunday,5,Weekend,2,,,,,,
01/02/2026,FCHBLRAECS01,2,10,32,25,21,24,23,12,14,14,15,12,14,12,7,6,8,3,254,12.60%,7,Sunday,5,Weekend,2,,,,,,
01/02/2026,FCHBLRHSAF01,2,11,25,31,22,14,12,13,10,8,5,6,6,15,18,6,5,0,209,14.83%,7,Sunday,5,Weekend,2,,,,,,
01/02/2026,all,56,215,492,600,509,429,380,317,216,181,238,258,231,296,238,153,83,38,4930,12.17%,7,Sunday,5,Weekend,2,,,,,,
01/02/2026,FCHBLRBEN01,4,6,12,34,35,21,25,14,10,8,13,11,11,9,13,11,1,2,240,14.58%,7,Sunday,5,Weekend,2,,,,,,
01/02/2026,FCHBLRHAR01,2,12,46,45,42,44,26,17,14,11,16,19,17,20,18,8,5,4,366,12.57%,7,Sunday,5,Weekend,2,,,,,,
01/02/2026,FCHBLRHOO01,5,22,44,50,32,29,24,27,19,5,23,28,24,31,17,10,4,2,396,12.63%,7,Sunday,5,Weekend,2,,,,,,
01/02/2026,FCHBLRHSR01,5,16,32,44,31,27,25,24,14,13,12,22,13,21,23,13,8,1,344,12.79%,7,Sunday,5,Weekend,2,,,,,,
01/02/2026,FCHBLRJPN01,10,32,32,43,47,32,25,28,25,23,15,20,14,38,11,10,4,3,412,11.41%,7,Sunday,5,Weekend,2,,,,,,
01/02/2026,FCHBLRKOR01,3,8,24,33,38,32,29,27,19,14,12,17,18,19,17,10,8,4,332,11.45%,7,Sunday,5,Weekend,2,,,,,,
01/02/2026,FCHBLRWHF01,6,19,37,52,37,39,31,25,16,12,22,10,19,20,21,10,5,3,384,13.54%,7,Sunday,5,Weekend,2,,,,,,
31/01/2026,FCHBLRHEB01,22,60,46,52,58,40,43,25,16,28,13,21,20,21,12,6,5,7,495,12.12%,6,Saturday,5,Weekend,1,,,,,,
31/01/2026,FCHBLRDOD01,10,33,36,31,28,30,29,22,14,18,18,16,25,17,16,15,5,1,364,9.89%,6,Saturday,5,Weekend,1,,,,,,
31/01/2026,FCHBLRELC01,8,25,58,24,29,23,17,14,16,14,11,11,18,6,11,9,6,0,300,19.33%,6,Saturday,5,Weekend,1,,,,,,
31/01/2026,FCHBLRSJR01,11,39,62,83,71,52,38,30,27,28,29,45,36,29,32,15,12,5,644,12.89%,6,Saturday,5,Weekend,1,,,,,,
31/01/2026,FCHBLRAECS01,5,16,32,28,27,19,21,21,12,16,17,13,15,9,7,11,5,2,276,11.59%,6,Saturday,5,Weekend,1,,,,,,
31/01/2026,FCHBLRBHO01,5,18,23,34,26,16,23,15,9,11,12,17,16,14,7,3,6,0,255,13.33%,6,Saturday,5,Weekend,1,,,,,,
31/01/2026,FCHBLRHSAF01,4,23,40,37,14,14,15,12,6,6,13,11,12,13,12,12,3,0,247,16.19%,6,Saturday,5,Weekend,1,,,,,,
31/01/2026,FCHBLRVAR01,6,22,35,36,26,23,10,17,4,12,7,15,11,12,6,5,3,0,250,14.40%,6,Saturday,5,Weekend,1,,,,,,
31/01/2026,all,130,438,679,638,546,421,383,292,223,245,249,335,300,238,201,141,91,33,5583,12.16%,6,Saturday,5,Weekend,1,,,,,,
31/01/2026,FCHBLRBEN01,6,19,40,26,27,20,14,16,10,13,10,20,13,19,10,11,4,2,280,14.29%,6,Saturday,5,Weekend,1,,,,,,
31/01/2026,FCHBLRHAR01,5,30,41,43,32,27,28,17,14,10,16,25,11,18,13,9,5,2,346,12.43%,6,Saturday,5,Weekend,1,,,,,,
31/01/2026,FCHBLRHOO01,14,40,54,57,50,31,29,23,15,21,23,28,28,14,20,13,10,6,476,11.97%,6,Saturday,5,Weekend,1,,,,,,
31/01/2026,FCHBLRHSR01,7,12,45,30,29,29,23,18,11,10,19,27,19,9,14,10,6,1,319,14.11%,6,Saturday,5,Weekend,1,,,,,,
31/01/2026,FCHBLRJPN01,15,55,69,57,40,31,42,17,23,19,17,34,30,22,16,8,7,1,503,13.72%,6,Saturday,5,Weekend,1,,,,,,
31/01/2026,FCHBLRKOR01,5,26,43,55,46,33,25,24,23,25,19,26,20,18,10,8,6,4,416,13.22%,6,Saturday,5,Weekend,1,,,,,,
31/01/2026,FCHBLRWHF01,7,20,55,45,43,33,26,21,23,14,25,26,26,17,15,6,8,2,412,13.35%,6,Saturday,5,Weekend,1,,,,,,
30/01/2026,FCHBLRBHO01,5,16,24,14,9,11,10,10,6,11,12,16,13,4,10,6,4,2,183,13.11%,5,Friday,5,Weekday,1,,,,,,
30/01/2026,all,118,263,374,328,261,183,173,153,108,153,166,220,199,161,147,118,48,26,3199,11.69%,5,Friday,5,Weekday,1,,,,,,
30/01/2026,FCHBLRBEN01,7,14,27,15,12,8,8,11,7,10,14,11,9,8,7,4,1,0,173,15.61%,5,Friday,5,Weekday,1,,,,,,
30/01/2026,FCHBLRHAR01,6,24,26,27,17,16,16,9,8,13,12,11,20,14,14,9,6,2,250,10.80%,5,Friday,5,Weekday,1,,,,,,
30/01/2026,FCHBLRHOO01,12,18,39,29,30,14,23,10,12,9,20,18,15,14,12,15,7,1,298,13.09%,5,Friday,5,Weekday,1,,,,,,
30/01/2026,FCHBLRHSR01,5,16,20,20,17,9,14,15,7,10,8,11,12,11,12,8,5,1,201,9.95%,5,Friday,5,Weekday,1,,,,,,
30/01/2026,FCHBLRJPN01,9,28,30,22,23,16,17,13,9,12,11,15,16,6,12,11,3,2,255,11.76%,5,Friday,5,Weekday,1,,,,,,
30/01/2026,FCHBLRKOR01,11,16,29,43,21,13,8,8,4,11,12,16,19,15,11,11,3,3,254,16.93%,5,Friday,5,Weekday,1,,,,,,
30/01/2026,FCHBLRWHF01,7,24,34,20,25,16,16,10,10,15,12,25,24,9,16,14,2,2,281,12.10%,5,Friday,5,Weekday,1,,,,,,
30/01/2026,FCHBLRHEB01,4,9,19,13,19,12,9,8,4,5,9,10,9,6,6,2,0,3,147,12.93%,5,Friday,5,Weekday,1,,,,,,
30/01/2026,FCHBLRAECS01,8,12,11,16,12,10,8,8,5,4,10,12,9,10,5,8,2,2,152,10.53%,5,Friday,5,Weekday,1,,,,,,
30/01/2026,FCHBLRELC01,9,21,17,12,10,6,2,11,3,7,10,8,8,13,3,2,4,0,146,14.38%,5,Friday,5,Weekday,1,,,,,,
30/01/2026,FCHBLRHSAF01,3,5,18,18,9,12,12,10,3,7,4,9,5,7,6,6,3,0,137,13.14%,5,Friday,5,Weekday,1,,,,,,
30/01/2026,FCHBLRVAR01,5,22,13,15,11,14,8,8,7,12,9,12,5,7,9,3,1,1,162,13.58%,5,Friday,5,Weekday,1,,,,,,
30/01/2026,FCHBLRDOD01,9,14,23,21,13,10,10,8,9,7,10,17,13,14,4,8,4,2,196,11.73%,5,Friday,5,Weekday,1,,,,,,
30/01/2026,FCHBLRSJR01,18,24,44,43,33,16,12,14,14,20,13,29,22,23,20,11,3,5,364,12.09%,5,Friday,5,Weekday,1,,,,,,
29/01/2026,all,136,286,431,295,236,174,176,134,104,125,194,180,201,199,178,140,59,22,3270,13.18%,4,Thursday,5,Weekday,1,,,,,,
29/01/2026,FCHBLRBEN01,4,18,21,13,7,7,11,9,3,7,10,9,16,6,8,7,1,1,158,13.29%,4,Thursday,5,Weekday,1,,,,,,
29/01/2026,FCHBLRHAR01,15,16,32,22,21,11,13,7,11,9,16,13,20,12,15,11,5,1,250,12.80%,4,Thursday,5,Weekday,1,,,,,,
29/01/2026,FCHBLRHOO01,17,32,35,38,21,16,15,12,8,9,11,22,19,11,16,11,6,1,300,12.67%,4,Thursday,5,Weekday,1,,,,,,
29/01/2026,FCHBLRHSR01,4,9,29,21,18,17,17,15,7,6,12,12,10,18,16,14,2,2,229,12.66%,4,Thursday,5,Weekday,1,,,,,,
29/01/2026,FCHBLRJPN01,12,20,33,20,17,17,16,6,5,13,21,13,16,16,11,9,5,0,250,13.20%,4,Thursday,5,Weekday,1,,,,,,
29/01/2026,FCHBLRKOR01,6,21,33,26,18,12,10,14,12,8,12,13,10,17,14,9,6,6,247,13.36%,4,Thursday,5,Weekday,1,,,,,,
29/01/2026,FCHBLRWHF01,11,24,42,25,18,17,17,13,9,12,15,12,24,17,11,10,6,0,283,14.84%,4,Thursday,5,Weekday,1,,,,,,
29/01/2026,FCHBLRHSAF01,7,17,18,17,10,8,7,5,5,8,12,9,8,7,10,6,1,0,155,11.61%,4,Thursday,5,Weekday,1,,,,,,
29/01/2026,FCHBLRHEB01,9,17,21,10,15,5,10,5,5,4,6,8,2,11,11,8,0,1,148,14.19%,4,Thursday,5,Weekday,1,,,,,,
29/01/2026,FCHBLRAECS01,4,13,21,6,12,13,9,8,6,2,4,10,9,11,6,7,4,1,146,14.38%,4,Thursday,5,Weekday,1,,,,,,
29/01/2026,FCHBLRDOD01,7,16,26,20,16,13,10,7,8,10,14,15,13,17,9,8,2,1,212,12.26%,4,Thursday,5,Weekday,1,,,,,,
29/01/2026,FCHBLRBHO01,7,15,18,10,10,7,9,5,10,5,13,8,6,5,10,6,4,2,150,12.00%,4,Thursday,5,Weekday,1,,,,,,
29/01/2026,FCHBLRELC01,7,15,29,10,14,3,5,7,5,4,11,7,10,8,6,6,1,1,149,19.46%,4,Thursday,5,Weekday,1,,,,,,
29/01/2026,FCHBLRVAR01,8,15,19,18,7,9,6,5,3,9,8,4,14,15,11,11,6,2,170,11.18%,4,Thursday,5,Weekday,1,,,,,,
29/01/2026,FCHBLRSJR01,18,38,54,39,32,19,21,16,7,19,29,25,24,28,24,17,10,3,423,12.77%,4,Thursday,5,Weekday,1,,,,,,
28/01/2026,all,152,324,401,297,242,178,143,111,95,126,154,201,215,180,175,136,56,32,3218,12.46%,3,Wednesday,5,Weekday,1,,,,,,
28/01/2026,FCHBLRBEN01,4,14,16,20,14,9,7,1,5,7,7,10,9,10,15,13,2,1,164,12.20%,3,Wednesday,5,Weekday,1,,,,,,
28/01/2026,FCHBLRHAR01,14,28,29,24,21,9,15,9,8,8,5,13,18,18,14,9,8,4,254,11.42%,3,Wednesday,5,Weekday,1,,,,,,
28/01/2026,FCHBLRHOO01,13,30,45,21,25,14,13,16,11,14,19,16,20,16,13,12,3,4,305,14.75%,3,Wednesday,5,Weekday,1,,,,,,
28/01/2026,FCHBLRHSR01,10,22,24,30,9,9,12,1,6,8,13,16,10,15,18,12,6,0,221,13.57%,3,Wednesday,5,Weekday,1,,,,,,
28/01/2026,FCHBLRJPN01,15,17,34,16,19,17,11,8,9,7,10,17,14,13,10,11,3,2,233,14.59%,3,Wednesday,5,Weekday,1,,,,,,
28/01/2026,FCHBLRKOR01,13,21,36,22,20,12,10,8,4,13,13,12,13,6,10,18,3,3,237,15.19%,3,Wednesday,5,Weekday,1,,,,,,
28/01/2026,FCHBLRWHF01,13,29,30,25,31,16,10,5,8,11,17,15,10,20,9,8,4,0,261,11.88%,3,Wednesday,5,Weekday,1,,,,,,
28/01/2026,FCHBLRBHO01,10,16,22,13,11,10,9,10,5,8,6,11,8,9,11,11,5,0,175,12.57%,3,Wednesday,5,Weekday,1,,,,,,
28/01/2026,FCHBLRHEB01,9,17,24,12,8,10,11,9,3,5,7,7,11,6,9,5,1,2,156,15.38%,3,Wednesday,5,Weekday,1,,,,,,
28/01/2026,FCHBLRAECS01,6,16,22,15,10,8,2,4,3,6,5,13,11,10,4,6,2,3,146,15.07%,3,Wednesday,5,Weekday,1,,,,,,
28/01/2026,FCHBLRHSAF01,4,15,20,16,12,11,6,7,4,8,8,8,9,5,8,0,1,0,142,14.08%,3,Wednesday,5,Weekday,1,,,,,,
28/01/2026,FCHBLRDOD01,7,24,24,22,10,14,10,8,5,11,6,13,14,10,14,7,8,1,208,11.54%,3,Wednesday,5,Weekday,1,,,,,,
28/01/2026,FCHBLRVAR01,9,22,13,15,14,8,8,7,7,3,9,9,18,9,8,6,3,0,168,13.10%,3,Wednesday,5,Weekday,1,,,,,,
28/01/2026,FCHBLRELC01,8,6,17,15,11,12,6,2,4,5,10,10,9,13,9,2,1,3,143,11.89%,3,Wednesday,5,Weekday,1,,,,,,
28/01/2026,FCHBLRSJR01,17,47,45,31,27,19,13,16,13,12,19,31,41,20,23,16,6,9,405,11.60%,3,Wednesday,5,Weekday,1,,,,,,
27/01/2026,all,127,276,352,306,230,167,157,128,117,132,161,214,232,241,169,132,81,27,3249,10.83%,2,Tuesday,5,Weekday,1,,,,,,
27/01/2026,FCHBLRBEN01,8,15,17,23,10,10,8,8,6,6,6,10,14,15,8,6,5,2,177,12.99%,2,Tuesday,5,Weekday,1,,,,,,
27/01/2026,FCHBLRHAR01,8,24,28,26,14,7,11,6,9,9,16,10,25,21,14,9,13,2,252,11.11%,2,Tuesday,5,Weekday,1,,,,,,
27/01/2026,FCHBLRHOO01,13,28,35,35,18,20,16,12,12,10,20,26,12,30,13,16,11,2,329,10.64%,2,Tuesday,5,Weekday,1,,,,,,
27/01/2026,FCHBLRHSR01,7,20,21,17,19,17,9,9,5,3,10,11,20,18,9,11,5,3,214,9.81%,2,Tuesday,5,Weekday,1,,,,,,
27/01/2026,FCHBLRJPN01,15,22,21,17,20,12,16,9,10,6,8,16,9,15,16,5,2,1,220,10.00%,2,Tuesday,5,Weekday,1,,,,,,
27/01/2026,FCHBLRKOR01,10,23,21,33,23,8,11,8,9,12,13,11,12,13,10,10,4,6,237,13.92%,2,Tuesday,5,Weekday,1,,,,,,
27/01/2026,FCHBLRWHF01,9,23,33,25,16,19,19,8,7,16,13,24,25,16,18,12,5,0,288,11.46%,2,Tuesday,5,Weekday,1,,,,,,
27/01/2026,FCHBLRHEB01,6,16,13,11,20,7,12,5,9,6,6,10,6,12,6,7,2,0,154,12.99%,2,Tuesday,5,Weekday,1,,,,,,
27/01/2026,FCHBLRBHO01,4,21,21,14,6,9,3,10,6,11,3,18,11,14,6,8,2,3,170,12.35%,2,Tuesday,5,Weekday,1,,,,,,
27/01/2026,FCHBLRAECS01,5,8,20,9,9,10,13,9,6,8,6,11,13,10,8,4,4,1,154,12.99%,2,Tuesday,5,Weekday,1,,,,,,
27/01/2026,FCHBLRELC01,5,8,17,8,14,8,4,12,7,5,6,11,16,10,6,6,3,2,148,11.49%,2,Tuesday,5,Weekday,1,,,,,,
27/01/2026,FCHBLRHSAF01,6,7,20,9,7,10,8,3,7,4,10,11,9,13,6,3,4,0,137,14.60%,2,Tuesday,5,Weekday,1,,,,,,
27/01/2026,FCHBLRDOD01,7,8,21,26,14,9,9,10,6,14,15,10,15,6,14,5,7,1,197,13.20%,2,Tuesday,5,Weekday,1,,,,,,
27/01/2026,FCHBLRVAR01,9,15,20,14,9,2,8,9,2,9,4,7,9,13,11,7,3,2,153,13.07%,2,Tuesday,5,Weekday,1,,,,,,
27/01/2026,FCHBLRSJR01,15,38,44,39,31,19,10,10,16,13,25,28,36,35,24,23,11,2,419,10.50%,2,Tuesday,5,Weekday,1,,,,,,
26/01/2026,FCHBLRBHO01,3,9,14,18,12,11,16,9,8,9,7,20,14,9,9,7,3,4,182,10.99%,1,Monday,5,Weekday,1,,,,,,
26/01/2026,FCHBLRDOD01,2,10,21,22,29,15,19,12,13,12,15,13,21,9,13,6,7,0,239,12.13%,1,Monday,5,Weekday,1,,,,,,
26/01/2026,FCHBLRELC01,3,14,23,23,16,15,13,11,4,1,8,7,13,12,9,6,4,1,183,12.57%,1,Monday,5,Weekday,1,,,,,,
26/01/2026,FCHBLRHEB01,0,8,18,35,25,13,16,10,9,11,6,12,5,7,5,4,1,1,186,18.82%,1,Monday,5,Weekday,1,,,,,,
26/01/2026,all,47,192,368,388,360,290,260,200,163,136,207,233,229,196,152,111,56,22,3610,10.75%,1,Monday,5,Weekday,1,,,,,,
26/01/2026,FCHBLRBEN01,3,8,16,24,14,9,12,11,17,7,10,14,14,10,10,6,2,1,188,12.77%,1,Monday,5,Weekday,1,,,,,,
26/01/2026,FCHBLRHAR01,1,13,32,26,32,20,18,12,11,13,19,14,14,18,10,14,8,3,278,11.51%,1,Monday,5,Weekday,1,,,,,,
26/01/2026,FCHBLRHOO01,5,20,51,32,28,24,21,17,12,15,21,18,23,13,16,7,3,2,328,15.55%,1,Monday,5,Weekday,1,,,,,,
26/01/2026,FCHBLRHSR01,5,12,21,25,25,26,17,12,9,7,14,19,17,14,8,3,6,3,243,10.70%,1,Monday,5,Weekday,1,,,,,,
26/01/2026,FCHBLRJPN01,3,16,30,34,29,21,16,20,9,5,14,13,15,21,9,7,1,1,264,12.88%,1,Monday,5,Weekday,1,,,,,,
26/01/2026,FCHBLRKOR01,5,14,21,27,29,25,25,14,10,8,17,29,18,16,9,4,4,1,276,10.51%,1,Monday,5,Weekday,1,,,,,,
26/01/2026,FCHBLRWHF01,5,16,29,33,24,26,20,14,12,10,16,14,16,15,13,13,2,2,280,11.79%,1,Monday,5,Weekday,1,,,,,,
26/01/2026,FCHBLRAECS01,3,7,14,17,18,17,10,7,7,9,10,9,5,11,5,6,2,1,158,11.39%,1,Monday,5,Weekday,1,,,,,,
26/01/2026,FCHBLRHSAF01,1,12,12,17,15,8,17,7,8,3,13,9,9,5,4,7,2,0,149,11.41%,1,Monday,5,Weekday,1,,,,,,
26/01/2026,FCHBLRSJR01,7,24,53,34,41,41,28,28,27,20,27,30,34,30,27,14,9,0,474,11.18%,1,Monday,5,Weekday,1,,,,,,
26/01/2026,FCHBLRVAR01,1,9,13,21,23,19,12,16,7,6,10,12,11,6,5,7,2,2,182,12.64%,1,Monday,5,Weekday,1,,,,,,
25/01/2026,FCHBLRHEB01,3,17,21,30,35,26,13,25,5,8,9,9,29,22,13,5,1,0,271,12.92%,7,Sunday,4,Weekend,1,,,,,,
25/01/2026,FCHBLRVAR01,1,13,30,28,21,28,19,10,12,8,5,11,7,12,9,7,6,1,228,13.16%,7,Sunday,4,Weekend,1,,,,,,
25/01/2026,FCHBLRDOD01,4,14,30,39,22,19,15,13,12,7,7,9,23,7,12,2,5,2,242,16.12%,7,Sunday,4,Weekend,1,,,,,,
25/01/2026,FCHBLRBHO01,2,9,30,24,25,13,11,11,9,9,9,7,14,3,6,4,2,1,189,15.87%,7,Sunday,4,Weekend,1,,,,,,
25/01/2026,FCHBLRAECS01,1,12,30,29,22,19,9,8,10,8,5,11,15,7,4,7,4,0,201,14.93%,7,Sunday,4,Weekend,1,,,,,,
25/01/2026,FCHBLRHSAF01,0,20,22,29,21,16,13,13,10,7,3,12,6,6,5,5,2,0,190,15.26%,7,Sunday,4,Weekend,1,,,,,,
25/01/2026,FCHBLRELC01,5,11,24,21,25,12,13,7,7,6,6,8,17,8,5,4,0,0,179,13.97%,7,Sunday,4,Weekend,1,,,,,,
25/01/2026,all,42,223,489,494,436,351,242,209,165,154,139,182,251,182,162,100,56,27,3904,12.65%,7,Sunday,4,Weekend,1,,,,,,
25/01/2026,FCHBLRBEN01,3,7,24,23,20,22,8,5,7,5,9,8,8,15,8,4,5,0,181,13.26%,7,Sunday,4,Weekend,1,,,,,,
25/01/2026,FCHBLRHAR01,2,16,41,39,25,28,21,9,13,9,10,14,19,13,17,6,2,4,288,14.24%,7,Sunday,4,Weekend,1,,,,,,
25/01/2026,FCHBLRHOO01,6,19,43,57,42,27,20,16,13,18,12,18,28,12,19,11,3,2,366,15.57%,7,Sunday,4,Weekend,1,,,,,,
25/01/2026,FCHBLRHSR01,0,9,25,23,28,18,16,14,8,11,11,17,14,15,9,6,9,4,237,11.81%,7,Sunday,4,Weekend,1,,,,,,
25/01/2026,FCHBLRJPN01,4,26,54,39,31,32,19,24,12,9,12,12,15,16,10,10,3,4,332,16.27%,7,Sunday,4,Weekend,1,,,,,,
25/01/2026,FCHBLRKOR01,2,8,27,30,25,25,17,14,15,10,14,16,18,16,8,9,5,2,261,11.49%,7,Sunday,4,Weekend,1,,,,,,
25/01/2026,FCHBLRWHF01,4,14,29,39,39,24,24,20,14,15,12,15,14,13,14,4,4,3,301,12.96%,7,Sunday,4,Weekend,1,,,,,,
25/01/2026,FCHBLRSJR01,5,28,59,44,55,42,24,20,18,24,15,15,24,17,23,16,5,4,438,13.47%,7,Sunday,4,Weekend,1,,,,,,
24/01/2026,FCHBLRHEB01,5,27,52,46,34,33,28,15,11,16,15,19,20,16,20,5,2,1,365,14.25%,6,Saturday,4,Weekend,1,,,,,,
24/01/2026,FCHBLRAECS01,7,20,44,40,23,18,16,14,15,13,11,20,12,7,7,2,5,2,276,15.94%,6,Saturday,4,Weekend,1,,,,,,
24/01/2026,FCHBLRELC01,5,13,26,45,29,19,11,16,7,4,7,6,12,16,12,8,2,0,238,18.91%,6,Saturday,4,Weekend,1,,,,,,
24/01/2026,FCHBLRDOD01,6,11,35,31,36,26,20,18,8,10,9,19,16,13,11,10,0,0,279,12.90%,6,Saturday,4,Weekend,1,,,,,,
24/01/2026,FCHBLRBHO01,1,17,32,32,20,15,11,17,10,8,12,13,15,17,4,3,2,2,231,13.85%,6,Saturday,4,Weekend,1,,,,,,
24/01/2026,FCHBLRHSAF01,7,19,32,31,28,22,13,11,9,9,6,5,9,4,10,8,0,0,223,14.35%,6,Saturday,4,Weekend,1,,,,,,
24/01/2026,FCHBLRSJR01,10,37,67,58,57,49,35,28,24,11,26,37,27,31,18,7,4,3,529,12.67%,6,Saturday,4,Weekend,1,,,,,,
24/01/2026,FCHBLRVAR01,2,14,25,25,21,23,18,13,9,9,8,7,17,13,2,11,5,2,224,11.16%,6,Saturday,4,Weekend,1,,,,,,
24/01/2026,all,81,307,589,611,507,372,295,255,185,186,211,238,235,240,166,96,50,18,4642,13.16%,6,Saturday,4,Weekend,1,,,,,,
24/01/2026,FCHBLRBEN01,4,21,28,36,27,14,11,14,6,13,10,12,11,16,10,0,3,0,236,15.25%,6,Saturday,4,Weekend,1,,,,,,
24/01/2026,FCHBLRHAR01,3,20,38,41,32,23,20,14,8,8,24,19,16,16,11,6,2,5,306,13.40%,6,Saturday,4,Weekend,1,,,,,,
24/01/2026,FCHBLRHOO01,8,26,52,52,38,26,24,26,17,24,19,21,23,20,14,8,6,0,404,12.87%,6,Saturday,4,Weekend,1,,,,,,
24/01/2026,FCHBLRHSR01,2,12,31,34,40,21,20,13,15,9,17,16,11,18,15,9,5,0,288,13.89%,6,Saturday,4,Weekend,1,,,,,,
24/01/2026,FCHBLRJPN01,8,25,48,50,50,22,19,21,17,15,11,16,9,11,6,5,4,0,337,14.84%,6,Saturday,4,Weekend,1,,,,,,
24/01/2026,FCHBLRKOR01,4,21,32,35,38,27,17,17,17,19,19,15,20,24,13,4,4,0,326,11.66%,6,Saturday,4,Weekend,1,,,,,,
24/01/2026,FCHBLRWHF01,9,24,47,55,34,34,32,18,12,18,17,13,17,18,13,10,6,3,380,14.47%,6,Saturday,4,Weekend,1,,,,,,
23/01/2026,FCHBLRBHO01,6,16,21,22,14,13,8,7,4,8,11,12,8,8,7,8,2,1,176,12.50%,5,Friday,4,Weekday,1,,,,,,
23/01/2026,all,146,268,378,318,195,180,169,111,109,109,164,174,178,160,132,103,59,24,2977,12.70%,5,Friday,4,Weekday,1,,,,,,
23/01/2026,FCHBLRBEN01,6,13,21,18,8,9,13,6,5,9,4,9,4,11,4,8,4,1,153,13.73%,5,Friday,4,Weekday,1,,,,,,
23/01/2026,FCHBLRHAR01,10,20,35,31,12,15,5,10,12,10,17,11,10,10,8,9,3,2,230,15.22%,5,Friday,4,Weekday,1,,,,,,
23/01/2026,FCHBLRHOO01,18,30,36,36,17,18,11,12,8,11,16,17,16,19,5,7,4,0,281,12.81%,5,Friday,4,Weekday,1,,,,,,
23/01/2026,FCHBLRHSR01,4,10,27,14,16,9,17,10,7,5,2,12,9,10,12,5,8,3,180,15.00%,5,Friday,4,Weekday,1,,,,,,
23/01/2026,FCHBLRJPN01,19,23,25,22,17,8,20,9,4,8,14,14,11,11,9,2,2,2,220,11.36%,5,Friday,4,Weekday,1,,,,,,
23/01/2026,FCHBLRKOR01,10,20,30,21,17,13,21,10,9,6,13,16,10,10,13,5,6,1,231,12.99%,5,Friday,4,Weekday,1,,,,,,
23/01/2026,FCHBLRWHF01,13,29,34,34,15,24,14,6,11,6,10,11,20,16,8,7,5,2,265,12.83%,5,Friday,4,Weekday,1,,,,,,
23/01/2026,FCHBLRAECS01,6,11,20,11,6,4,6,7,7,5,12,9,8,7,7,5,4,0,135,14.81%,5,Friday,4,Weekday,1,,,,,,
23/01/2026,FCHBLRDOD01,5,13,34,24,12,13,12,5,8,13,8,8,12,10,12,8,4,4,205,16.59%,5,Friday,4,Weekday,1,,,,,,
23/01/2026,FCHBLRHEB01,7,6,14,12,8,5,3,3,2,6,7,3,10,11,3,1,1,0,102,13.73%,5,Friday,4,Weekday,1,,,,,,
23/01/2026,FCHBLRHSAF01,6,14,13,9,7,9,11,5,5,3,5,4,11,6,3,5,7,0,123,11.38%,5,Friday,4,Weekday,1,,,,,,
23/01/2026,FCHBLRELC01,7,9,13,13,8,9,7,4,4,2,9,15,9,6,9,9,2,1,136,11.03%,5,Friday,4,Weekday,1,,,,,,
23/01/2026,FCHBLRVAR01,6,11,12,14,13,11,3,5,7,5,10,8,11,4,10,7,1,1,139,10.07%,5,Friday,4,Weekday,1,,,,,,
23/01/2026,FCHBLRSJR01,23,43,43,37,25,20,18,12,16,12,26,25,29,21,22,17,6,4,399,10.78%,5,Friday,4,Weekday,1,,,,,,
22/01/2026,FCHBLRBHO01,7,17,22,15,14,10,13,3,2,8,10,10,13,6,14,7,5,0,176,12.50%,4,Thursday,4,Weekday,1,,,,,,
22/01/2026,all,132,272,405,294,234,188,148,118,100,133,175,209,221,183,164,103,64,19,3162,12.81%,4,Thursday,4,Weekday,1,,,,,,
22/01/2026,FCHBLRBEN01,7,14,21,23,13,8,6,8,7,9,7,5,11,13,10,3,4,1,170,13.53%,4,Thursday,4,Weekday,1,,,,,,
22/01/2026,FCHBLRHAR01,15,28,32,19,15,13,15,11,3,12,20,21,15,17,14,7,6,0,263,12.17%,4,Thursday,4,Weekday,1,,,,,,
22/01/2026,FCHBLRHOO01,13,27,32,35,26,21,18,10,13,8,19,18,28,11,9,8,2,2,300,11.67%,4,Thursday,4,Weekday,1,,,,,,
22/01/2026,FCHBLRHSR01,10,24,18,18,17,18,10,5,11,16,9,14,19,15,12,7,3,5,231,10.39%,4,Thursday,4,Weekday,1,,,,,,
22/01/2026,FCHBLRJPN01,7,26,35,19,12,16,7,7,6,16,15,23,15,8,17,4,1,1,235,14.89%,4,Thursday,4,Weekday,1,,,,,,
22/01/2026,FCHBLRKOR01,7,14,35,24,13,14,8,8,11,8,12,21,7,14,13,4,5,1,219,15.98%,4,Thursday,4,Weekday,1,,,,,,
22/01/2026,FCHBLRWHF01,11,19,41,25,15,15,14,16,6,13,19,14,15,21,9,7,4,0,264,15.53%,4,Thursday,4,Weekday,1,,,,,,
22/01/2026,FCHBLRDOD01,11,18,34,26,15,7,11,8,5,8,7,11,12,18,13,10,7,0,221,15.38%,4,Thursday,4,Weekday,1,,,,,,
22/01/2026,FCHBLRAECS01,4,18,21,9,14,7,6,3,7,5,7,10,17,8,7,4,2,0,149,14.09%,4,Thursday,4,Weekday,1,,,,,,
22/01/2026,FCHBLRHSAF01,4,8,12,13,10,9,5,4,4,5,5,9,11,6,6,8,3,0,122,10.66%,4,Thursday,4,Weekday,1,,,,,,
22/01/2026,FCHBLRELC01,11,4,12,5,16,8,9,8,3,6,6,7,8,7,9,8,6,3,136,11.76%,4,Thursday,4,Weekday,1,,,,,,
22/01/2026,FCHBLRHEB01,8,3,10,10,9,6,3,7,3,5,5,3,3,9,2,1,4,1,92,10.87%,4,Thursday,4,Weekday,1,,,,,,
22/01/2026,FCHBLRVAR01,7,9,24,11,19,10,6,5,5,5,9,8,15,6,9,5,1,2,156,15.38%,4,Thursday,4,Weekday,1,,,,,,
22/01/2026,FCHBLRSJR01,10,43,56,42,26,26,17,15,14,9,25,35,32,24,20,20,11,3,428,13.08%,4,Thursday,4,Weekday,1,,,,,,
21/01/2026,FCHBLRBHO01,10,16,25,14,9,12,5,4,3,7,13,13,10,14,10,7,5,0,177,14.12%,3,Wednesday,4,Weekday,1,,,,,,
21/01/2026,all,131,292,385,348,236,146,139,110,110,128,136,176,216,204,159,115,70,23,3124,12.32%,3,Wednesday,4,Weekday,1,,,,,,
21/01/2026,FCHBLRBEN01,5,19,16,24,5,7,4,4,6,7,12,7,14,16,9,6,5,0,166,14.46%,3,Wednesday,4,Weekday,1,,,,,,
21/01/2026,FCHBLRHAR01,11,24,27,29,19,10,11,6,11,9,11,16,18,14,16,10,5,0,247,11.74%,3,Wednesday,4,Weekday,1,,,,,,
21/01/2026,FCHBLRHOO01,11,25,47,42,23,16,10,12,10,16,15,19,15,23,13,11,5,1,314,14.97%,3,Wednesday,4,Weekday,1,,,,,,
21/01/2026,FCHBLRHSR01,11,28,28,27,15,17,12,6,8,6,6,8,17,23,8,9,5,3,237,11.81%,3,Wednesday,4,Weekday,1,,,,,,
21/01/2026,FCHBLRJPN01,15,21,24,23,25,17,16,12,9,7,10,15,11,9,7,5,3,1,230,10.87%,3,Wednesday,4,Weekday,1,,,,,,
21/01/2026,FCHBLRKOR01,10,27,30,26,21,9,13,6,8,13,8,10,14,10,14,7,6,4,236,12.71%,3,Wednesday,4,Weekday,1,,,,,,
21/01/2026,FCHBLRWHF01,11,27,29,23,18,10,14,11,8,14,9,16,18,14,16,8,6,2,254,11.42%,3,Wednesday,4,Weekday,1,,,,,,
21/01/2026,FCHBLRAECS01,6,17,20,19,13,4,5,4,3,5,5,8,14,7,5,4,3,1,143,13.99%,3,Wednesday,4,Weekday,1,,,,,,
21/01/2026,FCHBLRHEB01,2,10,19,17,10,3,1,0,5,5,4,4,6,7,9,5,2,2,111,17.12%,3,Wednesday,4,Weekday,1,,,,,,
21/01/2026,FCHBLRELC01,12,12,15,9,9,6,7,7,6,2,4,4,16,9,11,7,0,2,138,11.59%,3,Wednesday,4,Weekday,1,,,,,,
21/01/2026,FCHBLRHSAF01,3,10,14,15,8,5,7,5,4,3,7,11,11,10,6,5,3,0,127,11.81%,3,Wednesday,4,Weekday,1,,,,,,
21/01/2026,FCHBLRDOD01,4,11,27,19,19,4,13,10,9,11,12,7,13,9,7,5,4,1,185,14.59%,3,Wednesday,4,Weekday,1,,,,,,
21/01/2026,FCHBLRVAR01,5,14,10,16,12,6,7,8,4,8,9,5,12,6,12,8,5,2,149,10.74%,3,Wednesday,4,Weekday,1,,,,,,
21/01/2026,FCHBLRSJR01,15,31,54,45,30,20,14,15,16,15,11,33,25,33,16,18,13,4,408,13.24%,3,Wednesday,4,Weekday,1,,,,,,
20/01/2026,FCHBLRDOD01,6,15,23,23,18,15,13,6,13,12,13,16,15,10,13,4,7,2,224,10.27%,2,Tuesday,4,Weekday,1,,,,,,
20/01/2026,all,128,304,350,276,212,164,156,124,103,128,168,224,216,221,148,99,61,18,3100,11.29%,2,Tuesday,4,Weekday,1,,,,,,
20/01/2026,FCHBLRBEN01,7,18,17,7,8,6,10,12,2,7,6,15,9,8,7,3,2,2,146,12.33%,2,Tuesday,4,Weekday,1,,,,,,
20/01/2026,FCHBLRHAR01,15,22,42,23,15,9,13,9,8,13,7,15,11,14,7,7,4,1,235,17.87%,2,Tuesday,4,Weekday,1,,,,,,
20/01/2026,FCHBLRHOO01,15,36,34,25,25,11,13,12,4,12,13,24,17,24,10,7,3,3,288,12.50%,2,Tuesday,4,Weekday,1,,,,,,
20/01/2026,FCHBLRHSR01,6,23,27,16,24,17,12,3,8,4,11,10,22,18,13,14,6,2,236,11.44%,2,Tuesday,4,Weekday,1,,,,,,
20/01/2026,FCHBLRJPN01,10,23,29,22,12,12,11,12,11,9,9,15,15,13,17,5,4,0,229,12.66%,2,Tuesday,4,Weekday,1,,,,,,
20/01/2026,FCHBLRKOR01,11,24,22,8,20,10,4,18,11,10,12,9,11,20,8,7,5,2,212,11.32%,2,Tuesday,4,Weekday,1,,,,,,
20/01/2026,FCHBLRWHF01,5,31,25,29,15,19,17,10,6,4,18,24,21,21,13,8,2,2,270,11.48%,2,Tuesday,4,Weekday,1,,,,,,
20/01/2026,FCHBLRBHO01,3,21,17,16,10,8,6,3,5,8,9,11,16,14,6,2,4,0,159,13.21%,2,Tuesday,4,Weekday,1,,,,,,
20/01/2026,FCHBLRHSAF01,9,10,20,16,11,6,9,3,2,11,11,6,9,11,6,3,3,0,146,13.70%,2,Tuesday,4,Weekday,1,,,,,,
20/01/2026,FCHBLRHEB01,5,9,12,15,5,5,9,6,2,5,10,8,10,7,0,4,1,0,113,13.27%,2,Tuesday,4,Weekday,1,,,,,,
20/01/2026,FCHBLRAECS01,6,10,20,15,6,7,7,2,5,5,3,13,4,9,4,8,4,1,129,15.50%,2,Tuesday,4,Weekday,1,,,,,,
20/01/2026,FCHBLRELC01,5,11,13,9,9,4,8,3,9,8,8,11,14,13,11,4,4,0,144,9.72%,2,Tuesday,4,Weekday,1,,,,,,
20/01/2026,FCHBLRVAR01,11,12,10,10,9,16,8,6,2,4,9,15,8,13,6,9,1,1,150,10.67%,2,Tuesday,4,Weekday,1,,,,,,
20/01/2026,FCHBLRSJR01,14,39,39,42,25,19,16,19,15,16,29,30,34,26,25,14,11,2,415,10.12%,2,Tuesday,4,Weekday,1,,,,,,
19/01/2026,all,144,254,334,295,217,157,138,111,94,112,156,180,198,173,150,114,63,22,2912,11.47%,1,Monday,4,Weekday,1,,,,,,
19/01/2026,FCHBLRBEN01,8,11,15,14,14,7,12,10,7,5,7,7,9,15,4,9,1,0,155,9.68%,1,Monday,4,Weekday,1,,,,,,
19/01/2026,FCHBLRHAR01,15,15,26,33,13,10,10,11,7,13,10,9,15,10,14,10,6,3,230,14.35%,1,Monday,4,Weekday,1,,,,,,
19/01/2026,FCHBLRHOO01,18,21,27,39,21,13,8,8,10,14,18,19,22,15,10,10,6,2,281,13.88%,1,Monday,4,Weekday,1,,,,,,
19/01/2026,FCHBLRHSR01,3,15,27,19,18,20,13,10,6,9,15,13,17,16,12,9,9,1,232,11.64%,1,Monday,4,Weekday,1,,,,,,
19/01/2026,FCHBLRJPN01,12,20,26,21,15,14,7,12,11,7,11,21,10,9,17,0,2,2,217,11.98%,1,Monday,4,Weekday,1,,,,,,
19/01/2026,FCHBLRKOR01,8,23,35,24,20,6,7,6,5,6,10,15,16,11,9,10,2,3,216,16.20%,1,Monday,4,Weekday,1,,,,,,
19/01/2026,FCHBLRWHF01,11,24,23,21,20,15,14,11,10,9,13,9,17,10,15,5,1,4,232,10.34%,1,Monday,4,Weekday,1,,,,,,
19/01/2026,FCHBLRBHO01,9,21,16,19,10,6,8,4,4,5,8,12,10,7,8,4,3,1,155,13.55%,1,Monday,4,Weekday,1,,,,,,
19/01/2026,FCHBLRHEB01,6,10,10,7,12,8,4,3,5,2,7,7,6,7,5,1,3,0,103,11.65%,1,Monday,4,Weekday,1,,,,,,
19/01/2026,FCHBLRAECS01,3,12,17,5,6,4,9,7,3,7,10,10,8,9,4,4,1,0,119,14.29%,1,Monday,4,Weekday,1,,,,,,
19/01/2026,FCHBLRDOD01,14,18,26,19,22,11,10,4,5,9,8,8,8,10,9,9,6,2,198,13.13%,1,Monday,4,Weekday,1,,,,,,
19/01/2026,FCHBLRELC01,8,12,15,9,10,5,2,3,2,5,9,8,9,9,12,10,5,1,134,11.19%,1,Monday,4,Weekday,1,,,,,,
19/01/2026,FCHBLRHSAF01,5,9,10,13,4,6,12,6,3,4,7,4,9,9,5,9,1,0,116,11.21%,1,Monday,4,Weekday,1,,,,,,
19/01/2026,FCHBLRVAR01,10,10,16,11,4,8,5,5,6,4,5,10,15,8,4,5,7,2,135,11.85%,1,Monday,4,Weekday,1,,,,,,
19/01/2026,FCHBLRSJR01,14,33,45,41,28,24,17,11,10,13,18,28,27,28,22,19,10,1,389,11.57%,1,Monday,4,Weekday,1,,,,,,
18/01/2026,FCHBLRDOD01,1,13,20,45,25,26,15,12,9,13,12,16,15,15,15,5,1,3,261,17.24%,7,Sunday,3,Weekend,1,,,,,,
18/01/2026,FCHBLRSJR01,3,26,40,69,59,42,40,26,31,31,20,27,28,38,21,11,10,6,528,13.07%,7,Sunday,3,Weekend,1,,,,,,
18/01/2026,FCHBLRBHO01,5,8,15,31,21,22,14,15,5,5,4,10,15,14,9,8,0,0,201,15.42%,7,Sunday,3,Weekend,1,,,,,,
18/01/2026,FCHBLRVAR01,1,8,28,26,24,11,19,17,10,4,15,14,16,15,6,3,2,0,219,12.79%,7,Sunday,3,Weekend,1,,,,,,
18/01/2026,FCHBLRELC01,1,10,21,30,18,10,23,13,7,5,7,12,11,7,4,2,0,4,185,16.22%,7,Sunday,3,Weekend,1,,,,,,
18/01/2026,FCHBLRAECS01,1,9,25,28,22,19,16,5,9,5,4,9,12,10,5,10,5,1,195,14.36%,7,Sunday,3,Weekend,1,,,,,,
18/01/2026,FCHBLRHSAF01,2,9,13,28,24,18,21,4,8,4,11,12,13,11,7,2,2,0,189,14.81%,7,Sunday,3,Weekend,1,,,,,,
18/01/2026,all,36,193,376,557,454,360,290,219,172,132,168,209,254,260,173,94,56,22,4025,13.84%,7,Sunday,3,Weekend,1,,,,,,
18/01/2026,FCHBLRBEN01,1,8,20,23,29,15,11,12,3,8,14,10,17,13,9,4,2,0,199,14.57%,7,Sunday,3,Weekend,1,,,,,,
18/01/2026,FCHBLRHAR01,1,17,32,43,30,26,14,18,8,14,9,14,17,15,15,8,3,3,287,14.98%,7,Sunday,3,Weekend,1,,,,,,
18/01/2026,FCHBLRHOO01,7,23,34,57,46,34,28,25,16,8,17,19,23,35,11,4,5,1,393,14.50%,7,Sunday,3,Weekend,1,,,,,,
18/01/2026,FCHBLRHSR01,0,10,29,22,29,25,18,19,13,5,9,16,20,12,14,8,8,2,259,11.20%,7,Sunday,3,Weekend,1,,,,,,
18/01/2026,FCHBLRJPN01,3,18,45,51,43,40,17,18,16,12,22,13,27,25,23,8,4,1,386,13.21%,7,Sunday,3,Weekend,1,,,,,,
18/01/2026,FCHBLRKOR01,3,9,17,37,23,28,23,14,15,5,10,12,25,23,16,8,5,1,274,13.50%,7,Sunday,3,Weekend,1,,,,,,
18/01/2026,FCHBLRWHF01,5,18,30,42,45,32,23,17,13,10,9,19,12,21,13,9,6,0,324,13.89%,7,Sunday,3,Weekend,1,,,,,,
18/01/2026,FCHBLRHEB01,2,7,7,25,16,12,8,4,9,3,5,6,3,6,5,4,3,0,125,20.00%,7,Sunday,3,Weekend,1,,,,,,
17/01/2026,FCHBLRDOD01,2,11,32,42,30,30,17,12,17,13,10,15,17,21,8,4,4,2,287,14.63%,6,Saturday,3,Weekend,1,,,,,,
17/01/2026,FCHBLRBHO01,3,9,24,26,25,22,23,16,17,9,11,12,14,10,7,4,1,0,233,11.16%,6,Saturday,3,Weekend,1,,,,,,
17/01/2026,FCHBLRHSAF01,4,16,27,30,18,19,9,8,14,17,15,7,9,9,6,2,1,0,211,14.22%,6,Saturday,3,Weekend,1,,,,,,
17/01/2026,FCHBLRAECS01,2,8,20,39,23,19,15,16,11,13,5,7,17,14,7,2,3,3,224,17.41%,6,Saturday,3,Weekend,1,,,,,,
17/01/2026,FCHBLRELC01,7,7,16,29,23,11,17,11,11,11,7,6,12,3,10,4,4,1,190,15.26%,6,Saturday,3,Weekend,1,,,,,,
17/01/2026,FCHBLRSJR01,17,30,61,69,45,33,35,18,28,19,31,20,40,27,23,14,6,1,517,13.35%,6,Saturday,3,Weekend,1,,,,,,
17/01/2026,FCHBLRVAR01,5,13,26,33,19,20,20,12,8,9,6,8,10,8,8,7,1,3,216,15.28%,6,Saturday,3,Weekend,1,,,,,,
17/01/2026,FCHBLRHEB01,1,12,15,21,21,13,8,6,6,7,4,6,5,2,4,4,2,0,137,15.33%,6,Saturday,3,Weekend,1,,,,,,
17/01/2026,all,89,261,453,580,434,345,301,219,224,219,179,186,251,187,141,94,40,11,4214,13.76%,6,Saturday,3,Weekend,1,,,,,,
17/01/2026,FCHBLRBEN01,6,10,30,26,23,14,16,9,13,16,10,4,16,10,9,6,3,0,221,13.57%,6,Saturday,3,Weekend,1,,,,,,
17/01/2026,FCHBLRHAR01,9,25,29,38,39,28,26,12,11,14,15,21,17,13,8,4,2,0,311,12.54%,6,Saturday,3,Weekend,1,,,,,,
17/01/2026,FCHBLRHOO01,5,21,50,48,38,25,31,17,14,25,14,11,21,19,10,9,1,0,359,13.93%,6,Saturday,3,Weekend,1,,,,,,
17/01/2026,FCHBLRHSR01,3,16,23,32,20,15,17,15,13,19,14,12,15,12,7,9,1,0,243,13.17%,6,Saturday,3,Weekend,1,,,,,,
17/01/2026,FCHBLRJPN01,12,37,46,54,48,39,31,22,21,18,20,20,19,18,18,10,4,0,437,12.36%,6,Saturday,3,Weekend,1,,,,,,
17/01/2026,FCHBLRKOR01,4,22,26,36,26,28,18,14,21,14,3,21,13,4,5,9,3,1,268,13.43%,6,Saturday,3,Weekend,1,,,,,,
17/01/2026,FCHBLRWHF01,9,24,28,57,36,29,18,31,19,15,14,16,26,17,10,6,4,0,359,15.88%,6,Saturday,3,Weekend,1,,,,,,
16/01/2026,all,78,212,277,253,200,150,149,92,98,128,128,171,169,168,118,97,64,25,2577,10.75%,5,Friday,3,Weekday,1,,,,,,
16/01/2026,FCHBLRBEN01,6,8,22,11,8,10,4,6,2,10,12,8,10,10,7,2,4,1,141,15.60%,5,Friday,3,Weekday,1,,,,,,
16/01/2026,FCHBLRHAR01,6,18,25,24,13,13,14,7,10,10,7,12,14,13,14,8,5,5,218,11.47%,5,Friday,3,Weekday,1,,,,,,
16/01/2026,FCHBLRHOO01,11,20,32,19,22,10,21,8,7,13,15,15,9,7,8,14,4,1,236,13.56%,5,Friday,3,Weekday,1,,,,,,
16/01/2026,FCHBLRHSR01,3,18,11,12,12,12,12,5,9,7,14,11,12,15,15,6,3,2,179,10.06%,5,Friday,3,Weekday,1,,,,,,
16/01/2026,FCHBLRJPN01,6,18,23,23,7,10,12,6,8,14,11,15,11,17,5,1,0,1,188,12.23%,5,Friday,3,Weekday,1,,,,,,
16/01/2026,FCHBLRKOR01,7,13,19,17,17,6,11,5,2,7,10,15,11,13,6,7,6,2,174,10.92%,5,Friday,3,Weekday,1,,,,,,
16/01/2026,FCHBLRWHF01,4,18,26,23,16,13,14,7,12,8,6,7,17,16,7,9,7,2,212,12.26%,5,Friday,3,Weekday,1,,,,,,
16/01/2026,FCHBLRBHO01,8,10,11,18,9,6,13,3,7,6,6,10,8,5,10,3,7,1,141,12.77%,5,Friday,3,Weekday,1,,,,,,
16/01/2026,FCHBLRAECS01,3,9,11,10,7,6,5,5,7,4,5,10,11,7,4,6,4,3,117,9.40%,5,Friday,3,Weekday,1,,,,,,
16/01/2026,FCHBLRHEB01,5,7,7,7,8,8,8,4,0,3,6,7,9,5,3,1,1,0,89,10.11%,5,Friday,3,Weekday,1,,,,,,
16/01/2026,FCHBLRDOD01,1,7,19,22,19,18,8,10,8,6,10,9,10,7,6,6,9,1,176,12.50%,5,Friday,3,Weekday,1,,,,,,
16/01/2026,FCHBLRHSAF01,4,15,7,5,10,7,3,6,6,5,5,7,4,8,5,6,1,0,104,14.42%,5,Friday,3,Weekday,1,,,,,,
16/01/2026,FCHBLRELC01,3,11,13,11,10,2,5,4,3,6,5,12,6,5,5,6,6,0,113,11.50%,5,Friday,3,Weekday,1,,,,,,
16/01/2026,FCHBLRVAR01,1,11,11,9,6,5,8,3,7,8,5,7,13,7,9,7,1,1,119,10.92%,5,Friday,3,Weekday,1,,,,,,
16/01/2026,FCHBLRSJR01,10,29,40,42,36,24,11,13,10,21,11,26,24,33,14,15,6,5,370,11.35%,5,Friday,3,Weekday,1,,,,,,
15/01/2026,FCHBLRAECS01,2,14,27,21,18,13,9,6,4,5,10,5,12,10,6,6,2,0,170,15.88%,4,Thursday,3,Weekday,1,,,,,,
15/01/2026,FCHBLRBHO01,1,7,20,19,15,10,7,9,7,6,8,10,10,10,11,9,2,3,164,12.20%,4,Thursday,3,Weekday,1,,,,,,
15/01/2026,FCHBLRHSAF01,5,13,18,19,17,13,10,6,5,4,7,3,3,10,7,5,3,0,148,12.84%,4,Thursday,3,Weekday,1,,,,,,
15/01/2026,all,75,245,376,377,291,224,176,134,133,93,157,151,190,179,142,102,43,31,3119,12.09%,4,Thursday,3,Weekday,1,,,,,,
15/01/2026,FCHBLRBEN01,2,16,19,18,14,12,11,6,6,7,10,7,7,8,6,3,1,4,157,12.10%,4,Thursday,3,Weekday,1,,,,,,
15/01/2026,FCHBLRHAR01,7,24,36,26,15,11,15,6,8,13,10,12,17,9,8,6,4,3,230,15.65%,4,Thursday,3,Weekday,1,,,,,,
15/01/2026,FCHBLRHOO01,10,28,51,42,27,12,17,14,17,9,18,19,14,21,12,10,6,4,331,15.41%,4,Thursday,3,Weekday,1,,,,,,
15/01/2026,FCHBLRHSR01,2,16,13,30,16,21,14,13,10,2,8,12,10,19,13,7,3,3,212,14.15%,4,Thursday,3,Weekday,1,,,,,,
15/01/2026,FCHBLRJPN01,6,21,29,24,20,14,9,7,10,6,9,6,9,12,9,4,3,1,199,14.57%,4,Thursday,3,Weekday,1,,,,,,
15/01/2026,FCHBLRKOR01,4,5,24,25,23,18,14,14,14,6,10,11,12,9,7,13,3,1,213,11.74%,4,Thursday,3,Weekday,1,,,,,,
15/01/2026,FCHBLRWHF01,10,19,27,26,21,20,18,15,9,10,13,18,16,11,12,5,2,1,253,10.67%,4,Thursday,3,Weekday,1,,,,,,
15/01/2026,FCHBLRELC01,3,13,14,15,16,11,11,3,8,5,5,5,15,6,13,7,1,1,152,10.53%,4,Thursday,3,Weekday,1,,,,,,
15/01/2026,FCHBLRVAR01,5,13,28,24,22,11,4,4,7,4,5,9,9,13,8,3,2,2,173,16.18%,4,Thursday,3,Weekday,1,,,,,,
15/01/2026,FCHBLRHEB01,3,10,4,12,11,14,6,2,8,2,6,3,4,3,6,4,1,2,101,13.86%,4,Thursday,3,Weekday,1,,,,,,
15/01/2026,FCHBLRDOD01,5,10,25,22,21,16,8,11,3,7,9,13,11,10,5,7,3,3,189,13.23%,4,Thursday,3,Weekday,1,,,,,,
15/01/2026,FCHBLRSJR01,10,36,41,53,35,28,22,18,17,7,29,18,40,27,19,13,6,1,420,12.62%,4,Thursday,3,Weekday,1,,,,,,
14/01/2026,FCHBLRBHO01,8,12,17,12,7,15,7,5,4,10,9,11,10,13,8,7,4,2,161,10.56%,3,Wednesday,3,Weekday,1,,,,,,
14/01/2026,FCHBLRAECS01,8,9,16,12,12,14,9,5,7,4,13,13,13,7,7,3,2,0,154,10.39%,3,Wednesday,3,Weekday,1,,,,,,
14/01/2026,all,113,225,349,295,220,193,145,107,103,113,144,183,191,176,150,108,46,24,2885,12.10%,3,Wednesday,3,Weekday,1,,,,,,
14/01/2026,FCHBLRBEN01,10,14,19,23,12,7,7,5,3,9,4,6,14,10,8,5,2,0,158,14.56%,3,Wednesday,3,Weekday,1,,,,,,
14/01/2026,FCHBLRHAR01,8,21,29,24,16,17,13,5,7,7,9,12,13,19,16,10,4,2,232,12.50%,3,Wednesday,3,Weekday,1,,,,,,
14/01/2026,FCHBLRHOO01,10,32,41,39,23,23,15,11,13,12,14,22,17,20,7,14,3,2,318,12.89%,3,Wednesday,3,Weekday,1,,,,,,
14/01/2026,FCHBLRHSR01,6,8,21,15,18,13,10,5,6,7,8,16,11,12,12,7,7,4,186,11.29%,3,Wednesday,3,Weekday,1,,,,,,
14/01/2026,FCHBLRJPN01,8,20,24,18,17,13,7,2,6,10,12,14,12,12,9,4,3,2,193,12.44%,3,Wednesday,3,Weekday,1,,,,,,
14/01/2026,FCHBLRKOR01,3,12,27,19,14,13,8,10,5,8,9,9,7,18,8,11,5,1,187,14.44%,3,Wednesday,3,Weekday,1,,,,,,
14/01/2026,FCHBLRWHF01,9,27,24,22,24,13,20,11,7,8,10,9,13,21,4,9,3,2,236,11.44%,3,Wednesday,3,Weekday,1,,,,,,
14/01/2026,FCHBLRHEB01,5,5,15,13,4,5,5,4,5,3,4,5,10,5,5,6,2,0,101,14.85%,3,Wednesday,3,Weekday,1,,,,,,
14/01/2026,FCHBLRHSAF01,5,5,12,16,7,14,5,4,8,0,5,10,5,5,10,4,1,0,116,13.79%,3,Wednesday,3,Weekday,1,,,,,,
14/01/2026,FCHBLRDOD01,7,12,20,21,11,9,14,11,8,11,13,14,11,7,10,3,3,0,185,11.35%,3,Wednesday,3,Weekday,1,,,,,,
14/01/2026,FCHBLRVAR01,8,14,19,12,14,13,6,6,4,4,6,9,8,10,11,5,1,0,150,12.67%,3,Wednesday,3,Weekday,1,,,,,,
14/01/2026,FCHBLRELC01,9,5,15,14,9,7,4,6,3,5,6,8,12,6,4,2,1,1,117,12.82%,3,Wednesday,3,Weekday,1,,,,,,
14/01/2026,FCHBLRSJR01,9,29,50,35,31,16,15,17,17,15,21,25,34,11,31,18,4,7,385,12.99%,3,Wednesday,3,Weekday,1,,,,,,
13/01/2026,FCHBLRBHO01,8,7,23,18,11,4,7,2,3,8,10,10,14,14,12,1,3,3,158,14.56%,2,Tuesday,3,Weekday,1,,,,,,
13/01/2026,all,127,235,312,289,203,146,135,118,113,129,148,173,227,241,206,129,74,36,3041,10.26%,2,Tuesday,3,Weekday,1,,,,,,
13/01/2026,FCHBLRBEN01,8,9,17,16,8,12,6,10,6,8,7,3,6,10,13,12,3,0,154,11.04%,2,Tuesday,3,Weekday,1,,,,,,
13/01/2026,FCHBLRHAR01,13,22,22,29,21,11,10,5,3,9,19,13,24,14,20,7,11,2,255,11.37%,2,Tuesday,3,Weekday,1,,,,,,
13/01/2026,FCHBLRHOO01,13,23,29,29,17,17,9,14,15,11,15,21,19,14,17,13,11,5,292,9.93%,2,Tuesday,3,Weekday,1,,,,,,
13/01/2026,FCHBLRHSR01,9,24,18,16,14,15,11,11,10,8,11,12,19,19,21,10,4,5,237,10.13%,2,Tuesday,3,Weekday,1,,,,,,
13/01/2026,FCHBLRJPN01,8,23,28,19,12,7,10,11,5,12,7,11,22,27,12,9,3,2,228,12.28%,2,Tuesday,3,Weekday,1,,,,,,
13/01/2026,FCHBLRKOR01,8,13,19,22,21,10,10,5,6,4,9,12,12,21,16,12,6,5,211,10.43%,2,Tuesday,3,Weekday,1,,,,,,
13/01/2026,FCHBLRWHF01,11,21,17,26,14,14,15,9,13,12,16,13,15,15,24,14,6,2,257,10.12%,2,Tuesday,3,Weekday,1,,,,,,
13/01/2026,FCHBLRVAR01,6,10,22,7,11,9,10,4,8,12,5,13,13,21,6,12,5,1,175,12.57%,2,Tuesday,3,Weekday,1,,,,,,
13/01/2026,FCHBLRAECS01,5,16,17,12,11,6,6,3,4,4,8,5,9,10,6,6,2,1,131,12.98%,2,Tuesday,3,Weekday,1,,,,,,
13/01/2026,FCHBLRHEB01,2,5,13,16,6,8,6,4,3,3,4,9,6,7,7,3,2,0,104,15.38%,2,Tuesday,3,Weekday,1,,,,,,
13/01/2026,FCHBLRELC01,6,11,13,13,9,1,8,5,9,5,8,11,14,13,9,3,1,1,140,10.00%,2,Tuesday,3,Weekday,1,,,,,,
13/01/2026,FCHBLRHSAF01,9,5,12,14,7,8,3,8,4,6,7,9,12,9,9,4,3,0,129,10.85%,2,Tuesday,3,Weekday,1,,,,,,
13/01/2026,FCHBLRDOD01,3,12,21,13,17,7,6,10,11,12,6,5,12,14,16,5,2,4,176,11.93%,2,Tuesday,3,Weekday,1,,,,,,
13/01/2026,FCHBLRSJR01,18,34,41,39,24,17,16,17,13,15,16,26,30,33,18,18,12,5,392,10.46%,2,Tuesday,3,Weekday,1,,,,,,
12/01/2026,FCHBLRDOD01,9,23,25,18,13,9,14,8,6,13,16,7,21,12,11,12,3,1,221,11.31%,1,Monday,3,Weekday,1,,,,,,
12/01/2026,all,122,270,352,307,236,163,155,124,95,114,173,171,245,217,166,145,62,20,3137,11.22%,1,Monday,3,Weekday,1,,,,,,
12/01/2026,FCHBLRBEN01,10,23,25,22,13,7,10,6,5,4,8,8,14,11,14,6,4,2,192,13.02%,1,Monday,3,Weekday,1,,,,,,
12/01/2026,FCHBLRHAR01,10,12,38,23,16,6,9,11,7,10,12,11,21,14,10,7,4,3,224,16.96%,1,Monday,3,Weekday,1,,,,,,
12/01/2026,FCHBLRHOO01,15,29,36,27,24,20,10,16,7,14,15,20,18,20,14,11,6,0,302,11.92%,1,Monday,3,Weekday,1,,,,,,
12/01/2026,FCHBLRHSR01,10,18,21,27,21,10,12,11,5,9,8,14,8,18,18,13,4,2,229,11.79%,1,Monday,3,Weekday,1,,,,,,
12/01/2026,FCHBLRJPN01,8,21,19,27,17,13,15,6,8,3,16,15,15,23,8,3,5,0,222,12.16%,1,Monday,3,Weekday,1,,,,,,
12/01/2026,FCHBLRKOR01,4,14,20,22,16,9,12,8,11,5,9,12,17,16,13,15,6,2,211,10.43%,1,Monday,3,Weekday,1,,,,,,
12/01/2026,FCHBLRWHF01,13,28,23,27,24,13,13,8,8,6,16,10,19,19,15,15,5,0,262,10.69%,1,Monday,3,Weekday,1,,,,,,
12/01/2026,FCHBLRBHO01,6,12,18,12,9,7,7,1,4,10,7,7,11,7,11,8,6,2,145,12.41%,1,Monday,3,Weekday,1,,,,,,
12/01/2026,FCHBLRAECS01,6,14,19,9,10,12,3,7,3,4,8,14,12,8,5,2,1,1,138,13.77%,1,Monday,3,Weekday,1,,,,,,
12/01/2026,FCHBLRSJR01,12,35,49,47,30,28,20,16,15,17,26,28,42,31,23,24,8,4,455,10.77%,1,Monday,3,Weekday,1,,,,,,
12/01/2026,FCHBLRHEB01,7,8,17,10,5,4,10,5,3,5,4,3,13,10,5,1,2,1,113,15.04%,1,Monday,3,Weekday,1,,,,,,
12/01/2026,FCHBLRHSAF01,4,7,16,12,9,4,8,6,4,4,11,14,8,8,8,8,1,0,132,12.12%,1,Monday,3,Weekday,1,,,,,,
12/01/2026,FCHBLRELC01,3,14,14,14,12,8,3,7,4,5,7,4,14,11,6,8,2,0,136,10.29%,1,Monday,3,Weekday,1,,,,,,
12/01/2026,FCHBLRVAR01,5,12,12,10,17,13,9,8,5,5,10,4,12,9,5,12,5,2,155,10.97%,1,Monday,3,Weekday,1,,,,,,
11/01/2026,FCHBLRDOD01,2,13,24,35,32,27,24,17,11,9,13,11,16,18,16,8,2,2,280,12.50%,7,Sunday,2,Weekend,1,,,,,,
11/01/2026,FCHBLRSJR01,5,25,46,77,70,51,35,25,25,17,25,21,36,19,26,16,12,3,534,14.42%,7,Sunday,2,Weekend,1,,,,,,
11/01/2026,FCHBLRVAR01,4,6,34,40,25,17,16,13,10,7,12,12,11,9,13,3,2,0,234,17.09%,7,Sunday,2,Weekend,1,,,,,,
11/01/2026,FCHBLRAECS01,1,14,24,27,30,24,10,13,11,6,6,13,16,22,10,11,1,3,242,12.40%,7,Sunday,2,Weekend,1,,,,,,
11/01/2026,FCHBLRBHO01,1,9,20,18,23,17,12,9,10,13,11,26,12,9,10,7,0,1,208,12.50%,7,Sunday,2,Weekend,1,,,,,,
11/01/2026,FCHBLRELC01,4,8,26,25,21,17,14,6,6,7,10,9,15,7,7,4,3,0,189,13.76%,7,Sunday,2,Weekend,1,,,,,,
11/01/2026,FCHBLRHSAF01,1,8,21,29,20,17,13,15,7,9,11,11,17,13,5,4,4,0,205,14.15%,7,Sunday,2,Weekend,1,,,,,,
11/01/2026,FCHBLRHEB01,2,8,22,19,15,5,8,11,7,5,2,3,9,3,7,9,0,2,137,16.06%,7,Sunday,2,Weekend,1,,,,,,
11/01/2026,all,41,186,463,531,443,371,289,229,192,157,179,205,243,218,185,125,54,23,4134,12.84%,7,Sunday,2,Weekend,1,,,,,,
11/01/2026,FCHBLRBEN01,5,12,23,41,15,19,17,15,13,8,9,7,11,10,13,11,1,0,230,17.83%,7,Sunday,2,Weekend,1,,,,,,
11/01/2026,FCHBLRHAR01,3,10,36,39,32,32,24,15,15,17,14,11,27,21,8,10,6,1,321,12.15%,7,Sunday,2,Weekend,1,,,,,,
11/01/2026,FCHBLRHOO01,1,15,50,51,34,40,32,18,9,16,17,23,18,27,19,8,7,3,388,13.14%,7,Sunday,2,Weekend,1,,,,,,
11/01/2026,FCHBLRHSR01,3,11,20,24,23,26,20,20,12,8,13,11,14,15,13,10,2,4,249,10.44%,7,Sunday,2,Weekend,1,,,,,,
11/01/2026,FCHBLRJPN01,5,27,43,39,31,22,21,21,19,13,9,22,13,17,13,10,2,2,329,13.07%,7,Sunday,2,Weekend,1,,,,,,
11/01/2026,FCHBLRKOR01,3,5,28,33,43,24,16,15,14,12,14,12,10,12,16,10,8,1,276,15.58%,7,Sunday,2,Weekend,1,,,,,,
11/01/2026,FCHBLRWHF01,1,15,46,34,29,33,27,16,23,10,13,13,18,16,9,4,4,1,312,14.74%,7,Sunday,2,Weekend,1,,,,,,
10/01/2026,FCHBLRAECS01,7,26,33,34,17,16,25,18,23,10,15,19,10,23,8,11,4,1,300,11.33%,6,Saturday,2,Weekend,1,,,,,,
10/01/2026,FCHBLRELC01,4,16,25,22,27,20,16,20,11,14,7,8,15,9,11,7,4,0,236,11.44%,6,Saturday,2,Weekend,1,,,,,,
10/01/2026,FCHBLRHSAF01,13,22,33,22,26,21,14,12,15,10,8,11,14,14,9,1,2,0,247,13.36%,6,Saturday,2,Weekend,1,,,,,,
10/01/2026,FCHBLRDOD01,3,16,28,34,29,27,17,18,15,10,15,12,17,15,7,6,2,3,274,12.41%,6,Saturday,2,Weekend,1,,,,,,
10/01/2026,FCHBLRBHO01,4,23,26,22,21,25,15,16,10,10,10,9,25,6,6,5,4,0,237,10.97%,6,Saturday,2,Weekend,1,,,,,,
10/01/2026,FCHBLRSJR01,9,37,80,55,46,44,30,29,24,20,20,23,37,26,19,16,3,2,520,15.38%,6,Saturday,2,Weekend,1,,,,,,
10/01/2026,FCHBLRVAR01,1,16,28,23,22,17,20,10,9,12,13,8,15,17,9,2,3,1,226,12.39%,6,Saturday,2,Weekend,1,,,,,,
10/01/2026,FCHBLRHEB01,6,9,27,12,16,16,10,13,7,12,6,7,16,11,3,1,1,0,173,15.61%,6,Saturday,2,Weekend,1,,,,,,
10/01/2026,all,107,299,538,450,405,350,301,273,228,173,181,202,273,222,154,92,47,15,4310,12.48%,6,Saturday,2,Weekend,1,,,,,,
10/01/2026,FCHBLRBEN01,2,8,19,28,25,21,15,16,17,9,11,12,17,11,10,10,2,0,233,12.02%,6,Saturday,2,Weekend,1,,,,,,
10/01/2026,FCHBLRHAR01,7,19,30,37,34,23,23,20,14,18,10,14,11,13,10,8,5,3,299,12.37%,6,Saturday,2,Weekend,1,,,,,,
10/01/2026,FCHBLRHOO01,12,35,67,51,33,29,31,25,34,16,15,20,25,14,17,10,3,1,438,15.30%,6,Saturday,2,Weekend,1,,,,,,
10/01/2026,FCHBLRHSR01,5,15,20,23,28,23,24,16,13,6,8,13,9,15,12,4,5,2,241,11.62%,6,Saturday,2,Weekend,1,,,,,,
10/01/2026,FCHBLRJPN01,15,25,48,25,19,18,26,21,14,4,13,18,23,18,4,2,3,0,296,16.22%,6,Saturday,2,Weekend,1,,,,,,
10/01/2026,FCHBLRKOR01,4,19,36,26,30,22,14,18,6,10,13,17,20,10,12,3,3,2,265,13.58%,6,Saturday,2,Weekend,1,,,,,,
10/01/2026,FCHBLRWHF01,15,13,38,36,32,28,21,21,16,12,17,11,19,20,17,6,3,0,325,11.69%,6,Saturday,2,Weekend,1,,,,,,
09/01/2026,FCHBLRBHO01,11,25,13,19,9,9,5,4,5,8,13,7,6,9,4,6,0,1,154,16.23%,5,Friday,2,Weekday,1,,,,,,
09/01/2026,all,154,290,327,275,195,144,127,110,94,126,134,146,159,152,127,93,42,22,2717,12.04%,5,Friday,2,Weekday,1,,,,,,
09/01/2026,FCHBLRBEN01,4,13,16,14,9,6,6,7,6,6,5,13,7,9,5,4,1,2,133,12.03%,5,Friday,2,Weekday,1,,,,,,
09/01/2026,FCHBLRHAR01,14,24,27,23,13,13,13,5,5,16,10,13,16,10,11,12,4,3,232,11.64%,5,Friday,2,Weekday,1,,,,,,
09/01/2026,FCHBLRHOO01,16,32,38,22,20,17,10,8,16,8,17,19,20,11,10,5,1,3,273,13.92%,5,Friday,2,Weekday,1,,,,,,
09/01/2026,FCHBLRHSR01,12,21,15,25,15,11,10,11,6,7,7,12,9,11,9,11,4,1,197,12.69%,5,Friday,2,Weekday,1,,,,,,
09/01/2026,FCHBLRJPN01,12,22,18,13,11,12,12,11,6,6,5,10,9,7,10,5,2,0,171,12.87%,5,Friday,2,Weekday,1,,,,,,
09/01/2026,FCHBLRKOR01,6,21,28,20,12,7,9,4,8,11,9,12,8,14,8,5,7,0,189,14.81%,5,Friday,2,Weekday,1,,,,,,
09/01/2026,FCHBLRWHF01,9,23,39,22,17,8,11,9,4,13,12,8,13,8,15,6,1,1,219,17.81%,5,Friday,2,Weekday,1,,,,,,
09/01/2026,FCHBLRELC01,10,22,19,9,10,12,9,2,5,4,3,4,9,8,5,6,3,2,142,15.49%,5,Friday,2,Weekday,1,,,,,,
09/01/2026,FCHBLRDOD01,10,12,17,22,20,11,9,11,5,10,11,6,11,10,8,7,2,1,183,12.02%,5,Friday,2,Weekday,1,,,,,,
09/01/2026,FCHBLRHEB01,10,7,12,8,5,5,4,3,2,3,3,7,1,2,7,2,0,0,81,14.81%,5,Friday,2,Weekday,1,,,,,,
09/01/2026,FCHBLRAECS01,4,11,12,14,2,3,1,2,2,4,3,6,4,5,3,6,2,1,85,16.47%,5,Friday,2,Weekday,1,,,,,,
09/01/2026,FCHBLRVAR01,7,15,16,17,8,8,5,8,8,4,9,5,11,10,7,2,4,2,146,11.64%,5,Friday,2,Weekday,1,,,,,,
09/01/2026,FCHBLRHSAF01,3,10,16,10,6,3,6,4,4,8,4,5,8,6,6,4,2,0,105,15.24%,5,Friday,2,Weekday,1,,,,,,
09/01/2026,FCHBLRSJR01,26,32,41,37,38,19,17,21,12,18,23,19,27,32,19,12,9,5,407,10.07%,5,Friday,2,Weekday,1,,,,,,
08/01/2026,all,138,259,308,272,188,143,119,109,81,114,146,184,176,145,137,115,39,20,2693,11.44%,4,Thursday,2,Weekday,1,,,,,,
08/01/2026,FCHBLRBEN01,7,13,21,9,12,7,7,7,7,4,8,6,9,6,10,9,4,1,147,14.29%,4,Thursday,2,Weekday,1,,,,,,
08/01/2026,FCHBLRHAR01,12,16,25,24,13,10,11,7,2,4,9,22,19,9,13,10,3,1,210,11.90%,4,Thursday,2,Weekday,1,,,,,,
08/01/2026,FCHBLRHOO01,15,23,34,40,14,12,9,9,9,10,17,14,12,9,17,10,5,1,260,15.38%,4,Thursday,2,Weekday,1,,,,,,
08/01/2026,FCHBLRHSR01,9,14,26,23,14,10,10,12,2,8,13,11,11,11,7,10,3,2,196,13.27%,4,Thursday,2,Weekday,1,,,,,,
08/01/2026,FCHBLRJPN01,10,19,23,14,15,11,10,8,3,7,10,5,14,11,4,7,0,1,172,13.37%,4,Thursday,2,Weekday,1,,,,,,
08/01/2026,FCHBLRKOR01,14,14,19,16,17,11,6,3,9,3,7,16,12,12,6,8,7,0,180,10.56%,4,Thursday,2,Weekday,1,,,,,,
08/01/2026,FCHBLRWHF01,13,28,19,16,21,14,13,9,12,14,12,11,15,10,16,9,0,3,235,11.91%,4,Thursday,2,Weekday,1,,,,,,
08/01/2026,FCHBLRBHO01,4,24,20,9,6,4,5,5,5,8,12,9,8,6,6,5,3,2,141,17.02%,4,Thursday,2,Weekday,1,,,,,,
08/01/2026,FCHBLRDOD01,6,11,16,18,18,20,15,12,9,8,10,18,10,14,8,11,1,3,208,9.62%,4,Thursday,2,Weekday,1,,,,,,
08/01/2026,FCHBLRELC01,5,15,14,19,9,5,4,6,3,7,4,13,10,5,12,9,4,1,145,13.10%,4,Thursday,2,Weekday,1,,,,,,
08/01/2026,FCHBLRHEB01,7,10,10,12,8,11,5,0,1,2,3,5,3,5,4,1,2,0,89,13.48%,4,Thursday,2,Weekday,1,,,,,,
08/01/2026,FCHBLRAECS01,6,8,12,10,4,1,3,1,1,3,10,8,12,9,8,2,0,0,98,12.24%,4,Thursday,2,Weekday,1,,,,,,
08/01/2026,FCHBLRHSAF01,7,7,10,8,7,4,5,7,4,8,3,6,8,8,5,5,1,0,103,9.71%,4,Thursday,2,Weekday,1,,,,,,
08/01/2026,FCHBLRVAR01,4,19,10,11,7,7,3,4,1,8,8,10,11,8,6,5,2,1,125,15.20%,4,Thursday,2,Weekday,1,,,,,,
08/01/2026,FCHBLRSJR01,19,38,49,43,23,16,13,19,13,20,20,30,22,22,15,14,4,4,384,12.76%,4,Thursday,2,Weekday,1,,,,,,
07/01/2026,FCHBLRBHO01,11,11,22,7,14,5,5,4,4,4,8,8,11,8,8,10,4,0,144,15.28%,3,Wednesday,2,Weekday,1,,,,,,
07/01/2026,all,125,253,334,294,196,132,131,96,99,87,130,143,166,163,158,114,58,16,2695,12.39%,3,Wednesday,2,Weekday,1,,,,,,
07/01/2026,FCHBLRBEN01,2,12,20,20,11,8,4,2,4,2,5,5,16,9,12,7,2,0,141,14.18%,3,Wednesday,2,Weekday,1,,,,,,
07/01/2026,FCHBLRHAR01,13,33,25,28,13,10,10,11,7,6,10,7,9,11,12,3,4,0,212,15.57%,3,Wednesday,2,Weekday,1,,,,,,
07/01/2026,FCHBLRHOO01,11,26,39,30,22,8,17,12,10,12,15,19,17,15,13,9,8,1,284,13.73%,3,Wednesday,2,Weekday,1,,,,,,
07/01/2026,FCHBLRHSR01,7,14,22,24,17,13,8,8,10,7,9,14,14,13,7,9,4,2,202,11.88%,3,Wednesday,2,Weekday,1,,,,,,
07/01/2026,FCHBLRJPN01,10,15,31,16,13,6,9,5,8,7,0,6,9,8,7,6,0,0,156,19.87%,3,Wednesday,2,Weekday,1,,,,,,
07/01/2026,FCHBLRKOR01,10,22,25,13,14,15,8,5,7,6,8,8,8,13,14,6,2,2,186,13.44%,3,Wednesday,2,Weekday,1,,,,,,
07/01/2026,FCHBLRWHF01,7,17,23,20,19,13,13,13,7,4,11,15,16,19,14,6,3,1,221,10.41%,3,Wednesday,2,Weekday,1,,,,,,
07/01/2026,FCHBLRHEB01,5,6,14,13,8,4,8,3,4,2,5,4,9,4,3,4,2,0,98,14.29%,3,Wednesday,2,Weekday,1,,,,,,
07/01/2026,FCHBLRDOD01,11,26,24,20,9,8,11,3,9,9,12,9,5,9,11,9,7,0,192,13.54%,3,Wednesday,2,Weekday,1,,,,,,
07/01/2026,FCHBLRVAR01,6,13,16,21,11,13,5,4,11,6,5,10,8,8,13,4,1,2,157,13.38%,3,Wednesday,2,Weekday,1,,,,,,
07/01/2026,FCHBLRELC01,8,5,18,14,4,5,7,7,6,2,10,9,11,12,5,5,1,2,131,13.74%,3,Wednesday,2,Weekday,1,,,,,,
07/01/2026,FCHBLRAECS01,6,9,10,11,6,4,6,3,0,2,8,7,3,2,9,5,3,2,96,11.46%,3,Wednesday,2,Weekday,1,,,,,,
07/01/2026,FCHBLRHSAF01,6,9,6,9,12,10,3,6,2,3,1,4,9,7,6,7,3,0,103,11.65%,3,Wednesday,2,Weekday,1,,,,,,
07/01/2026,FCHBLRSJR01,12,35,39,48,23,10,17,10,10,15,23,18,21,25,24,24,14,4,372,12.90%,3,Wednesday,2,Weekday,1,,,,,,
06/01/2026,all,120,255,315,281,216,140,129,102,94,111,166,183,180,159,136,128,64,13,2792,11.28%,2,Tuesday,2,Weekday,1,,,,,,
06/01/2026,FCHBLRBEN01,3,11,17,18,6,8,12,5,3,4,7,12,8,12,4,6,1,1,138,13.04%,2,Tuesday,2,Weekday,1,,,,,,
06/01/2026,FCHBLRHAR01,16,18,28,27,16,3,9,12,10,6,20,15,12,12,15,9,6,1,235,11.91%,2,Tuesday,2,Weekday,1,,,,,,
06/01/2026,FCHBLRHOO01,12,23,38,24,29,18,11,10,5,12,24,16,19,16,18,15,4,0,294,12.93%,2,Tuesday,2,Weekday,1,,,,,,
06/01/2026,FCHBLRHSR01,5,18,26,22,18,7,10,8,7,8,11,20,14,8,10,10,8,2,212,12.26%,2,Tuesday,2,Weekday,1,,,,,,
06/01/2026,FCHBLRJPN01,12,17,18,19,16,18,11,13,7,7,8,12,12,8,11,7,5,0,201,9.45%,2,Tuesday,2,Weekday,1,,,,,,
06/01/2026,FCHBLRKOR01,9,21,21,21,15,9,9,2,7,9,11,4,6,14,7,8,5,1,179,11.73%,2,Tuesday,2,Weekday,1,,,,,,
06/01/2026,FCHBLRWHF01,6,29,23,21,14,9,11,9,4,7,14,19,13,13,7,10,7,1,217,13.36%,2,Tuesday,2,Weekday,1,,,,,,
06/01/2026,FCHBLRBHO01,8,16,15,17,6,3,6,2,6,8,7,11,12,5,4,6,5,1,138,12.32%,2,Tuesday,2,Weekday,1,,,,,,
06/01/2026,FCHBLRDOD01,11,20,25,21,14,15,12,10,8,8,7,7,12,8,6,12,1,1,198,12.63%,2,Tuesday,2,Weekday,1,,,,,,
06/01/2026,FCHBLRAECS01,7,12,5,12,7,6,6,3,4,2,10,5,8,12,6,3,0,3,111,10.81%,2,Tuesday,2,Weekday,1,,,,,,
06/01/2026,FCHBLRELC01,3,14,13,9,12,7,4,1,5,2,9,7,12,9,9,8,5,1,130,10.77%,2,Tuesday,2,Weekday,1,,,,,,
06/01/2026,FCHBLRHEB01,7,7,5,11,8,4,1,3,5,3,4,7,6,7,4,6,1,0,89,12.36%,2,Tuesday,2,Weekday,1,,,,,,
06/01/2026,FCHBLRVAR01,6,13,24,7,13,9,5,4,4,4,7,12,12,5,7,6,2,0,140,17.14%,2,Tuesday,2,Weekday,1,,,,,,
06/01/2026,FCHBLRHSAF01,3,6,12,8,13,5,4,6,1,5,6,6,3,10,6,5,3,0,102,12.75%,2,Tuesday,2,Weekday,1,,,,,,
06/01/2026,FCHBLRSJR01,12,30,45,44,29,19,18,14,18,26,21,30,31,20,22,17,11,1,408,11.03%,2,Tuesday,2,Weekday,1,,,,,,
05/01/2026,FCHBLRDOD01,11,21,16,28,20,12,8,7,9,8,14,10,18,15,14,11,3,1,226,12.39%,1,Monday,2,Weekday,1,,,,,,
05/01/2026,FCHBLRHEB01,6,11,9,9,10,11,4,2,3,1,6,6,12,13,7,6,1,0,117,11.11%,1,Monday,2,Weekday,1,,,,,,
05/01/2026,all,130,275,294,289,209,170,124,83,92,91,143,149,233,196,153,118,47,13,2809,10.47%,1,Monday,2,Weekday,1,,,,,,
05/01/2026,FCHBLRBEN01,5,12,18,17,13,6,3,3,2,4,8,8,18,7,6,7,4,2,143,12.59%,1,Monday,2,Weekday,1,,,,,,
05/01/2026,FCHBLRHAR01,13,23,22,22,15,13,8,12,8,8,10,12,12,9,11,6,2,0,206,11.17%,1,Monday,2,Weekday,1,,,,,,
05/01/2026,FCHBLRHOO01,11,38,32,28,23,20,11,11,5,7,20,17,29,19,16,13,4,1,305,12.46%,1,Monday,2,Weekday,1,,,,,,
05/01/2026,FCHBLRHSR01,8,14,19,23,19,14,9,3,7,11,10,19,22,12,17,8,3,4,222,10.36%,1,Monday,2,Weekday,1,,,,,,
05/01/2026,FCHBLRJPN01,9,18,19,18,13,9,13,5,5,3,11,5,24,7,6,1,3,0,169,14.20%,1,Monday,2,Weekday,1,,,,,,
05/01/2026,FCHBLRKOR01,11,18,17,17,13,16,13,4,5,4,8,7,17,16,9,9,1,0,185,9.73%,1,Monday,2,Weekday,1,,,,,,
05/01/2026,FCHBLRWHF01,6,23,21,21,14,12,15,4,7,6,5,8,10,19,12,5,3,2,193,11.92%,1,Monday,2,Weekday,1,,,,,,
05/01/2026,FCHBLRBHO01,8,18,13,10,12,8,5,5,5,11,3,5,6,13,5,7,2,0,136,13.24%,1,Monday,2,Weekday,1,,,,,,
05/01/2026,FCHBLRVAR01,9,12,20,17,6,11,8,6,8,5,9,10,8,16,8,5,5,2,165,12.12%,1,Monday,2,Weekday,1,,,,,,
05/01/2026,FCHBLRAECS01,5,12,9,11,6,10,1,3,4,3,5,10,9,6,8,4,5,0,111,10.81%,1,Monday,2,Weekday,1,,,,,,
05/01/2026,FCHBLRELC01,4,5,17,12,7,6,4,5,2,6,12,5,13,9,7,5,6,0,125,13.60%,1,Monday,2,Weekday,1,,,,,,
05/01/2026,FCHBLRHSAF01,5,9,19,8,8,4,3,5,3,6,2,3,6,9,7,6,0,0,103,18.45%,1,Monday,2,Weekday,1,,,,,,
05/01/2026,FCHBLRSJR01,19,41,43,48,30,18,19,8,19,8,20,22,29,26,20,25,5,1,401,11.97%,1,Monday,2,Weekday,1,,,,,,
04/01/2026,FCHBLRELC01,0,14,18,24,17,13,9,11,5,5,3,8,11,15,9,4,1,0,167,14.37%,7,Sunday,1,Weekend,1,,,,,,
04/01/2026,FCHBLRVAR01,2,13,24,31,18,16,15,10,6,4,6,7,8,12,14,6,2,0,194,15.98%,7,Sunday,1,Weekend,1,,,,,,
04/01/2026,FCHBLRDOD01,1,12,21,26,26,19,17,9,9,11,5,12,18,8,12,8,3,3,220,11.82%,7,Sunday,1,Weekend,1,,,,,,
04/01/2026,FCHBLRAECS01,0,6,25,11,17,11,8,7,4,8,5,9,9,7,8,5,2,0,142,17.61%,7,Sunday,1,Weekend,1,,,,,,
04/01/2026,FCHBLRBHO01,1,5,17,20,15,12,12,11,3,5,4,8,7,11,7,5,1,2,146,13.70%,7,Sunday,1,Weekend,1,,,,,,
04/01/2026,FCHBLRHSAF01,4,10,18,12,17,6,11,9,6,5,3,7,10,7,7,4,3,0,139,12.95%,7,Sunday,1,Weekend,1,,,,,,
04/01/2026,all,34,185,399,392,334,248,216,157,108,106,110,147,220,196,137,86,36,19,3130,12.75%,7,Sunday,1,Weekend,1,,,,,,
04/01/2026,FCHBLRBEN01,0,8,32,20,21,10,8,6,6,5,10,6,17,7,9,4,1,2,172,18.60%,7,Sunday,1,Weekend,1,,,,,,
04/01/2026,FCHBLRHAR01,4,16,32,31,27,25,16,12,14,4,8,10,14,11,7,10,3,3,247,12.96%,7,Sunday,1,Weekend,1,,,,,,
04/01/2026,FCHBLRHOO01,1,21,39,44,36,23,26,13,15,9,9,9,23,19,13,5,0,1,306,14.38%,7,Sunday,1,Weekend,1,,,,,,
04/01/2026,FCHBLRHSR01,3,8,29,16,21,27,7,9,9,12,12,7,17,14,7,4,5,2,209,13.88%,7,Sunday,1,Weekend,1,,,,,,
04/01/2026,FCHBLRJPN01,7,16,30,23,25,9,17,9,6,6,3,6,16,13,10,5,2,1,204,14.71%,7,Sunday,1,Weekend,1,,,,,,
04/01/2026,FCHBLRKOR01,2,7,29,23,18,11,15,13,3,4,12,14,12,15,7,7,4,3,199,14.57%,7,Sunday,1,Weekend,1,,,,,,
04/01/2026,FCHBLRWHF01,2,16,28,35,28,17,19,15,8,10,9,10,16,19,4,4,2,0,242,14.46%,7,Sunday,1,Weekend,1,,,,,,
04/01/2026,FCHBLRSJR01,6,26,46,63,36,38,34,21,13,16,19,26,35,28,17,11,7,2,444,14.19%,7,Sunday,1,Weekend,1,,,,,,
04/01/2026,FCHBLRHEB01,1,7,11,13,12,11,2,2,1,2,2,6,7,10,6,4,0,0,97,13.40%,7,Sunday,1,Weekend,1,,,,,,
03/01/2026,FCHBLRELC01,4,9,21,26,16,12,14,12,4,4,2,14,12,6,7,4,1,2,170,15.29%,6,Saturday,1,Weekend,1,,,,,,
03/01/2026,FCHBLRVAR01,2,9,29,25,17,18,10,11,9,9,4,8,13,8,10,4,2,1,189,15.34%,6,Saturday,1,Weekend,1,,,,,,
03/01/2026,FCHBLRHEB01,3,8,18,18,14,8,11,9,5,2,5,3,7,6,2,4,3,0,126,14.29%,6,Saturday,1,Weekend,1,,,,,,
03/01/2026,FCHBLRDOD01,5,9,26,26,25,24,12,10,10,10,6,13,13,10,7,5,2,1,214,12.15%,6,Saturday,1,Weekend,1,,,,,,
03/01/2026,FCHBLRAECS01,3,11,21,17,16,9,12,5,3,6,1,8,8,11,3,5,3,0,142,14.79%,6,Saturday,1,Weekend,1,,,,,,
03/01/2026,all,149,413,717,649,539,377,364,240,231,205,249,277,364,276,205,135,70,20,5480,13.08%,6,Saturday,1,Weekend,1,,,,,,
03/01/2026,FCHBLRBEN01,3,13,25,21,20,17,12,12,7,12,7,4,9,11,4,3,3,0,183,13.66%,6,Saturday,1,Weekend,1,,,,,,
03/01/2026,FCHBLRBHO01,6,6,17,19,8,12,10,5,7,7,7,6,8,5,8,3,1,0,135,14.07%,6,Saturday,1,Weekend,1,,,,,,
03/01/2026,FCHBLRHAR01,5,15,33,39,35,20,30,9,12,10,7,9,13,8,5,1,1,2,254,15.35%,6,Saturday,1,Weekend,1,,,,,,
03/01/2026,FCHBLRHOO01,9,24,59,45,32,17,17,13,17,12,14,5,18,11,13,8,4,1,319,18.50%,6,Saturday,1,Weekend,1,,,,,,
03/01/2026,FCHBLRHSR01,2,6,30,31,30,28,14,11,6,7,8,11,18,10,4,6,3,0,225,13.78%,6,Saturday,1,Weekend,1,,,,,,
03/01/2026,FCHBLRJPN01,7,16,38,27,26,12,11,11,8,8,6,8,13,7,5,4,3,2,212,17.92%,6,Saturday,1,Weekend,1,,,,,,
03/01/2026,FCHBLRKOR01,1,15,28,30,21,11,7,10,4,8,7,8,11,13,8,1,3,1,187,16.04%,6,Saturday,1,Weekend,1,,,,,,
03/01/2026,FCHBLRWHF01,7,14,30,30,31,16,17,12,9,15,9,17,12,9,10,4,2,0,244,12.70%,6,Saturday,1,Weekend,1,,,,,,
03/01/2026,FCHBLRSJR01,15,38,64,51,38,34,32,17,21,13,24,20,22,17,17,8,7,3,441,14.51%,6,Saturday,1,Weekend,1,,,,,,
03/01/2026,FCHBLRHSAF01,1,5,21,17,11,6,9,7,2,3,6,5,11,7,3,1,2,0,117,17.95%,6,Saturday,1,Weekend,1,,,,,,
02/01/2026,all,68,197,275,268,222,158,159,107,106,88,113,138,168,137,102,69,30,8,2413,11.40%,5,Friday,1,Weekday,1,,,,,,
02/01/2026,FCHBLRBEN01,4,6,11,17,11,5,7,3,3,5,6,12,9,9,5,5,3,2,123,13.82%,5,Friday,1,Weekday,1,,,,,,
02/01/2026,FCHBLRHAR01,7,18,35,16,17,9,13,7,8,7,8,9,14,8,7,4,2,1,190,18.42%,5,Friday,1,Weekday,1,,,,,,
02/01/2026,FCHBLRHOO01,9,32,31,23,18,24,16,13,10,5,16,7,22,9,9,10,4,0,258,12.40%,5,Friday,1,Weekday,1,,,,,,
02/01/2026,FCHBLRHSR01,5,8,20,15,19,8,10,3,11,5,11,18,16,15,5,8,2,0,179,11.17%,5,Friday,1,Weekday,1,,,,,,
02/01/2026,FCHBLRJPN01,8,10,25,15,17,7,10,8,6,6,2,6,8,11,10,3,0,0,152,16.45%,5,Friday,1,Weekday,1,,,,,,
02/01/2026,FCHBLRKOR01,6,13,13,20,14,12,8,9,7,5,7,9,4,8,7,6,3,1,152,13.16%,5,Friday,1,Weekday,1,,,,,,
02/01/2026,FCHBLRWHF01,6,18,22,22,15,15,14,6,5,10,8,12,12,13,11,1,3,0,193,11.40%,5,Friday,1,Weekday,1,,,,,,
02/01/2026,FCHBLRBHO01,5,13,10,17,10,5,7,5,5,2,4,3,9,1,4,2,0,1,103,16.50%,5,Friday,1,Weekday,1,,,,,,
02/01/2026,FCHBLRAECS01,1,15,10,14,8,9,3,5,8,3,6,4,11,3,4,6,0,0,110,13.64%,5,Friday,1,Weekday,1,,,,,,
02/01/2026,FCHBLRHEB01,0,6,9,12,11,8,4,2,4,3,4,5,3,5,5,2,0,1,84,14.29%,5,Friday,1,Weekday,1,,,,,,
02/01/2026,FCHBLRDOD01,3,15,19,22,10,17,15,7,5,6,8,12,13,10,9,7,1,1,180,12.22%,5,Friday,1,Weekday,1,,,,,,
02/01/2026,FCHBLRELC01,1,8,14,13,11,3,9,3,2,4,3,4,9,7,7,3,2,0,103,13.59%,5,Friday,1,Weekday,1,,,,,,
02/01/2026,FCHBLRVAR01,4,5,14,20,15,9,7,6,10,5,6,6,10,9,4,3,1,0,134,14.93%,5,Friday,1,Weekday,1,,,,,,
02/01/2026,FCHBLRHSAF01,1,9,11,6,11,5,9,5,5,3,6,7,4,8,4,4,1,0,99,11.11%,5,Friday,1,Weekday,1,,,,,,
02/01/2026,FCHBLRSJR01,8,21,31,36,35,22,27,25,17,19,18,24,24,21,11,5,8,1,353,10.20%,5,Friday,1,Weekday,1,,,,,,
01/01/2026,all,32,89,223,287,268,211,144,122,81,65,99,114,136,126,105,54,35,16,2207,13.00%,4,Thursday,1,Weekday,1,,,,,,
01/01/2026,FCHBLRBEN01,2,4,14,16,19,13,10,9,2,4,7,1,6,13,5,1,2,0,128,14.84%,4,Thursday,1,Weekday,1,,,,,,
01/01/2026,FCHBLRHAR01,4,5,18,26,21,16,11,8,5,5,8,10,13,13,8,10,2,2,185,14.05%,4,Thursday,1,Weekday,1,,,,,,
01/01/2026,FCHBLRHOO01,4,12,22,35,26,19,13,18,4,6,15,17,10,10,10,5,1,0,227,15.42%,4,Thursday,1,Weekday,1,,,,,,
01/01/2026,FCHBLRHSR01,0,5,10,17,16,9,8,12,6,10,3,9,12,9,14,6,5,1,152,11.18%,4,Thursday,1,Weekday,1,,,,,,
01/01/2026,FCHBLRJPN01,5,11,18,17,17,14,11,6,5,5,5,7,6,12,3,4,1,1,148,12.16%,4,Thursday,1,Weekday,1,,,,,,
01/01/2026,FCHBLRKOR01,2,5,11,16,13,15,9,6,4,5,7,7,3,6,6,3,3,3,124,12.90%,4,Thursday,1,Weekday,1,,,,,,
01/01/2026,FCHBLRWHF01,1,5,18,24,19,20,11,7,7,6,13,8,15,11,11,6,5,1,188,12.77%,4,Thursday,1,Weekday,1,,,,,,
01/01/2026,FCHBLRBHO01,5,3,9,15,14,6,4,2,7,1,5,4,8,7,0,1,1,0,92,16.30%,4,Thursday,1,Weekday,1,,,,,,
01/01/2026,FCHBLRHEB01,0,4,14,10,12,4,4,8,4,1,1,7,3,6,3,1,0,0,82,17.07%,4,Thursday,1,Weekday,1,,,,,,
01/01/2026,FCHBLRAECS01,0,4,13,11,12,8,9,3,3,3,4,2,9,4,3,2,0,0,90,14.44%,4,Thursday,1,Weekday,1,,,,,,
01/01/2026,FCHBLRELC01,3,7,8,9,11,10,7,4,1,3,5,7,15,4,2,1,1,1,99,15.15%,4,Thursday,1,Weekday,1,,,,,,
01/01/2026,FCHBLRDOD01,0,3,16,17,19,22,14,4,5,5,2,6,9,4,9,3,4,1,143,15.38%,4,Thursday,1,Weekday,1,,,,,,
01/01/2026,FCHBLRVAR01,1,2,13,28,21,11,4,3,5,3,7,4,7,6,9,3,0,1,128,21.88%,4,Thursday,1,Weekday,1,,,,,,
01/01/2026,FCHBLRHSAF01,1,5,15,8,7,12,11,3,5,0,3,4,2,3,5,2,1,0,87,17.24%,4,Thursday,1,Weekday,1,,,,,,
01/01/2026,FCHBLRSJR01,4,14,24,38,41,32,18,29,18,8,14,21,18,18,17,6,9,5,334,12.28%,4,Thursday,1,Weekday,1,,,,,,
31/12/2025,FCHBLRHEB01,3,9,12,14,13,11,6,10,3,2,4,14,5,2,3,4,0,3,118,11.86%,3,Wednesday,53,Weekday,12,,,,,,
31/12/2025,FCHBLRBHO01,5,9,12,9,7,8,8,7,4,6,9,9,3,5,1,3,0,1,106,11.32%,3,Wednesday,53,Weekday,12,,,,,,
31/12/2025,all,136,432,713,580,449,330,271,215,226,192,278,276,301,236,222,160,74,40,5131,13.90%,3,Wednesday,53,Weekday,12,,,,,,
31/12/2025,FCHBLRBEN01,3,11,26,25,8,10,8,6,2,1,9,11,7,10,5,5,0,0,147,17.69%,3,Wednesday,53,Weekday,12,,,,,,
31/12/2025,FCHBLRHAR01,7,13,28,18,26,13,11,3,6,12,16,18,17,8,12,6,5,0,219,12.79%,3,Wednesday,53,Weekday,12,,,,,,
31/12/2025,FCHBLRHOO01,7,18,44,35,26,14,14,11,13,7,14,15,10,10,10,6,1,0,255,17.25%,3,Wednesday,53,Weekday,12,,,,,,
31/12/2025,FCHBLRHSR01,4,16,18,17,17,11,8,10,10,7,12,12,17,9,12,7,6,3,196,9.18%,3,Wednesday,53,Weekday,12,,,,,,
31/12/2025,FCHBLRJPN01,5,16,22,24,20,11,9,8,11,8,8,7,11,7,10,6,3,1,187,12.83%,3,Wednesday,53,Weekday,12,,,,,,
31/12/2025,FCHBLRKOR01,3,13,29,9,14,15,11,13,12,8,9,5,10,11,14,6,2,6,190,15.26%,3,Wednesday,53,Weekday,12,,,,,,
31/12/2025,FCHBLRWHF01,1,9,27,26,24,20,14,7,11,7,19,9,15,11,4,5,4,2,215,12.56%,3,Wednesday,53,Weekday,12,,,,,,
31/12/2025,FCHBLRELC01,5,15,24,13,10,8,3,6,7,7,4,5,9,10,8,1,3,0,138,17.39%,3,Wednesday,53,Weekday,12,,,,,,
31/12/2025,FCHBLRDOD01,4,14,28,28,15,9,12,6,11,10,10,12,11,6,10,1,4,2,193,14.51%,3,Wednesday,53,Weekday,12,,,,,,
31/12/2025,FCHBLRHSAF01,3,7,19,16,13,10,5,5,3,4,6,16,2,3,3,4,1,0,120,15.83%,3,Wednesday,53,Weekday,12,,,,,,
31/12/2025,FCHBLRAECS01,4,11,17,11,10,7,5,6,6,5,3,6,7,7,3,2,0,0,110,15.45%,3,Wednesday,53,Weekday,12,,,,,,
31/12/2025,FCHBLRVAR01,3,5,28,16,19,11,10,9,6,3,12,5,5,7,2,6,0,0,147,19.05%,3,Wednesday,53,Weekday,12,,,,,,
31/12/2025,FCHBLRSJR01,7,37,45,40,37,25,32,22,23,23,18,24,18,20,13,6,4,2,396,11.36%,3,Wednesday,53,Weekday,12,,,,,,
30/12/2025,all,76,232,338,288,202,158,125,99,98,84,131,122,154,113,112,90,39,23,2484,13.61%,2,Tuesday,53,Weekday,12,,,,,,
30/12/2025,FCHBLRBEN01,4,15,20,14,8,8,4,4,7,6,7,9,8,4,4,9,2,1,134,14.93%,2,Tuesday,53,Weekday,12,,,,,,
30/12/2025,FCHBLRHAR01,3,17,38,27,17,13,15,7,5,6,11,5,15,8,10,10,2,1,210,18.10%,2,Tuesday,53,Weekday,12,,,,,,
30/12/2025,FCHBLRHOO01,3,37,29,28,22,13,14,8,11,14,11,19,19,15,9,10,4,3,269,13.75%,2,Tuesday,53,Weekday,12,,,,,,
30/12/2025,FCHBLRHSR01,4,18,19,20,10,21,12,4,7,6,4,9,16,8,10,5,5,3,181,11.60%,2,Tuesday,53,Weekday,12,,,,,,
30/12/2025,FCHBLRJPN01,12,23,24,22,9,13,11,5,5,2,8,2,7,6,7,3,0,2,161,14.91%,2,Tuesday,53,Weekday,12,,,,,,
30/12/2025,FCHBLRKOR01,4,15,14,15,13,6,8,6,7,8,10,3,10,11,6,5,7,3,151,9.93%,2,Tuesday,53,Weekday,12,,,,,,
30/12/2025,FCHBLRWHF01,6,16,29,20,25,2,12,7,3,9,12,15,11,10,11,8,1,0,197,14.72%,2,Tuesday,53,Weekday,12,,,,,,
30/12/2025,FCHBLRBHO01,3,5,17,10,3,8,2,3,3,2,3,4,6,1,3,5,3,0,81,20.99%,2,Tuesday,53,Weekday,12,,,,,,
30/12/2025,FCHBLRDOD01,5,12,18,25,17,15,8,18,7,3,14,6,9,10,11,7,3,2,190,13.16%,2,Tuesday,53,Weekday,12,,,,,,
30/12/2025,FCHBLRAECS01,1,12,11,9,10,14,2,2,6,3,8,8,7,4,4,3,0,2,106,13.21%,2,Tuesday,53,Weekday,12,,,,,,
30/12/2025,FCHBLRHEB01,6,12,15,8,9,4,6,2,3,1,6,5,5,2,2,2,0,0,88,17.05%,2,Tuesday,53,Weekday,12,,,,,,
30/12/2025,FCHBLRHSAF01,3,6,18,11,10,13,4,8,4,2,6,6,7,3,5,3,1,0,110,16.36%,2,Tuesday,53,Weekday,12,,,,,,
30/12/2025,FCHBLRVAR01,11,4,15,22,15,3,6,7,8,6,5,5,5,7,8,8,3,2,140,15.71%,2,Tuesday,53,Weekday,12,,,,,,
30/12/2025,FCHBLRELC01,5,10,18,8,9,4,7,4,6,3,6,6,5,4,7,5,3,0,110,16.36%,2,Tuesday,53,Weekday,12,,,,,,
30/12/2025,FCHBLRSJR01,6,30,53,49,25,21,14,14,16,13,20,20,24,20,15,7,5,4,356,14.89%,2,Tuesday,53,Weekday,12,,,,,,
29/12/2025,all,58,189,312,299,180,166,101,111,89,90,106,134,139,115,97,65,32,15,2298,13.58%,1,Monday,53,Weekday,12,,,,,,
29/12/2025,FCHBLRBEN01,1,14,19,23,10,5,3,4,2,3,2,8,10,7,7,3,1,0,122,18.85%,1,Monday,53,Weekday,12,,,,,,
29/12/2025,FCHBLRHAR01,5,15,32,31,14,10,9,8,7,7,6,8,15,8,12,10,3,3,203,15.76%,1,Monday,53,Weekday,12,,,,,,
29/12/2025,FCHBLRHOO01,5,24,30,30,18,16,7,11,12,16,14,14,10,13,6,5,3,2,236,12.71%,1,Monday,53,Weekday,12,,,,,,
29/12/2025,FCHBLRHSR01,4,11,20,26,17,8,2,4,7,9,6,10,9,6,6,6,5,3,159,16.35%,1,Monday,53,Weekday,12,,,,,,
29/12/2025,FCHBLRJPN01,5,10,31,20,9,10,13,4,3,7,8,6,5,13,5,1,1,0,151,20.53%,1,Monday,53,Weekday,12,,,,,,
29/12/2025,FCHBLRKOR01,7,22,23,16,13,8,8,12,6,6,5,6,15,4,6,6,5,1,169,13.61%,1,Monday,53,Weekday,12,,,,,,
29/12/2025,FCHBLRWHF01,6,11,19,22,15,17,6,7,7,10,9,11,13,6,8,4,0,0,171,12.87%,1,Monday,53,Weekday,12,,,,,,
29/12/2025,FCHBLRBHO01,2,8,17,12,3,4,5,1,0,5,1,7,2,5,2,0,1,2,77,22.08%,1,Monday,53,Weekday,12,,,,,,
29/12/2025,FCHBLRHEB01,1,7,14,13,4,4,7,4,3,3,5,5,4,3,3,3,0,0,83,16.87%,1,Monday,53,Weekday,12,,,,,,
29/12/2025,FCHBLRAECS01,4,5,13,13,5,7,4,5,6,2,5,5,5,3,6,4,2,0,94,13.83%,1,Monday,53,Weekday,12,,,,,,
29/12/2025,FCHBLRELC01,0,8,11,12,6,13,7,10,5,3,4,4,6,8,7,1,1,0,106,12.26%,1,Monday,53,Weekday,12,,,,,,
29/12/2025,FCHBLRDOD01,3,7,17,15,14,19,10,9,9,4,8,12,14,5,6,4,1,3,160,11.88%,1,Monday,53,Weekday,12,,,,,,
29/12/2025,FCHBLRVAR01,8,9,12,14,14,10,3,10,3,5,8,8,5,11,3,3,3,0,129,10.85%,1,Monday,53,Weekday,12,,,,,,
29/12/2025,FCHBLRHSAF01,2,10,8,15,12,7,4,4,7,0,5,5,7,1,3,1,2,0,93,16.13%,1,Monday,53,Weekday,12,,,,,,
29/12/2025,FCHBLRSJR01,5,28,46,37,26,28,13,18,12,10,20,25,19,22,17,14,4,1,345,13.33%,1,Monday,53,Weekday,12,,,,,,
28/12/2025,all,40,104,286,320,254,189,147,107,81,76,86,92,152,146,114,73,35,20,2322,13.78%,7,Sunday,52,Weekend,12,,,,,,
28/12/2025,FCHBLRBEN01,1,9,20,25,11,10,12,5,9,3,9,2,9,6,4,1,1,1,138,18.12%,7,Sunday,52,Weekend,12,,,,,,
28/12/2025,FCHBLRHAR01,0,12,23,28,15,11,10,5,3,4,6,6,7,14,12,6,4,2,168,16.67%,7,Sunday,52,Weekend,12,,,,,,
28/12/2025,FCHBLRHOO01,8,15,30,28,26,24,11,8,8,12,13,14,17,15,6,9,2,1,247,12.15%,7,Sunday,52,Weekend,12,,,,,,
28/12/2025,FCHBLRHSR01,1,6,16,20,14,15,11,16,10,6,6,4,12,10,4,5,4,3,163,12.27%,7,Sunday,52,Weekend,12,,,,,,
28/12/2025,FCHBLRJPN01,3,4,22,32,15,12,11,9,6,5,3,14,16,11,10,11,2,2,188,17.02%,7,Sunday,52,Weekend,12,,,,,,
28/12/2025,FCHBLRKOR01,1,2,17,18,9,14,11,2,8,4,4,9,9,6,4,5,2,1,126,14.29%,7,Sunday,52,Weekend,12,,,,,,
28/12/2025,FCHBLRWHF01,4,7,25,22,25,15,8,9,7,5,4,5,10,14,12,5,5,1,183,13.66%,7,Sunday,52,Weekend,12,,,,,,
28/12/2025,FCHBLRBHO01,2,7,15,12,5,4,6,6,2,2,3,0,4,3,3,1,1,2,78,19.23%,7,Sunday,52,Weekend,12,,,,,,
28/12/2025,FCHBLRAECS01,1,7,12,23,13,9,6,4,2,5,4,2,6,8,3,2,0,0,107,21.50%,7,Sunday,52,Weekend,12,,,,,,
28/12/2025,FCHBLRELC01,1,4,16,18,10,17,8,7,2,4,9,3,8,7,11,4,2,1,132,13.64%,7,Sunday,52,Weekend,12,,,,,,
28/12/2025,FCHBLRHEB01,1,7,16,11,13,7,5,1,3,2,2,3,12,4,1,1,1,0,90,17.78%,7,Sunday,52,Weekend,12,,,,,,
28/12/2025,FCHBLRHSAF01,2,4,15,14,14,8,7,3,1,4,5,6,6,9,5,3,0,0,106,14.15%,7,Sunday,52,Weekend,12,,,,,,
28/12/2025,FCHBLRVAR01,2,4,17,18,22,11,12,7,8,4,4,7,11,6,4,5,3,0,145,15.17%,7,Sunday,52,Weekend,12,,,,,,
28/12/2025,FCHBLRDOD01,2,7,19,13,25,13,13,5,3,3,2,5,6,6,12,7,3,1,145,17.24%,7,Sunday,52,Weekend,12,,,,,,
28/12/2025,FCHBLRSJR01,11,9,23,38,37,19,16,20,9,13,12,12,19,27,23,8,5,5,306,12.42%,7,Sunday,52,Weekend,12,,,,,,
27/12/2025,FCHBLRHEB01,4,4,21,11,23,10,13,13,6,2,3,8,8,6,0,1,1,0,134,17.16%,6,Saturday,52,Weekend,12,,,,,,
27/12/2025,FCHBLRELC01,2,4,13,21,18,16,9,11,8,9,2,8,9,6,8,5,0,0,149,14.09%,6,Saturday,52,Weekend,12,,,,,,
27/12/2025,FCHBLRBHO01,12,13,16,12,11,0,4,8,4,5,7,4,8,5,3,0,1,0,113,14.16%,6,Saturday,52,Weekend,12,,,,,,
27/12/2025,FCHBLRAECS01,1,6,23,19,15,10,7,2,7,1,4,4,4,4,9,0,1,1,118,19.49%,6,Saturday,52,Weekend,12,,,,,,
27/12/2025,all,112,300,642,552,430,323,261,218,158,161,223,248,230,245,194,126,67,27,4517,14.21%,6,Saturday,52,Weekend,12,,,,,,
27/12/2025,FCHBLRBEN01,10,14,27,18,16,17,7,6,5,3,3,8,11,9,2,5,1,2,164,16.46%,6,Saturday,52,Weekend,12,,,,,,
27/12/2025,FCHBLRHAR01,5,8,33,33,22,21,18,6,6,4,7,8,10,8,6,5,2,2,204,16.18%,6,Saturday,52,Weekend,12,,,,,,
27/12/2025,FCHBLRHOO01,7,29,43,33,29,18,13,10,10,17,10,17,9,8,9,5,2,0,269,15.99%,6,Saturday,52,Weekend,12,,,,,,
27/12/2025,FCHBLRHSR01,0,7,13,17,16,13,11,11,7,4,11,7,7,11,13,10,3,2,163,10.43%,6,Saturday,52,Weekend,12,,,,,,
27/12/2025,FCHBLRJPN01,4,9,40,20,15,20,16,10,5,7,10,13,6,7,1,1,0,0,184,21.74%,6,Saturday,52,Weekend,12,,,,,,
27/12/2025,FCHBLRKOR01,5,12,19,16,19,9,5,6,7,5,5,5,9,4,4,1,1,1,133,14.29%,6,Saturday,52,Weekend,12,,,,,,
27/12/2025,FCHBLRWHF01,2,9,30,22,16,17,14,9,7,6,14,14,12,13,4,5,2,0,196,15.31%,6,Saturday,52,Weekend,12,,,,,,
27/12/2025,FCHBLRDOD01,4,13,23,15,21,12,15,9,9,10,11,10,11,11,9,1,2,2,188,12.23%,6,Saturday,52,Weekend,12,,,,,,
27/12/2025,FCHBLRVAR01,1,10,31,16,11,11,4,6,3,7,6,6,2,9,6,7,2,0,138,22.46%,6,Saturday,52,Weekend,12,,,,,,
27/12/2025,FCHBLRHSAF01,2,8,14,16,10,2,6,3,4,5,2,4,5,2,4,6,0,0,93,17.20%,6,Saturday,52,Weekend,12,,,,,,
27/12/2025,FCHBLRSJR01,5,22,33,48,37,35,20,17,13,7,20,14,15,18,13,4,9,0,330,14.55%,6,Saturday,52,Weekend,12,,,,,,
26/12/2025,all,57,136,277,253,186,131,113,108,75,72,107,119,116,125,98,62,34,15,2084,13.29%,5,Friday,52,Weekday,12,,,,,,
26/12/2025,FCHBLRBEN01,4,7,20,10,11,6,3,4,2,8,4,8,3,5,13,2,1,2,113,17.70%,5,Friday,52,Weekday,12,,,,,,
26/12/2025,FCHBLRBHO01,3,9,14,7,4,5,7,3,2,2,3,5,4,5,5,4,2,0,84,16.67%,5,Friday,52,Weekday,12,,,,,,
26/12/2025,FCHBLRHAR01,3,7,25,28,17,6,9,10,3,4,10,10,10,10,7,8,6,1,174,16.09%,5,Friday,52,Weekday,12,,,,,,
26/12/2025,FCHBLRHOO01,8,19,21,28,25,19,9,9,10,8,9,7,16,9,10,5,1,1,214,13.08%,5,Friday,52,Weekday,12,,,,,,
26/12/2025,FCHBLRHSR01,2,10,13,18,11,11,7,8,5,6,7,5,5,10,2,4,2,1,127,14.17%,5,Friday,52,Weekday,12,,,,,,
26/12/2025,FCHBLRJPN01,10,10,18,12,10,15,8,7,5,3,9,3,9,10,8,5,1,2,145,12.41%,5,Friday,52,Weekday,12,,,,,,
26/12/2025,FCHBLRKOR01,6,6,15,20,9,10,5,7,6,1,8,10,6,10,9,3,3,0,134,14.93%,5,Friday,52,Weekday,12,,,,,,
26/12/2025,FCHBLRWHF01,1,7,30,20,13,9,11,10,5,5,10,10,7,12,5,2,3,1,161,18.63%,5,Friday,52,Weekday,12,,,,,,
26/12/2025,FCHBLRAECS01,4,8,16,11,8,7,6,6,4,4,4,5,3,5,4,3,3,1,102,15.69%,5,Friday,52,Weekday,12,,,,,,
26/12/2025,FCHBLRHEB01,3,4,11,8,7,3,4,4,2,3,2,5,4,4,3,5,1,1,74,14.86%,5,Friday,52,Weekday,12,,,,,,
26/12/2025,FCHBLRELC01,1,9,13,7,8,6,5,4,2,2,5,5,5,8,3,2,2,1,88,14.77%,5,Friday,52,Weekday,12,,,,,,
26/12/2025,FCHBLRVAR01,2,4,22,19,11,7,7,10,6,5,6,8,6,12,5,2,1,0,133,16.54%,5,Friday,52,Weekday,12,,,,,,
26/12/2025,FCHBLRDOD01,2,14,15,18,11,5,10,5,7,7,9,10,5,9,5,4,2,1,139,12.95%,5,Friday,52,Weekday,12,,,,,,
26/12/2025,FCHBLRHSAF01,2,2,13,10,6,5,6,6,2,0,5,7,5,2,4,2,1,0,78,16.67%,5,Friday,52,Weekday,12,,,,,,
26/12/2025,FCHBLRSJR01,6,20,31,37,35,17,16,15,14,14,16,21,28,14,15,11,5,3,318,11.64%,5,Friday,52,Weekday,12,,,,,,
25/12/2025,FCHBLRBHO01,1,12,9,15,13,5,7,4,7,4,5,7,3,5,2,1,0,0,100,15.00%,4,Thursday,52,Weekday,12,,,,,,
25/12/2025,FCHBLRHEB01,1,8,12,18,10,7,8,7,5,6,1,2,0,6,1,2,1,0,95,18.95%,4,Thursday,52,Weekday,12,,,,,,
25/12/2025,all,47,155,281,258,225,182,130,141,88,101,105,128,142,126,65,74,23,11,2282,12.31%,4,Thursday,52,Weekday,12,,,,,,
25/12/2025,FCHBLRBEN01,7,8,7,20,18,6,7,12,5,7,3,8,6,3,2,5,0,1,125,16.00%,4,Thursday,52,Weekday,12,,,,,,
25/12/2025,FCHBLRHAR01,3,13,28,28,21,18,12,5,13,9,10,9,7,17,4,7,3,1,208,13.46%,4,Thursday,52,Weekday,12,,,,,,
25/12/2025,FCHBLRHOO01,6,18,33,27,15,24,12,21,7,11,13,15,18,7,2,9,2,1,241,13.69%,4,Thursday,52,Weekday,12,,,,,,
25/12/2025,FCHBLRHSR01,2,8,18,10,22,11,17,9,6,8,9,5,14,10,4,4,2,1,160,13.75%,4,Thursday,52,Weekday,12,,,,,,
25/12/2025,FCHBLRJPN01,4,11,23,16,13,14,9,11,7,3,6,7,16,7,4,6,1,2,160,14.38%,4,Thursday,52,Weekday,12,,,,,,
25/12/2025,FCHBLRKOR01,3,10,11,18,12,10,11,9,5,5,4,11,8,6,4,9,1,0,137,13.14%,4,Thursday,52,Weekday,12,,,,,,
25/12/2025,FCHBLRWHF01,5,9,30,15,12,11,8,14,3,9,14,10,8,11,5,5,1,0,170,17.65%,4,Thursday,52,Weekday,12,,,,,,
25/12/2025,FCHBLRAECS01,0,8,18,7,10,6,7,7,1,2,6,4,4,3,0,3,5,2,93,19.35%,4,Thursday,52,Weekday,12,,,,,,
25/12/2025,FCHBLRELC01,3,9,7,18,8,5,11,11,3,5,4,8,8,8,4,2,1,1,116,15.52%,4,Thursday,52,Weekday,12,,,,,,
25/12/2025,FCHBLRDOD01,1,10,9,30,16,13,4,12,6,9,6,9,4,9,4,3,2,0,147,20.41%,4,Thursday,52,Weekday,12,,,,,,
25/12/2025,FCHBLRVAR01,2,8,17,15,13,17,4,5,3,4,7,3,6,10,6,4,1,1,126,13.49%,4,Thursday,52,Weekday,12,,,,,,
25/12/2025,FCHBLRHSAF01,0,9,12,11,14,6,3,6,6,4,2,4,4,4,4,2,1,0,92,15.22%,4,Thursday,52,Weekday,12,,,,,,
25/12/2025,FCHBLRSJR01,7,20,43,27,32,28,15,16,14,14,14,18,23,23,10,5,3,0,312,13.78%,4,Thursday,52,Weekday,12,,,,,,
24/12/2025,FCHBLRHEB01,3,7,13,6,7,9,6,0,7,8,3,9,11,6,3,4,0,1,103,12.62%,3,Wednesday,52,Weekday,12,,,,,,
24/12/2025,FCHBLRBHO01,1,7,12,10,12,4,4,3,2,3,4,8,5,2,9,6,0,0,92,13.04%,3,Wednesday,52,Weekday,12,,,,,,
24/12/2025,all,74,196,275,273,195,153,140,96,69,90,104,114,161,148,129,67,48,16,2348,11.71%,3,Wednesday,52,Weekday,12,,,,,,
24/12/2025,FCHBLRBEN01,7,14,13,11,8,3,10,2,2,3,6,7,9,7,5,5,2,1,115,12.17%,3,Wednesday,52,Weekday,12,,,,,,
24/12/2025,FCHBLRHAR01,4,10,27,23,20,13,9,7,7,9,14,13,12,20,9,6,4,2,209,12.92%,3,Wednesday,52,Weekday,12,,,,,,
24/12/2025,FCHBLRHOO01,7,20,31,24,18,15,19,12,11,5,14,8,16,10,12,6,7,1,236,13.14%,3,Wednesday,52,Weekday,12,,,,,,
24/12/2025,FCHBLRHSR01,7,5,21,19,15,11,7,10,3,7,6,10,7,13,12,5,5,1,164,12.80%,3,Wednesday,52,Weekday,12,,,,,,
24/12/2025,FCHBLRJPN01,5,18,13,23,17,6,10,9,7,7,6,4,7,8,12,3,1,0,156,14.74%,3,Wednesday,52,Weekday,12,,,,,,
24/12/2025,FCHBLRKOR01,6,12,16,20,7,8,8,5,5,6,7,2,15,9,9,5,0,6,146,13.70%,3,Wednesday,52,Weekday,12,,,,,,
24/12/2025,FCHBLRWHF01,7,16,27,17,20,12,10,4,4,5,7,13,13,12,12,7,2,2,190,14.21%,3,Wednesday,52,Weekday,12,,,,,,
24/12/2025,FCHBLRAECS01,3,10,11,18,11,7,4,5,2,1,8,1,5,12,6,2,1,0,107,16.82%,3,Wednesday,52,Weekday,12,,,,,,
24/12/2025,FCHBLRDOD01,5,11,21,26,12,12,6,7,3,9,5,10,14,9,10,1,4,1,166,15.66%,3,Wednesday,52,Weekday,12,,,,,,
24/12/2025,FCHBLRELC01,2,7,12,10,10,10,5,5,4,1,2,6,7,8,5,4,3,0,101,11.88%,3,Wednesday,52,Weekday,12,,,,,,
24/12/2025,FCHBLRVAR01,7,15,15,11,14,9,8,4,4,8,5,6,6,7,6,6,3,0,134,11.19%,3,Wednesday,52,Weekday,12,,,,,,
24/12/2025,FCHBLRHSAF01,4,6,10,8,7,9,14,5,3,4,4,3,4,4,5,1,4,0,95,14.74%,3,Wednesday,52,Weekday,12,,,,,,
24/12/2025,FCHBLRSJR01,4,24,33,41,24,21,17,11,10,14,11,23,34,21,20,11,7,0,326,12.58%,3,Wednesday,52,Weekday,12,,,,,,
23/12/2025,FCHBLRBHO01,2,13,9,12,5,10,9,5,2,7,4,6,6,2,2,3,5,1,103,12.62%,2,Tuesday,52,Weekday,12,,,,,,
23/12/2025,FCHBLRHEB01,4,15,16,10,7,7,4,5,2,4,5,2,6,6,4,2,0,1,100,16.00%,2,Tuesday,52,Weekday,12,,,,,,
23/12/2025,all,57,152,224,178,153,106,73,92,66,54,81,108,129,117,88,56,28,13,1775,12.62%,2,Tuesday,52,Weekday,12,,,,,,
23/12/2025,FCHBLRBEN01,6,6,8,12,9,1,8,2,3,6,7,5,10,7,5,1,2,0,98,12.24%,2,Tuesday,52,Weekday,12,,,,,,
23/12/2025,FCHBLRHAR01,3,23,25,12,16,8,4,3,2,5,7,10,12,6,11,12,3,3,165,15.15%,2,Tuesday,52,Weekday,12,,,,,,
23/12/2025,FCHBLRHOO01,9,16,29,29,16,13,8,12,9,10,10,13,10,15,4,6,4,0,213,13.62%,2,Tuesday,52,Weekday,12,,,,,,
23/12/2025,FCHBLRHSR01,2,13,20,27,16,7,9,5,6,6,3,9,13,7,12,7,2,2,166,16.27%,2,Tuesday,52,Weekday,12,,,,,,
23/12/2025,FCHBLRJPN01,5,17,18,11,7,12,6,14,2,5,5,10,11,16,9,5,3,0,156,11.54%,2,Tuesday,52,Weekday,12,,,,,,
23/12/2025,FCHBLRKOR01,3,13,17,11,12,10,3,4,7,3,3,9,11,12,8,8,6,0,140,12.14%,2,Tuesday,52,Weekday,12,,,,,,
23/12/2025,FCHBLRWHF01,3,9,28,8,14,17,4,8,8,6,8,13,6,14,5,6,3,1,161,17.39%,2,Tuesday,52,Weekday,12,,,,,,
23/12/2025,FCHBLRAECS01,6,7,20,9,2,3,3,4,0,2,4,11,6,7,7,3,1,0,95,21.05%,2,Tuesday,52,Weekday,12,,,,,,
23/12/2025,FCHBLRELC01,4,9,16,10,13,7,6,7,2,3,8,6,9,8,6,4,0,0,118,13.56%,2,Tuesday,52,Weekday,12,,,,,,
23/12/2025,FCHBLRVAR01,5,13,19,18,12,7,2,8,5,3,6,10,4,10,4,8,4,2,140,13.57%,2,Tuesday,52,Weekday,12,,,,,,
23/12/2025,FCHBLRDOD01,7,16,23,22,10,9,10,9,5,5,9,3,21,5,6,5,0,0,165,13.94%,2,Tuesday,52,Weekday,12,,,,,,
23/12/2025,FCHBLRHSAF01,4,10,11,8,13,5,3,6,5,2,8,2,5,5,7,1,0,0,95,13.68%,2,Tuesday,52,Weekday,12,,,,,,
23/12/2025,FCHBLRSJR01,9,27,32,35,30,20,12,16,16,10,19,17,27,18,11,5,5,4,313,11.18%,2,Tuesday,52,Weekday,12,,,,,,
22/12/2025,FCHBLRHEB01,6,4,15,12,11,3,6,6,6,4,7,11,8,7,6,0,2,0,114,13.16%,1,Monday,52,Weekday,12,,,,,,
22/12/2025,FCHBLRAECS01,3,14,5,7,13,6,9,5,4,5,1,7,8,8,7,4,2,4,112,12.50%,1,Monday,52,Weekday,12,,,,,,
22/12/2025,all,83,184,340,278,199,142,113,111,94,89,113,138,150,167,128,89,49,20,2487,13.67%,1,Monday,52,Weekday,12,,,,,,
22/12/2025,FCHBLRBEN01,6,14,12,16,11,6,3,6,3,4,7,6,8,10,4,3,6,0,125,12.80%,1,Monday,52,Weekday,12,,,,,,
22/12/2025,FCHBLRHAR01,9,20,17,18,17,17,7,9,8,7,6,12,14,11,10,6,9,1,198,10.10%,1,Monday,52,Weekday,12,,,,,,
22/12/2025,FCHBLRHOO01,9,20,31,30,16,10,7,8,18,9,12,14,13,11,11,11,2,5,237,13.08%,1,Monday,52,Weekday,12,,,,,,
22/12/2025,FCHBLRHSR01,7,13,19,16,11,9,6,9,3,5,7,9,8,15,12,2,8,1,160,11.88%,1,Monday,52,Weekday,12,,,,,,
22/12/2025,FCHBLRJPN01,5,18,22,11,9,9,8,7,6,4,6,8,17,17,4,0,1,1,153,14.38%,1,Monday,52,Weekday,12,,,,,,
22/12/2025,FCHBLRKOR01,2,10,26,16,8,16,4,4,3,5,8,8,8,9,14,7,1,2,151,17.22%,1,Monday,52,Weekday,12,,,,,,
22/12/2025,FCHBLRWHF01,12,11,18,17,12,9,11,3,3,8,5,14,15,16,10,10,0,3,177,10.17%,1,Monday,52,Weekday,12,,,,,,
22/12/2025,FCHBLRBHO01,5,2,7,3,4,3,1,2,0,0,3,4,3,2,2,7,0,0,48,14.58%,1,Monday,52,Weekday,12,,,,,,
22/12/2025,FCHBLRELC01,2,8,16,7,7,8,9,9,4,7,5,5,4,11,4,5,3,1,115,13.91%,1,Monday,52,Weekday,12,,,,,,
22/12/2025,FCHBLRDOD01,2,15,11,22,14,5,7,4,7,11,8,9,6,4,11,9,1,3,149,14.77%,1,Monday,52,Weekday,12,,,,,,
22/12/2025,FCHBLRVAR01,5,4,22,18,11,7,8,5,5,4,4,6,7,4,9,7,4,1,131,16.79%,1,Monday,52,Weekday,12,,,,,,
22/12/2025,FCHBLRSJR01,10,27,61,42,38,23,16,17,13,11,28,20,31,33,20,13,7,2,412,14.81%,1,Monday,52,Weekday,12,,,,,,
22/12/2025,FCHBLRHSAF01,4,13,11,12,5,3,5,3,4,4,2,6,1,2,3,1,4,0,83,15.66%,1,Monday,52,Weekday,12,,,,,,
21/12/2025,FCHBLRELC01,3,4,29,34,19,10,15,14,11,5,9,4,9,13,7,6,2,0,194,17.53%,7,Sunday,51,Weekend,12,,,,,,
21/12/2025,FCHBLRHEB01,2,5,38,16,17,7,6,11,6,5,3,13,6,9,7,2,1,0,154,24.68%,7,Sunday,51,Weekend,12,,,,,,
21/12/2025,FCHBLRAECS01,3,9,21,16,16,14,7,8,4,5,7,5,7,10,12,4,3,0,151,13.91%,7,Sunday,51,Weekend,12,,,,,,
21/12/2025,FCHBLRDOD01,6,8,22,33,24,19,19,12,9,6,5,13,10,8,8,5,3,1,211,15.64%,7,Sunday,51,Weekend,12,,,,,,
21/12/2025,FCHBLRVAR01,3,8,20,27,18,18,6,6,6,6,9,8,8,9,9,6,3,1,171,15.79%,7,Sunday,51,Weekend,12,,,,,,
21/12/2025,FCHBLRSJR01,11,23,57,48,36,29,35,23,24,28,18,27,23,24,20,15,4,4,449,12.69%,7,Sunday,51,Weekend,12,,,,,,
21/12/2025,FCHBLRHSAF01,2,9,10,14,10,12,10,4,3,5,8,3,9,5,10,4,3,1,122,11.48%,7,Sunday,51,Weekend,12,,,,,,
21/12/2025,all,72,218,420,428,348,241,248,195,127,131,130,139,207,174,106,79,31,12,3306,12.95%,7,Sunday,51,Weekend,12,,,,,,
21/12/2025,FCHBLRBEN01,0,6,20,29,16,14,11,8,7,8,4,8,10,12,5,4,1,0,163,17.79%,7,Sunday,51,Weekend,12,,,,,,
21/12/2025,FCHBLRHAR01,3,7,22,31,26,13,20,10,6,9,9,12,14,13,13,9,6,1,224,13.84%,7,Sunday,51,Weekend,12,,,,,,
21/12/2025,FCHBLRHOO01,0,14,45,45,29,15,18,13,8,11,15,17,21,13,8,8,1,0,281,16.01%,7,Sunday,51,Weekend,12,,,,,,
21/12/2025,FCHBLRHSR01,2,8,16,16,21,22,13,19,9,11,5,7,15,15,10,6,4,4,203,10.84%,7,Sunday,51,Weekend,12,,,,,,
21/12/2025,FCHBLRJPN01,4,21,24,27,19,21,15,9,7,3,7,8,11,16,11,5,1,0,209,12.92%,7,Sunday,51,Weekend,12,,,,,,
21/12/2025,FCHBLRKOR01,6,6,11,22,22,9,13,12,12,6,8,12,19,13,6,5,2,0,184,11.96%,7,Sunday,51,Weekend,12,,,,,,
21/12/2025,FCHBLRWHF01,8,9,30,29,25,18,18,23,5,8,13,8,20,17,9,4,1,0,245,12.24%,7,Sunday,51,Weekend,12,,,,,,
21/12/2025,FCHBLRBHO01,2,2,5,10,7,6,4,4,4,2,1,0,3,3,0,5,2,0,60,16.67%,7,Sunday,51,Weekend,12,,,,,,
20/12/2025,FCHBLRELC01,1,19,23,32,17,14,28,20,13,8,10,15,16,3,6,4,1,1,231,13.85%,6,Saturday,51,Weekend,12,,,,,,
20/12/2025,FCHBLRAECS01,7,17,46,30,28,22,15,11,10,3,8,7,9,13,5,6,1,0,238,19.33%,6,Saturday,51,Weekend,12,,,,,,
20/12/2025,FCHBLRHEB01,11,34,33,32,27,11,13,12,4,8,6,4,11,7,7,6,0,2,228,14.91%,6,Saturday,51,Weekend,12,,,,,,
20/12/2025,FCHBLRVAR01,7,14,29,19,26,9,23,16,11,15,11,11,9,6,4,5,3,1,219,13.24%,6,Saturday,51,Weekend,12,,,,,,
20/12/2025,FCHBLRSJR01,13,35,72,70,47,41,30,19,19,23,18,20,35,27,7,6,6,3,491,14.66%,6,Saturday,51,Weekend,12,,,,,,
20/12/2025,FCHBLRDOD01,2,16,28,23,27,20,14,11,9,9,10,4,11,13,8,4,0,0,209,13.40%,6,Saturday,51,Weekend,12,,,,,,
20/12/2025,FCHBLRHSAF01,6,10,16,13,11,6,13,8,3,7,5,6,3,3,7,2,2,0,121,13.22%,6,Saturday,51,Weekend,12,,,,,,
20/12/2025,all,338,714,"1,007",813,556,456,401,328,282,315,326,427,455,391,319,241,126,51,7546,13.34%,6,Saturday,51,Weekend,12,,,,,,
20/12/2025,FCHBLRBEN01,8,17,22,24,12,8,5,9,9,13,4,11,12,7,5,5,1,0,172,13.95%,6,Saturday,51,Weekend,12,,,,,,
20/12/2025,FCHBLRBHO01,1,6,13,7,6,3,6,3,0,4,4,4,3,2,1,0,0,0,63,20.63%,6,Saturday,51,Weekend,12,,,,,,
20/12/2025,FCHBLRHAR01,7,14,39,25,37,15,16,9,10,9,10,14,13,13,11,6,0,2,250,15.60%,6,Saturday,51,Weekend,12,,,,,,
20/12/2025,FCHBLRHOO01,13,35,53,46,30,24,21,21,10,11,13,11,13,11,12,3,2,0,329,16.11%,6,Saturday,51,Weekend,12,,,,,,
20/12/2025,FCHBLRHSR01,4,14,26,24,19,17,17,16,7,11,10,11,13,11,12,7,5,2,226,11.50%,6,Saturday,51,Weekend,12,,,,,,
20/12/2025,FCHBLRJPN01,7,18,42,31,22,11,15,15,7,14,4,6,10,8,5,4,1,0,220,19.09%,6,Saturday,51,Weekend,12,,,,,,
20/12/2025,FCHBLRKOR01,3,7,31,26,20,12,10,5,7,14,9,11,9,7,5,5,1,1,183,16.94%,6,Saturday,51,Weekend,12,,,,,,
20/12/2025,FCHBLRWHF01,4,21,39,32,23,23,15,19,7,8,7,10,5,8,4,0,3,1,229,17.03%,6,Saturday,51,Weekend,12,,,,,,
19/12/2025,FCHBLRAECS01,6,10,23,12,8,5,4,5,4,4,4,9,6,2,3,1,2,2,110,20.91%,5,Friday,51,Weekday,12,,,,,,
19/12/2025,FCHBLRELC01,5,11,21,13,9,3,2,4,5,7,12,6,9,9,3,5,1,1,126,16.67%,5,Friday,51,Weekday,12,,,,,,
19/12/2025,all,242,481,594,486,315,294,252,193,191,201,218,291,318,276,225,175,95,35,4882,12.17%,5,Friday,51,Weekday,12,,,,,,
19/12/2025,FCHBLRBEN01,4,13,24,13,12,7,6,11,1,3,6,5,8,5,10,3,2,1,134,17.91%,5,Friday,51,Weekday,12,,,,,,
19/12/2025,FCHBLRHAR01,12,26,23,30,21,7,14,6,10,4,7,10,19,10,7,10,2,3,221,13.57%,5,Friday,51,Weekday,12,,,,,,
19/12/2025,FCHBLRHOO01,15,26,34,23,10,19,12,4,12,6,9,16,7,13,8,11,5,2,232,14.66%,5,Friday,51,Weekday,12,,,,,,
19/12/2025,FCHBLRHSR01,7,15,23,21,12,8,6,8,2,6,9,12,10,9,8,6,6,1,169,13.61%,5,Friday,51,Weekday,12,,,,,,
19/12/2025,FCHBLRJPN01,10,25,20,14,10,20,7,10,1,6,9,7,11,3,14,3,1,0,171,14.62%,5,Friday,51,Weekday,12,,,,,,
19/12/2025,FCHBLRKOR01,6,21,21,18,9,11,4,4,4,5,8,12,5,7,8,6,0,0,149,14.09%,5,Friday,51,Weekday,12,,,,,,
19/12/2025,FCHBLRWHF01,12,29,19,15,12,11,16,14,7,11,11,8,17,7,10,9,2,2,212,13.68%,5,Friday,51,Weekday,12,,,,,,
19/12/2025,FCHBLRVAR01,10,9,20,17,7,11,7,4,7,4,6,9,9,8,11,6,4,2,151,13.25%,5,Friday,51,Weekday,12,,,,,,
19/12/2025,FCHBLRBHO01,4,6,8,5,6,5,2,4,1,2,0,3,3,4,2,2,1,0,58,13.79%,5,Friday,51,Weekday,12,,,,,,
19/12/2025,FCHBLRSJR01,19,34,59,42,38,22,22,13,20,15,23,35,28,24,17,10,8,1,430,13.72%,5,Friday,51,Weekday,12,,,,,,
19/12/2025,FCHBLRDOD01,5,20,23,20,13,10,14,8,7,7,11,7,12,6,3,6,4,3,179,12.85%,5,Friday,51,Weekday,12,,,,,,
19/12/2025,FCHBLRHSAF01,6,8,15,8,6,10,6,7,5,4,4,9,4,6,3,4,2,0,107,14.02%,5,Friday,51,Weekday,12,,,,,,
19/12/2025,FCHBLRHEB01,4,4,5,8,3,2,6,3,4,1,0,4,3,4,2,1,0,1,55,14.55%,5,Friday,51,Weekday,12,,,,,,
18/12/2025,FCHBLRAECS01,11,15,16,7,11,7,3,5,7,5,4,9,7,3,4,3,1,2,120,13.33%,4,Thursday,51,Weekday,12,,,,,,
18/12/2025,all,117,230,284,245,145,144,127,92,103,122,111,145,175,167,118,95,57,17,2494,11.39%,4,Thursday,51,Weekday,12,,,,,,
18/12/2025,FCHBLRBEN01,3,13,16,15,10,4,7,3,6,4,5,11,11,6,11,5,2,0,132,12.12%,4,Thursday,51,Weekday,12,,,,,,
18/12/2025,FCHBLRHAR01,6,13,24,20,16,7,7,6,5,11,11,12,21,11,6,9,6,2,193,12.44%,4,Thursday,51,Weekday,12,,,,,,
18/12/2025,FCHBLRHOO01,16,26,24,30,15,20,8,10,7,17,12,9,14,19,10,11,5,1,254,11.81%,4,Thursday,51,Weekday,12,,,,,,
18/12/2025,FCHBLRHSR01,7,15,15,21,5,13,7,4,8,9,7,10,14,17,12,6,6,4,180,11.67%,4,Thursday,51,Weekday,12,,,,,,
18/12/2025,FCHBLRJPN01,5,17,24,7,10,15,10,4,7,7,8,9,10,12,4,5,3,0,157,15.29%,4,Thursday,51,Weekday,12,,,,,,
18/12/2025,FCHBLRKOR01,6,17,16,15,10,13,10,7,5,5,5,10,16,10,7,8,6,2,168,10.12%,4,Thursday,51,Weekday,12,,,,,,
18/12/2025,FCHBLRWHF01,10,17,18,19,7,10,10,9,20,5,7,13,15,14,5,7,6,1,193,10.36%,4,Thursday,51,Weekday,12,,,,,,
18/12/2025,FCHBLRBHO01,2,6,3,7,3,3,2,0,1,4,1,8,4,1,1,3,1,0,50,16.00%,4,Thursday,51,Weekday,12,,,,,,
18/12/2025,FCHBLRELC01,4,12,14,14,6,8,6,6,3,9,5,6,11,7,2,4,2,1,120,11.67%,4,Thursday,51,Weekday,12,,,,,,
18/12/2025,FCHBLRVAR01,6,12,13,17,8,5,12,6,5,10,10,5,8,12,10,3,4,0,146,11.64%,4,Thursday,51,Weekday,12,,,,,,
18/12/2025,FCHBLRHEB01,8,6,12,3,5,4,3,2,1,4,1,2,4,2,4,1,2,0,64,18.75%,4,Thursday,51,Weekday,12,,,,,,
18/12/2025,FCHBLRDOD01,9,10,30,17,14,12,7,3,5,11,5,6,6,9,8,6,5,3,166,18.07%,4,Thursday,51,Weekday,12,,,,,,
18/12/2025,FCHBLRSJR01,20,28,40,47,24,17,25,21,19,18,25,31,28,29,22,17,6,3,420,11.19%,4,Thursday,51,Weekday,12,,,,,,
18/12/2025,FCHBLRHSAF01,4,18,13,5,4,5,5,3,4,3,4,7,6,6,3,5,0,0,95,18.95%,4,Thursday,51,Weekday,12,,,,,,
17/12/2025,FCHBLRAECS01,11,20,22,8,8,8,8,8,7,5,5,6,7,12,13,5,3,0,156,14.10%,3,Wednesday,51,Weekday,12,,,,,,
17/12/2025,FCHBLRVAR01,8,14,20,20,12,11,12,10,2,6,7,9,15,4,8,6,5,3,172,11.63%,3,Wednesday,51,Weekday,12,,,,,,
17/12/2025,FCHBLRELC01,2,15,18,15,8,9,4,6,7,4,6,7,11,14,3,6,2,1,138,13.04%,3,Wednesday,51,Weekday,12,,,,,,
17/12/2025,all,260,491,642,474,340,293,191,180,188,186,257,287,308,284,255,165,89,31,4921,13.05%,3,Wednesday,51,Weekday,12,,,,,,
17/12/2025,FCHBLRBEN01,13,13,26,11,7,10,0,2,3,5,5,7,11,8,10,5,2,0,138,18.84%,3,Wednesday,51,Weekday,12,,,,,,
17/12/2025,FCHBLRHAR01,13,25,27,22,10,8,9,6,10,1,10,13,17,8,12,4,5,0,200,13.50%,3,Wednesday,51,Weekday,12,,,,,,
17/12/2025,FCHBLRHOO01,12,30,36,28,21,14,12,12,8,11,11,13,16,19,8,8,3,2,264,13.64%,3,Wednesday,51,Weekday,12,,,,,,
17/12/2025,FCHBLRHSR01,5,12,20,18,12,15,10,4,5,11,8,8,11,19,11,4,2,2,177,11.30%,3,Wednesday,51,Weekday,12,,,,,,
17/12/2025,FCHBLRJPN01,10,21,26,21,12,13,5,4,7,4,3,13,8,8,10,4,1,0,170,15.29%,3,Wednesday,51,Weekday,12,,,,,,
17/12/2025,FCHBLRKOR01,8,11,27,19,9,14,8,2,4,12,7,9,8,9,9,5,6,1,168,16.07%,3,Wednesday,51,Weekday,12,,,,,,
17/12/2025,FCHBLRWHF01,8,20,28,25,26,12,6,12,5,10,9,23,8,12,10,11,2,1,228,12.28%,3,Wednesday,51,Weekday,12,,,,,,
17/12/2025,FCHBLRBHO01,0,8,7,4,2,5,3,1,3,3,3,3,2,1,2,1,0,2,50,16.00%,3,Wednesday,51,Weekday,12,,,,,,
17/12/2025,FCHBLRDOD01,9,17,22,22,9,21,6,3,4,7,8,7,10,17,9,4,2,1,178,12.36%,3,Wednesday,51,Weekday,12,,,,,,
17/12/2025,FCHBLRHEB01,3,3,11,5,8,5,4,3,0,4,4,6,2,6,4,2,0,1,71,15.49%,3,Wednesday,51,Weekday,12,,,,,,
17/12/2025,FCHBLRHSAF01,10,8,11,7,8,4,2,7,5,4,3,4,8,7,4,4,3,0,99,11.11%,3,Wednesday,51,Weekday,12,,,,,,
17/12/2025,FCHBLRSJR01,23,38,47,42,22,19,17,17,13,16,29,25,23,22,17,13,6,7,396,11.87%,3,Wednesday,51,Weekday,12,,,,,,
16/12/2025,FCHBLRAECS01,3,13,12,10,8,8,5,1,9,7,5,8,14,4,6,4,3,0,120,11.67%,2,Tuesday,51,Weekday,12,,,,,,
16/12/2025,FCHBLRDOD01,11,19,27,18,11,9,11,11,15,5,15,5,10,13,8,7,3,1,199,13.57%,2,Tuesday,51,Weekday,12,,,,,,
16/12/2025,all,132,253,315,222,175,136,93,95,97,86,137,143,160,131,135,89,51,13,2463,12.79%,2,Tuesday,51,Weekday,12,,,,,,
16/12/2025,FCHBLRBEN01,4,15,17,11,14,4,7,3,9,2,6,7,12,11,10,4,3,0,139,12.23%,2,Tuesday,51,Weekday,12,,,,,,
16/12/2025,FCHBLRHAR01,16,17,21,29,20,15,3,5,4,8,12,16,10,9,12,5,8,0,210,13.81%,2,Tuesday,51,Weekday,12,,,,,,
16/12/2025,FCHBLRHOO01,19,21,27,19,18,16,13,12,11,9,11,12,13,13,17,7,9,0,247,10.93%,2,Tuesday,51,Weekday,12,,,,,,
16/12/2025,FCHBLRHSAF01,6,12,16,11,7,9,6,3,2,6,9,5,7,4,3,1,2,0,109,14.68%,2,Tuesday,51,Weekday,12,,,,,,
16/12/2025,FCHBLRHSR01,5,14,24,14,11,13,10,6,5,3,11,12,13,13,7,11,6,3,181,13.26%,2,Tuesday,51,Weekday,12,,,,,,
16/12/2025,FCHBLRJPN01,16,29,19,11,10,2,6,9,6,7,7,7,4,10,10,1,0,0,154,18.83%,2,Tuesday,51,Weekday,12,,,,,,
16/12/2025,FCHBLRKOR01,9,11,24,17,12,7,2,5,1,6,10,7,4,8,10,5,1,2,141,17.02%,2,Tuesday,51,Weekday,12,,,,,,
16/12/2025,FCHBLRWHF01,11,19,24,17,8,12,8,4,11,8,7,9,14,11,9,9,0,1,182,13.19%,2,Tuesday,51,Weekday,12,,,,,,
16/12/2025,FCHBLRBHO01,1,3,9,4,5,3,0,2,1,3,3,3,6,1,2,2,2,0,50,18.00%,2,Tuesday,51,Weekday,12,,,,,,
16/12/2025,FCHBLRHEB01,3,9,7,8,6,9,7,4,1,0,4,4,4,2,8,2,0,0,78,11.54%,2,Tuesday,51,Weekday,12,,,,,,
16/12/2025,FCHBLRVAR01,2,19,25,8,10,7,5,6,3,5,6,9,9,7,7,6,4,2,140,17.86%,2,Tuesday,51,Weekday,12,,,,,,
16/12/2025,FCHBLRELC01,4,14,12,12,7,5,1,9,3,5,6,2,5,5,4,6,1,0,101,13.86%,2,Tuesday,51,Weekday,12,,,,,,
16/12/2025,FCHBLRSJR01,22,38,51,33,28,17,9,15,16,12,25,37,35,20,22,19,9,4,412,12.38%,2,Tuesday,51,Weekday,12,,,,,,
15/12/2025,FCHBLRAECS01,4,13,21,5,12,5,8,4,3,4,6,7,8,6,8,5,4,1,124,16.94%,1,Monday,51,Weekday,12,,,,,,
15/12/2025,FCHBLRBHO01,3,2,4,8,2,4,3,3,0,3,6,6,5,2,6,1,2,3,63,12.70%,1,Monday,51,Weekday,12,,,,,,
15/12/2025,all,106,277,284,251,204,124,122,109,84,88,123,175,167,174,118,97,44,23,2570,11.05%,1,Monday,51,Weekday,12,,,,,,
15/12/2025,FCHBLRBEN01,9,18,21,16,4,6,6,4,4,4,10,10,4,11,3,5,4,0,139,15.11%,1,Monday,51,Weekday,12,,,,,,
15/12/2025,FCHBLRHAR01,8,25,27,22,14,9,7,6,3,11,11,13,21,9,15,12,8,3,224,12.05%,1,Monday,51,Weekday,12,,,,,,
15/12/2025,FCHBLRHOO01,10,29,33,32,18,10,12,6,13,4,8,17,19,15,10,10,1,1,248,13.31%,1,Monday,51,Weekday,12,,,,,,
15/12/2025,FCHBLRHSR01,9,27,15,23,12,11,11,9,5,4,6,13,17,11,12,1,4,4,194,13.92%,1,Monday,51,Weekday,12,,,,,,
15/12/2025,FCHBLRJPN01,9,19,15,12,15,10,7,12,5,7,13,10,10,18,6,12,1,1,182,10.44%,1,Monday,51,Weekday,12,,,,,,
15/12/2025,FCHBLRKOR01,4,13,16,13,17,5,10,8,7,6,10,8,8,20,7,9,4,1,166,12.05%,1,Monday,51,Weekday,12,,,,,,
15/12/2025,FCHBLRWHF01,7,26,25,19,31,12,5,9,8,9,8,22,16,18,7,8,3,1,234,13.25%,1,Monday,51,Weekday,12,,,,,,
15/12/2025,FCHBLRELC01,1,14,11,8,16,4,5,8,5,6,4,6,5,10,6,5,2,1,117,13.68%,1,Monday,51,Weekday,12,,,,,,
15/12/2025,FCHBLRHEB01,5,8,7,9,5,0,5,0,0,3,5,5,0,6,6,5,1,0,70,12.86%,1,Monday,51,Weekday,12,,,,,,
15/12/2025,FCHBLRDOD01,6,12,29,25,16,10,8,6,8,0,7,10,10,5,7,4,3,2,168,17.26%,1,Monday,51,Weekday,12,,,,,,
15/12/2025,FCHBLRVAR01,11,15,11,14,5,9,10,4,4,3,7,10,9,12,6,4,2,0,136,11.03%,1,Monday,51,Weekday,12,,,,,,
15/12/2025,FCHBLRHSAF01,7,18,7,6,10,6,6,5,5,4,3,5,6,3,3,2,1,3,100,18.00%,1,Monday,51,Weekday,12,,,,,,
15/12/2025,FCHBLRSJR01,13,38,42,39,27,23,19,25,14,20,19,33,29,28,16,14,4,2,405,10.37%,1,Monday,51,Weekday,12,,,,,,
14/12/2025,FCHBLRAECS01,2,11,26,40,29,21,31,10,8,10,12,14,19,12,14,10,5,2,276,14.49%,7,Sunday,50,Weekend,12,,,,,,
14/12/2025,FCHBLRELC01,1,7,46,25,13,15,7,8,9,5,8,12,16,6,7,1,3,0,189,24.34%,7,Sunday,50,Weekend,12,,,,,,
14/12/2025,FCHBLRVAR01,0,13,36,16,25,18,12,11,9,4,7,8,20,10,10,5,4,4,212,16.98%,7,Sunday,50,Weekend,12,,,,,,
14/12/2025,FCHBLRDOD01,4,17,30,35,20,25,25,6,7,10,3,10,15,8,7,8,2,0,232,15.09%,7,Sunday,50,Weekend,12,,,,,,
14/12/2025,FCHBLRSJR01,13,35,46,63,46,33,38,20,12,14,24,30,38,26,21,14,17,3,493,12.78%,7,Sunday,50,Weekend,12,,,,,,
14/12/2025,FCHBLRHEB01,0,8,11,23,20,9,3,3,4,5,4,10,9,5,4,1,0,0,119,19.33%,7,Sunday,50,Weekend,12,,,,,,
14/12/2025,FCHBLRHSAF01,2,13,16,14,15,11,10,10,9,2,4,3,6,9,6,7,2,1,140,11.43%,7,Sunday,50,Weekend,12,,,,,,
14/12/2025,FCHBLRBHO01,0,2,6,9,15,7,4,4,0,4,2,2,7,6,4,2,3,1,78,19.23%,7,Sunday,50,Weekend,12,,,,,,
14/12/2025,all,45,204,407,423,349,259,250,152,124,120,126,161,229,167,147,98,55,20,3336,12.68%,7,Sunday,50,Weekend,12,,,,,,
14/12/2025,FCHBLRBEN01,2,14,17,30,25,18,10,9,5,4,5,9,8,9,7,8,0,0,180,16.67%,7,Sunday,50,Weekend,12,,,,,,
14/12/2025,FCHBLRHAR01,1,17,35,30,21,20,17,24,14,19,8,11,14,7,14,3,6,1,262,13.36%,7,Sunday,50,Weekend,12,,,,,,
14/12/2025,FCHBLRHOO01,6,24,43,43,32,22,25,6,11,7,12,16,15,18,9,12,4,1,306,14.05%,7,Sunday,50,Weekend,12,,,,,,
14/12/2025,FCHBLRHSR01,1,10,19,16,22,18,16,8,7,9,10,11,8,9,13,9,5,2,193,11.40%,7,Sunday,50,Weekend,12,,,,,,
14/12/2025,FCHBLRJPN01,6,12,24,26,27,11,12,9,9,14,7,8,16,12,11,3,0,0,207,13.04%,7,Sunday,50,Weekend,12,,,,,,
14/12/2025,FCHBLRKOR01,2,11,16,25,17,15,21,15,8,4,9,7,20,13,8,7,1,3,202,12.38%,7,Sunday,50,Weekend,12,,,,,,
14/12/2025,FCHBLRWHF01,5,10,36,28,22,16,19,9,12,9,11,10,18,17,12,8,3,2,247,14.57%,7,Sunday,50,Weekend,12,,,,,,
13/12/2025,FCHBLRAECS01,18,38,44,48,38,35,14,14,11,18,11,13,12,15,11,8,3,0,351,13.68%,6,Saturday,50,Weekend,12,,,,,,
13/12/2025,FCHBLRELC01,7,16,43,24,18,13,17,14,6,6,9,14,15,11,3,5,1,2,224,19.20%,6,Saturday,50,Weekend,12,,,,,,
13/12/2025,FCHBLRVAR01,2,19,33,27,22,19,22,16,13,10,13,13,13,7,5,4,6,1,245,13.47%,6,Saturday,50,Weekend,12,,,,,,
13/12/2025,FCHBLRDOD01,11,14,40,32,31,28,17,12,8,16,13,5,8,12,7,2,1,0,257,15.56%,6,Saturday,50,Weekend,12,,,,,,
13/12/2025,FCHBLRHSAF01,6,10,18,18,10,14,10,9,5,3,5,13,11,7,3,3,1,0,146,12.33%,6,Saturday,50,Weekend,12,,,,,,
13/12/2025,FCHBLRSJR01,16,41,46,61,45,37,33,27,20,16,27,23,27,15,20,12,2,0,468,13.03%,6,Saturday,50,Weekend,12,,,,,,
13/12/2025,FCHBLRHEB01,4,7,28,16,13,9,6,5,1,3,7,2,7,5,2,0,1,1,117,23.93%,6,Saturday,50,Weekend,12,,,,,,
13/12/2025,FCHBLRBHO01,0,4,7,6,8,7,9,5,2,2,3,5,4,2,5,2,1,0,72,12.50%,6,Saturday,50,Weekend,12,,,,,,
13/12/2025,all,111,275,512,440,365,282,236,194,126,134,166,165,200,148,117,78,38,11,3598,14.23%,6,Saturday,50,Weekend,12,,,,,,
13/12/2025,FCHBLRBEN01,7,15,30,26,17,11,8,9,9,4,4,6,7,5,11,5,1,0,175,17.14%,6,Saturday,50,Weekend,12,,,,,,
13/12/2025,FCHBLRHAR01,6,21,49,38,29,18,15,13,10,10,12,11,15,15,13,13,3,1,292,16.78%,6,Saturday,50,Weekend,12,,,,,,
13/12/2025,FCHBLRHOO01,9,31,46,39,40,25,20,18,12,6,25,20,22,11,11,7,4,1,347,13.26%,6,Saturday,50,Weekend,12,,,,,,
13/12/2025,FCHBLRHSR01,4,10,21,32,20,20,18,12,10,9,10,8,15,10,10,10,7,3,229,13.97%,6,Saturday,50,Weekend,12,,,,,,
13/12/2025,FCHBLRJPN01,7,14,34,22,19,11,18,10,4,9,7,8,12,5,1,4,2,0,187,18.18%,6,Saturday,50,Weekend,12,,,,,,
13/12/2025,FCHBLRKOR01,7,14,33,26,21,10,10,17,6,8,11,11,11,10,4,1,3,1,204,16.18%,6,Saturday,50,Weekend,12,,,,,,
13/12/2025,FCHBLRWHF01,7,21,40,25,34,25,19,13,9,14,9,13,21,18,11,2,2,1,284,14.08%,6,Saturday,50,Weekend,12,,,,,,
12/12/2025,FCHBLRVAR01,12,14,15,12,15,12,9,11,6,2,9,3,5,6,13,9,5,2,160,9.38%,5,Friday,50,Weekday,12,,,,,,
12/12/2025,all,126,248,284,248,163,156,114,98,78,87,107,136,144,121,127,69,40,20,2366,12.00%,5,Friday,50,Weekday,12,,,,,,
12/12/2025,FCHBLRAECS01,1,3,2,1,1,1,0,1,0,1,1,1,1,0,0,2,0,0,16,18.75%,5,Friday,50,Weekday,12,,,,,,
12/12/2025,FCHBLRBEN01,3,20,17,17,6,10,10,5,6,6,6,6,8,3,6,8,3,0,140,14.29%,5,Friday,50,Weekday,12,,,,,,
12/12/2025,FCHBLRBHO01,0,0,0,0,0,0,0,0,0,0,0,1,0,0,0,0,0,0,1,100.00%,5,Friday,50,Weekday,12,,,,,,
12/12/2025,FCHBLRHAR01,10,31,17,20,13,10,14,9,9,6,10,14,15,8,8,5,3,2,204,15.20%,5,Friday,50,Weekday,12,,,,,,
12/12/2025,FCHBLRHOO01,14,24,43,22,20,17,14,9,5,8,11,19,9,21,10,5,7,1,259,16.60%,5,Friday,50,Weekday,12,,,,,,
12/12/2025,FCHBLRHSR01,5,17,20,20,24,7,14,7,9,7,8,6,18,9,14,7,5,5,202,11.88%,5,Friday,50,Weekday,12,,,,,,
12/12/2025,FCHBLRJPN01,6,25,29,19,8,11,6,7,5,4,8,6,12,5,9,5,3,0,168,17.26%,5,Friday,50,Weekday,12,,,,,,
12/12/2025,FCHBLRKOR01,5,15,14,14,11,15,1,6,5,8,7,12,10,11,12,2,2,1,151,9.93%,5,Friday,50,Weekday,12,,,,,,
12/12/2025,FCHBLRWHF01,12,18,18,33,8,11,11,10,8,12,5,15,15,7,11,5,3,1,203,16.26%,5,Friday,50,Weekday,12,,,,,,
12/12/2025,FCHBLRHEB01,8,5,5,7,3,6,2,3,2,5,0,4,2,3,8,1,1,1,66,12.12%,5,Friday,50,Weekday,12,,,,,,
12/12/2025,FCHBLRDOD01,12,16,19,14,14,11,9,7,5,8,8,14,6,14,9,4,1,0,171,11.11%,5,Friday,50,Weekday,12,,,,,,
12/12/2025,FCHBLRELC01,4,6,24,6,11,6,6,5,2,3,5,7,9,7,0,4,2,2,109,22.02%,5,Friday,50,Weekday,12,,,,,,
12/12/2025,FCHBLRHSAF01,8,12,10,7,8,11,4,3,6,5,6,2,7,6,5,1,0,1,102,11.76%,5,Friday,50,Weekday,12,,,,,,
12/12/2025,FCHBLRSJR01,26,42,51,56,21,28,14,15,10,12,23,26,27,21,22,11,5,4,414,13.53%,5,Friday,50,Weekday,12,,,,,,
11/12/2025,FCHBLRVAR01,14,20,27,14,8,6,5,10,3,10,9,6,5,7,3,4,3,0,154,17.53%,4,Thursday,50,Weekday,12,,,,,,
11/12/2025,all,102,237,307,212,169,128,93,101,63,92,107,153,136,131,93,79,44,20,2267,13.54%,4,Thursday,50,Weekday,12,,,,,,
11/12/2025,FCHBLRBEN01,3,16,26,16,14,8,4,5,2,7,7,5,5,6,3,6,3,2,138,18.84%,4,Thursday,50,Weekday,12,,,,,,
11/12/2025,FCHBLRHAR01,5,26,24,10,11,10,10,7,5,6,10,14,10,14,13,4,3,0,182,14.29%,4,Thursday,50,Weekday,12,,,,,,
11/12/2025,FCHBLRHOO01,22,35,46,30,16,13,11,9,8,11,14,19,19,22,8,8,4,5,300,15.33%,4,Thursday,50,Weekday,12,,,,,,
11/12/2025,FCHBLRHSR01,2,15,20,18,13,13,6,8,4,9,5,9,12,10,7,7,5,3,166,12.05%,4,Thursday,50,Weekday,12,,,,,,
11/12/2025,FCHBLRJPN01,10,18,19,14,17,16,13,14,3,6,7,15,11,8,7,5,2,0,185,10.27%,4,Thursday,50,Weekday,12,,,,,,
11/12/2025,FCHBLRKOR01,5,13,14,12,13,4,4,3,3,7,7,10,5,6,3,2,7,3,121,11.57%,4,Thursday,50,Weekday,12,,,,,,
11/12/2025,FCHBLRWHF01,10,20,24,16,13,13,8,6,6,6,12,12,13,12,5,12,1,0,189,12.70%,4,Thursday,50,Weekday,12,,,,,,
11/12/2025,FCHBLRHEB01,3,6,8,5,4,4,3,3,3,3,3,4,4,4,2,2,0,0,61,13.11%,4,Thursday,50,Weekday,12,,,,,,
11/12/2025,FCHBLRSJR01,13,37,60,37,33,25,16,16,15,14,20,30,31,23,21,17,6,6,420,14.29%,4,Thursday,50,Weekday,12,,,,,,
11/12/2025,FCHBLRELC01,5,10,7,13,9,3,4,8,3,2,4,7,5,5,9,5,2,0,101,12.87%,4,Thursday,50,Weekday,12,,,,,,
11/12/2025,FCHBLRHSAF01,3,7,12,11,7,6,6,6,3,2,4,7,8,4,7,3,5,0,101,11.88%,4,Thursday,50,Weekday,12,,,,,,
11/12/2025,FCHBLRDOD01,7,14,20,16,11,7,3,6,5,9,5,13,7,10,5,4,3,1,146,13.70%,4,Thursday,50,Weekday,12,,,,,,
10/12/2025,FCHBLRELC01,9,10,17,7,12,5,6,4,3,7,7,6,9,6,10,2,2,0,122,13.93%,3,Wednesday,50,Weekday,12,,,,,,
10/12/2025,all,108,240,243,205,163,123,102,77,73,80,105,145,154,124,124,77,39,20,2202,11.04%,3,Wednesday,50,Weekday,12,,,,,,
10/12/2025,FCHBLRBEN01,5,13,16,6,7,7,6,4,2,3,7,6,6,8,9,4,0,0,109,14.68%,3,Wednesday,50,Weekday,12,,,,,,
10/12/2025,FCHBLRHAR01,16,26,19,23,13,6,5,8,9,5,7,10,13,13,6,9,1,2,191,13.61%,3,Wednesday,50,Weekday,12,,,,,,
10/12/2025,FCHBLRHOO01,9,26,30,27,20,13,13,8,9,8,11,15,19,19,8,6,4,1,246,12.20%,3,Wednesday,50,Weekday,12,,,,,,
10/12/2025,FCHBLRHSAF01,8,15,8,7,8,6,7,1,1,6,10,3,9,6,5,5,1,0,106,14.15%,3,Wednesday,50,Weekday,12,,,,,,
10/12/2025,FCHBLRHSR01,5,20,21,9,12,10,4,10,6,7,8,14,17,11,14,7,4,1,180,11.67%,3,Wednesday,50,Weekday,12,,,,,,
10/12/2025,FCHBLRJPN01,9,18,16,11,14,12,1,6,11,4,6,6,10,8,13,5,7,5,162,11.11%,3,Wednesday,50,Weekday,12,,,,,,
10/12/2025,FCHBLRKOR01,6,17,14,16,4,16,9,3,2,3,5,14,11,8,6,2,4,1,141,12.06%,3,Wednesday,50,Weekday,12,,,,,,
10/12/2025,FCHBLRWHF01,7,18,17,16,8,11,18,7,8,12,9,10,13,11,15,7,1,1,189,9.52%,3,Wednesday,50,Weekday,12,,,,,,
10/12/2025,FCHBLRVAR01,7,16,16,18,12,12,2,6,5,6,5,12,6,9,5,2,5,1,145,12.41%,3,Wednesday,50,Weekday,12,,,,,,
10/12/2025,FCHBLRHEB01,5,5,8,6,4,4,4,2,1,3,3,4,2,2,4,4,2,0,63,12.70%,3,Wednesday,50,Weekday,12,,,,,,
10/12/2025,FCHBLRDOD01,8,10,23,19,9,11,7,7,4,6,6,13,10,5,8,4,4,1,155,14.84%,3,Wednesday,50,Weekday,12,,,,,,
10/12/2025,FCHBLRSJR01,14,46,38,40,40,10,20,11,12,10,21,32,29,18,21,20,4,7,393,11.70%,3,Wednesday,50,Weekday,12,,,,,,
09/12/2025,FCHBLRVAR01,7,16,23,13,9,7,3,9,7,8,7,11,6,12,9,9,6,0,162,14.20%,2,Tuesday,50,Weekday,12,,,,,,
09/12/2025,FCHBLRELC01,6,14,16,4,16,6,4,6,4,2,6,6,6,8,11,3,3,0,121,13.22%,2,Tuesday,50,Weekday,12,,,,,,
09/12/2025,all,121,219,272,196,150,139,105,84,58,99,133,114,134,132,129,71,34,17,2207,12.32%,2,Tuesday,50,Weekday,12,,,,,,
09/12/2025,FCHBLRBEN01,7,14,22,11,11,5,7,2,3,8,10,6,11,9,7,0,1,3,137,16.06%,2,Tuesday,50,Weekday,12,,,,,,
09/12/2025,FCHBLRHAR01,17,21,25,10,8,6,5,7,1,8,9,14,12,8,8,7,2,2,170,14.71%,2,Tuesday,50,Weekday,12,,,,,,
09/12/2025,FCHBLRHOO01,14,30,28,24,21,17,14,5,6,8,15,18,19,20,17,10,2,2,270,11.11%,2,Tuesday,50,Weekday,12,,,,,,
09/12/2025,FCHBLRHSR01,6,9,22,16,15,10,5,9,3,6,15,10,6,9,11,3,3,5,163,13.50%,2,Tuesday,50,Weekday,12,,,,,,
09/12/2025,FCHBLRJPN01,8,17,17,13,7,10,7,3,7,11,10,8,9,9,10,2,0,1,149,11.41%,2,Tuesday,50,Weekday,12,,,,,,
09/12/2025,FCHBLRKOR01,6,11,16,13,8,5,4,2,3,5,6,9,5,9,9,6,3,0,120,13.33%,2,Tuesday,50,Weekday,12,,,,,,
09/12/2025,FCHBLRWHF01,13,23,20,15,14,16,5,11,2,6,13,6,15,6,8,4,3,0,180,12.78%,2,Tuesday,50,Weekday,12,,,,,,
09/12/2025,FCHBLRHEB01,1,3,5,10,4,5,5,4,5,2,2,3,1,3,2,5,1,0,61,16.39%,2,Tuesday,50,Weekday,12,,,,,,
09/12/2025,FCHBLRHSAF01,3,12,10,10,4,6,7,7,2,4,6,1,7,8,12,2,2,1,104,11.54%,2,Tuesday,50,Weekday,12,,,,,,
09/12/2025,FCHBLRSJR01,24,37,56,46,20,38,27,13,9,18,25,19,27,21,15,13,5,3,416,13.46%,2,Tuesday,50,Weekday,12,,,,,,
09/12/2025,FCHBLRDOD01,9,12,12,11,13,8,12,6,6,13,9,3,10,10,10,7,3,0,154,8.44%,2,Tuesday,50,Weekday,12,,,,,,
08/12/2025,FCHBLRSJR01,24,49,47,40,32,21,17,18,18,18,27,27,22,45,22,15,10,9,461,10.63%,1,Monday,50,Weekday,12,,,,,,
08/12/2025,FCHBLRDOD01,3,22,25,12,12,9,10,4,4,10,10,13,8,14,11,10,4,0,181,13.81%,1,Monday,50,Weekday,12,,,,,,
08/12/2025,FCHBLRELC01,5,10,10,10,13,9,8,5,0,4,5,7,7,10,11,5,1,1,121,10.74%,1,Monday,50,Weekday,12,,,,,,
08/12/2025,FCHBLRHEB01,5,5,4,5,10,4,3,3,5,5,4,4,6,5,2,2,1,2,75,13.33%,1,Monday,50,Weekday,12,,,,,,
08/12/2025,all,108,218,253,218,186,128,112,70,90,105,118,154,140,160,125,96,40,22,2343,10.80%,1,Monday,50,Weekday,12,,,,,,
08/12/2025,FCHBLRBEN01,9,13,15,12,14,5,8,3,8,7,10,7,8,12,10,6,2,1,150,10.00%,1,Monday,50,Weekday,12,,,,,,
08/12/2025,FCHBLRHAR01,11,26,23,11,9,10,7,11,6,4,12,13,16,10,4,7,4,1,185,14.05%,1,Monday,50,Weekday,12,,,,,,
08/12/2025,FCHBLRHOO01,13,24,37,34,14,15,17,6,3,13,5,21,12,16,17,10,4,2,263,14.07%,1,Monday,50,Weekday,12,,,,,,
08/12/2025,FCHBLRHSR01,4,13,15,14,12,12,10,5,7,10,12,16,13,10,6,12,3,2,176,9.09%,1,Monday,50,Weekday,12,,,,,,
08/12/2025,FCHBLRJPN01,7,13,19,19,12,9,5,4,10,11,10,7,14,10,10,3,1,2,166,11.45%,1,Monday,50,Weekday,12,,,,,,
08/12/2025,FCHBLRKOR01,3,15,7,16,15,10,6,1,4,8,5,10,3,4,6,5,4,0,122,13.11%,1,Monday,50,Weekday,12,,,,,,
08/12/2025,FCHBLRWHF01,10,11,24,24,20,13,9,4,8,7,8,12,18,15,13,8,2,2,208,11.54%,1,Monday,50,Weekday,12,,,,,,
08/12/2025,FCHBLRVAR01,9,7,18,6,16,4,10,2,11,8,7,11,7,4,7,10,3,0,140,12.86%,1,Monday,50,Weekday,12,,,,,,
08/12/2025,FCHBLRHSAF01,5,10,9,15,7,7,2,4,6,0,3,6,6,5,6,3,1,0,95,15.79%,1,Monday,50,Weekday,12,,,,,,
07/12/2025,FCHBLRDOD01,7,15,28,43,29,30,22,15,7,11,10,16,16,7,11,6,4,1,278,15.47%,7,Sunday,49,Weekend,12,,,,,,
07/12/2025,FCHBLRELC01,1,7,25,38,29,15,17,13,15,6,6,9,10,15,11,8,2,0,227,16.74%,7,Sunday,49,Weekend,12,,,,,,
07/12/2025,FCHBLRVAR01,0,11,21,30,24,22,20,14,11,12,8,16,12,12,11,3,3,5,235,12.77%,7,Sunday,49,Weekend,12,,,,,,
07/12/2025,FCHBLRSJR01,3,27,54,40,49,39,34,31,29,28,25,27,42,46,26,19,8,2,529,10.21%,7,Sunday,49,Weekend,12,,,,,,
07/12/2025,FCHBLRHSAF01,3,7,19,19,14,10,11,8,3,1,6,5,2,7,5,6,4,0,130,14.62%,7,Sunday,49,Weekend,12,,,,,,
07/12/2025,FCHBLRHEB01,0,2,13,8,13,5,11,6,3,3,5,3,2,8,6,4,0,1,93,13.98%,7,Sunday,49,Weekend,12,,,,,,
07/12/2025,all,24,143,338,364,344,262,225,201,144,129,103,147,175,189,141,83,49,16,3077,11.83%,7,Sunday,49,Weekend,12,,,,,,
07/12/2025,FCHBLRBEN01,0,11,23,21,22,19,8,13,7,8,5,13,6,15,3,5,3,2,184,12.50%,7,Sunday,49,Weekend,12,,,,,,
07/12/2025,FCHBLRHAR01,0,15,32,29,24,21,24,24,19,11,6,16,19,22,13,6,6,0,287,11.15%,7,Sunday,49,Weekend,12,,,,,,
07/12/2025,FCHBLRHOO01,3,18,29,44,40,30,24,13,13,12,4,13,15,11,14,4,6,2,295,14.92%,7,Sunday,49,Weekend,12,,,,,,
07/12/2025,FCHBLRHSR01,1,6,21,21,22,14,17,15,10,9,12,6,13,13,13,7,3,0,203,10.84%,7,Sunday,49,Weekend,12,,,,,,
07/12/2025,FCHBLRJPN01,3,9,26,26,21,16,13,21,8,11,2,6,11,15,8,6,3,0,205,12.68%,7,Sunday,49,Weekend,12,,,,,,
07/12/2025,FCHBLRKOR01,1,0,12,12,19,12,7,11,7,7,2,7,13,10,9,4,3,2,138,13.77%,7,Sunday,49,Weekend,12,,,,,,
07/12/2025,FCHBLRWHF01,2,15,35,33,38,29,17,17,12,10,12,10,14,8,11,5,4,1,273,13.92%,7,Sunday,49,Weekend,12,,,,,,
06/12/2025,FCHBLRVAR01,7,26,37,45,39,43,28,17,11,20,14,14,15,3,8,8,6,0,341,13.20%,6,Saturday,49,Weekend,12,,,,,,
06/12/2025,FCHBLRELC01,2,15,36,27,19,28,14,33,17,7,12,10,13,11,10,5,2,2,263,13.69%,6,Saturday,49,Weekend,12,,,,,,
06/12/2025,FCHBLRDOD01,6,21,26,28,17,27,17,14,16,18,18,18,11,8,4,8,2,1,260,10.77%,6,Saturday,49,Weekend,12,,,,,,
06/12/2025,FCHBLRSJR01,16,53,76,49,59,36,38,18,28,19,22,27,24,16,11,17,2,4,515,14.76%,6,Saturday,49,Weekend,12,,,,,,
06/12/2025,FCHBLRHSAF01,1,12,29,24,11,13,13,11,10,13,14,3,4,17,5,3,2,0,185,15.68%,6,Saturday,49,Weekend,12,,,,,,
06/12/2025,FCHBLRHEB01,4,17,13,14,12,1,7,14,3,4,10,9,9,5,1,0,1,2,126,13.49%,6,Saturday,49,Weekend,12,,,,,,
06/12/2025,all,97,246,438,405,306,283,257,194,173,164,169,189,154,125,90,71,34,18,3413,12.83%,6,Saturday,49,Weekend,12,,,,,,
06/12/2025,FCHBLRBEN01,9,13,31,19,15,7,21,9,8,9,9,10,9,5,6,5,4,0,189,16.40%,6,Saturday,49,Weekend,12,,,,,,
06/12/2025,FCHBLRHAR01,11,14,39,46,18,20,16,16,9,9,13,19,11,7,4,5,4,1,262,17.56%,6,Saturday,49,Weekend,12,,,,,,
06/12/2025,FCHBLRHOO01,18,20,43,34,27,34,32,17,17,12,17,26,17,13,12,3,4,3,349,12.32%,6,Saturday,49,Weekend,12,,,,,,
06/12/2025,FCHBLRHSR01,5,9,15,24,16,21,13,11,13,8,9,12,3,7,4,0,0,1,171,14.04%,6,Saturday,49,Weekend,12,,,,,,
06/12/2025,FCHBLRJPN01,10,16,32,31,23,20,21,12,14,15,8,9,20,7,10,5,2,0,255,12.55%,6,Saturday,49,Weekend,12,,,,,,
06/12/2025,FCHBLRKOR01,0,9,21,14,17,11,8,10,6,9,10,12,5,9,8,4,2,3,158,13.29%,6,Saturday,49,Weekend,12,,,,,,
06/12/2025,FCHBLRWHF01,8,21,40,50,33,22,29,12,21,21,13,20,13,17,7,8,3,1,339,14.75%,6,Saturday,49,Weekend,12,,,,,,
05/12/2025,all,67,151,186,188,158,129,128,95,103,88,90,125,150,99,92,69,40,15,1973,9.53%,5,Friday,49,Weekday,12,,,,,,
05/12/2025,FCHBLRBEN01,3,7,13,16,8,7,6,8,3,8,6,6,4,5,4,4,2,1,111,14.41%,5,Friday,49,Weekday,12,,,,,,
05/12/2025,FCHBLRHAR01,8,7,19,14,19,6,8,8,3,8,9,12,18,8,8,7,7,3,172,11.05%,5,Friday,49,Weekday,12,,,,,,
05/12/2025,FCHBLRHOO01,6,20,18,30,20,20,15,9,13,11,15,19,23,14,12,6,7,0,258,11.63%,5,Friday,49,Weekday,12,,,,,,
05/12/2025,FCHBLRHSR01,5,7,13,7,14,6,8,4,13,6,5,3,14,6,7,10,5,1,134,10.45%,5,Friday,49,Weekday,12,,,,,,
05/12/2025,FCHBLRJPN01,5,13,19,9,15,11,9,4,6,3,7,5,3,3,6,3,1,0,122,15.57%,5,Friday,49,Weekday,12,,,,,,
05/12/2025,FCHBLRKOR01,3,12,9,16,10,9,8,1,5,5,5,16,12,5,3,7,1,0,127,12.60%,5,Friday,49,Weekday,12,,,,,,
05/12/2025,FCHBLRWHF01,6,21,19,12,13,12,14,10,7,9,10,11,18,6,11,3,1,2,185,11.35%,5,Friday,49,Weekday,12,,,,,,
05/12/2025,FCHBLRHEB01,1,1,1,3,3,2,3,1,2,0,1,1,3,0,2,1,1,0,26,11.54%,5,Friday,49,Weekday,12,,,,,,
05/12/2025,FCHBLRDOD01,5,9,12,21,9,9,5,9,21,10,6,10,16,1,8,4,0,3,158,13.29%,5,Friday,49,Weekday,12,,,,,,
05/12/2025,FCHBLRELC01,2,7,5,6,6,6,11,5,2,3,6,6,3,2,3,2,2,1,78,14.10%,5,Friday,49,Weekday,12,,,,,,
05/12/2025,FCHBLRHSAF01,3,6,12,10,8,7,9,5,5,3,2,3,2,8,2,3,2,2,92,13.04%,5,Friday,49,Weekday,12,,,,,,
05/12/2025,FCHBLRVAR01,8,8,7,7,8,10,4,8,4,8,5,10,6,14,8,3,4,0,122,11.48%,5,Friday,49,Weekday,12,,,,,,
05/12/2025,FCHBLRSJR01,12,33,39,37,25,24,28,23,19,14,13,23,28,27,18,16,7,2,388,10.05%,5,Friday,49,Weekday,12,,,,,,
04/12/2025,all,88,143,216,201,164,91,116,81,63,74,110,116,127,124,99,74,42,13,1942,11.12%,4,Thursday,49,Weekday,12,,,,,,
04/12/2025,FCHBLRBEN01,10,4,15,11,12,6,8,7,1,9,7,11,5,7,4,5,2,0,124,12.10%,4,Thursday,49,Weekday,12,,,,,,
04/12/2025,FCHBLRHAR01,5,17,28,23,17,5,12,6,6,5,16,3,7,12,3,9,6,1,181,15.47%,4,Thursday,49,Weekday,12,,,,,,
04/12/2025,FCHBLRHOO01,13,15,25,18,23,11,15,6,7,10,17,14,13,9,19,8,5,4,232,10.78%,4,Thursday,49,Weekday,12,,,,,,
04/12/2025,FCHBLRHSR01,6,13,14,13,7,8,4,3,9,5,6,13,10,8,12,13,6,3,153,9.15%,4,Thursday,49,Weekday,12,,,,,,
04/12/2025,FCHBLRJPN01,5,10,21,10,8,6,11,13,1,8,5,3,11,4,8,3,1,0,128,16.41%,4,Thursday,49,Weekday,12,,,,,,
04/12/2025,FCHBLRKOR01,2,7,14,11,6,5,4,1,5,2,3,10,8,8,9,3,4,0,102,13.73%,4,Thursday,49,Weekday,12,,,,,,
04/12/2025,FCHBLRWHF01,8,13,14,25,12,10,19,4,7,1,11,8,12,21,5,6,3,1,180,13.89%,4,Thursday,49,Weekday,12,,,,,,
04/12/2025,FCHBLRELC01,5,6,12,10,9,4,6,6,6,3,11,6,5,10,3,1,3,1,107,11.21%,4,Thursday,49,Weekday,12,,,,,,
04/12/2025,FCHBLRHEB01,3,3,3,2,7,4,2,3,0,2,0,2,2,3,0,1,0,0,37,18.92%,4,Thursday,49,Weekday,12,,,,,,
04/12/2025,FCHBLRDOD01,5,8,16,14,16,4,9,3,2,7,7,10,12,10,7,4,3,1,138,11.59%,4,Thursday,49,Weekday,12,,,,,,
04/12/2025,FCHBLRHSAF01,3,5,8,4,6,5,6,2,2,2,5,3,6,8,1,3,1,0,70,11.43%,4,Thursday,49,Weekday,12,,,,,,
04/12/2025,FCHBLRVAR01,5,8,4,14,10,8,8,3,6,1,6,9,7,4,4,2,0,0,99,14.14%,4,Thursday,49,Weekday,12,,,,,,
04/12/2025,FCHBLRSJR01,18,34,42,46,31,15,12,24,11,19,16,24,29,20,24,16,8,2,391,11.76%,4,Thursday,49,Weekday,12,,,,,,
03/12/2025,FCHBLRDOD01,4,16,28,11,15,4,9,5,8,10,15,7,11,11,13,6,2,0,175,16.00%,3,Wednesday,49,Weekday,12,,,,,,
03/12/2025,all,112,168,230,213,144,92,92,73,85,99,110,144,149,140,131,76,37,21,2116,10.87%,3,Wednesday,49,Weekday,12,,,,,,
03/12/2025,FCHBLRBEN01,8,10,17,17,6,3,4,5,5,5,7,10,12,11,6,4,3,1,134,12.69%,3,Wednesday,49,Weekday,12,,,,,,
03/12/2025,FCHBLRHAR01,11,13,30,11,8,10,8,5,10,11,4,16,15,12,13,7,5,2,191,15.71%,3,Wednesday,49,Weekday,12,,,,,,
03/12/2025,FCHBLRHOO01,12,15,21,33,12,7,8,10,6,11,10,15,24,17,23,10,4,4,242,13.64%,3,Wednesday,49,Weekday,12,,,,,,
03/12/2025,FCHBLRHSR01,4,11,20,19,9,5,10,2,4,6,6,11,11,10,8,7,6,3,152,13.16%,3,Wednesday,49,Weekday,12,,,,,,
03/12/2025,FCHBLRJPN01,6,12,8,19,11,14,8,8,4,6,6,8,7,9,7,10,0,0,143,13.29%,3,Wednesday,49,Weekday,12,,,,,,
03/12/2025,FCHBLRKOR01,3,13,17,7,10,7,6,5,4,11,3,6,6,7,6,6,2,1,120,14.17%,3,Wednesday,49,Weekday,12,,,,,,
03/12/2025,FCHBLRWHF01,15,15,17,17,17,13,7,8,10,4,12,14,9,11,12,2,4,1,188,9.04%,3,Wednesday,49,Weekday,12,,,,,,
03/12/2025,FCHBLRHEB01,2,2,5,5,8,1,2,2,1,0,1,3,7,2,4,2,1,1,49,16.33%,3,Wednesday,49,Weekday,12,,,,,,
03/12/2025,FCHBLRHSAF01,6,8,13,10,4,6,7,4,3,4,7,7,6,4,4,5,3,1,102,12.75%,3,Wednesday,49,Weekday,12,,,,,,
03/12/2025,FCHBLRELC01,9,4,9,9,4,3,5,0,6,4,7,5,8,9,6,2,0,0,90,10.00%,3,Wednesday,49,Weekday,12,,,,,,
03/12/2025,FCHBLRSJR01,25,36,35,42,33,17,14,14,17,19,25,37,24,30,18,13,5,4,408,10.29%,3,Wednesday,49,Weekday,12,,,,,,
03/12/2025,FCHBLRVAR01,7,13,10,13,7,2,4,5,7,8,7,5,9,7,11,2,2,3,122,10.66%,3,Wednesday,49,Weekday,12,,,,,,
02/12/2025,FCHBLRSJR01,21,31,52,49,22,19,17,16,18,20,28,31,34,23,32,17,10,4,444,11.71%,2,Tuesday,49,Weekday,12,,,,,,
02/12/2025,FCHBLRELC01,3,11,14,16,14,9,3,2,3,10,7,7,9,5,5,5,2,0,125,12.80%,2,Tuesday,49,Weekday,12,,,,,,
02/12/2025,FCHBLRDOD01,7,15,17,21,16,10,8,7,8,8,10,9,14,5,5,4,3,4,171,12.28%,2,Tuesday,49,Weekday,12,,,,,,
02/12/2025,all,95,192,217,224,167,133,98,90,79,96,116,150,170,136,123,92,47,23,2248,9.96%,2,Tuesday,49,Weekday,12,,,,,,
02/12/2025,FCHBLRBEN01,7,14,13,10,14,14,7,4,3,10,2,7,7,9,6,4,4,1,136,10.29%,2,Tuesday,49,Weekday,12,,,,,,
02/12/2025,FCHBLRHAR01,10,15,17,14,13,10,4,7,8,4,11,14,17,8,12,7,5,3,179,9.50%,2,Tuesday,49,Weekday,12,,,,,,
02/12/2025,FCHBLRHOO01,13,18,23,26,24,20,21,11,5,14,16,15,21,17,12,10,5,3,274,9.49%,2,Tuesday,49,Weekday,12,,,,,,
02/12/2025,FCHBLRHSR01,4,16,17,11,14,12,10,7,5,1,7,9,8,19,8,11,5,3,167,11.38%,2,Tuesday,49,Weekday,12,,,,,,
02/12/2025,FCHBLRJPN01,7,14,17,12,9,10,9,8,5,10,3,8,12,13,10,7,2,0,156,10.90%,2,Tuesday,49,Weekday,12,,,,,,
02/12/2025,FCHBLRKOR01,3,20,11,15,8,8,6,9,5,3,8,8,16,12,4,6,5,1,148,13.51%,2,Tuesday,49,Weekday,12,,,,,,
02/12/2025,FCHBLRWHF01,8,17,17,19,18,11,6,14,11,9,11,17,16,16,15,10,4,2,221,8.60%,2,Tuesday,49,Weekday,12,,,,,,
02/12/2025,FCHBLRHEB01,1,3,4,6,3,1,0,0,1,2,4,6,3,1,3,1,0,1,40,15.00%,2,Tuesday,49,Weekday,12,,,,,,
02/12/2025,FCHBLRHSAF01,3,9,7,14,6,8,4,2,3,3,3,10,4,3,2,4,0,1,86,16.28%,2,Tuesday,49,Weekday,12,,,,,,
02/12/2025,FCHBLRVAR01,8,9,8,11,6,1,3,3,4,2,6,9,9,5,9,6,2,0,101,10.89%,2,Tuesday,49,Weekday,12,,,,,,
01/12/2025,FCHBLRSJR01,18,37,47,43,31,18,22,17,15,23,24,29,40,27,29,17,8,8,453,10.38%,1,Monday,49,Weekday,12,,,,,,
01/12/2025,FCHBLRVAR01,9,9,14,9,10,5,12,11,2,11,8,14,11,14,11,3,4,2,159,8.81%,1,Monday,49,Weekday,12,,,,,,
01/12/2025,FCHBLRELC01,5,8,11,9,11,7,3,6,8,5,7,11,11,11,6,6,1,0,126,8.73%,1,Monday,49,Weekday,12,,,,,,
01/12/2025,FCHBLRHSAF01,5,7,4,6,10,8,4,7,7,3,3,14,11,6,9,2,1,0,107,13.08%,1,Monday,49,Weekday,12,,,,,,
01/12/2025,FCHBLRDOD01,9,9,13,16,10,8,13,5,6,12,4,20,12,8,12,8,1,1,167,11.98%,1,Monday,49,Weekday,12,,,,,,
01/12/2025,FCHBLRHEB01,2,3,8,9,1,1,1,0,2,2,9,3,2,5,2,3,0,0,53,16.98%,1,Monday,49,Weekday,12,,,,,,
01/12/2025,all,105,179,225,210,172,114,122,94,89,118,141,183,180,158,158,102,44,23,2417,9.31%,1,Monday,49,Weekday,12,,,,,,
01/12/2025,FCHBLRBEN01,9,10,17,20,12,10,8,7,2,4,9,10,8,13,5,7,3,0,154,12.99%,1,Monday,49,Weekday,12,,,,,,
01/12/2025,FCHBLRHAR01,17,21,14,12,13,7,8,3,3,9,15,15,8,13,9,8,5,3,183,11.48%,1,Monday,49,Weekday,12,,,,,,
01/12/2025,FCHBLRHOO01,9,31,25,28,25,14,18,8,13,15,21,21,23,13,26,9,5,2,306,10.13%,1,Monday,49,Weekday,12,,,,,,
01/12/2025,FCHBLRHSR01,7,6,17,17,12,7,13,10,9,10,6,10,8,8,12,14,6,4,176,9.66%,1,Monday,49,Weekday,12,,,,,,
01/12/2025,FCHBLRJPN01,2,12,18,13,7,10,5,10,9,9,13,8,15,17,9,7,4,0,168,10.71%,1,Monday,49,Weekday,12,,,,,,
01/12/2025,FCHBLRKOR01,3,16,14,11,15,5,3,3,7,6,9,8,12,14,14,6,4,3,153,10.46%,1,Monday,49,Weekday,12,,,,,,
01/12/2025,FCHBLRWHF01,10,10,23,17,15,14,12,7,6,9,13,20,19,9,14,12,2,0,212,10.85%,1,Monday,49,Weekday,12,,,,,,
30/11/2025,FCHBLRELC01,7,16,21,30,26,13,7,12,9,5,16,16,14,17,11,4,0,1,225,13.33%,7,Sunday,48,Weekend,11,,,,,,
30/11/2025,FCHBLRSJR01,5,26,42,53,47,37,37,32,25,31,31,30,35,48,26,14,9,7,535,9.91%,7,Sunday,48,Weekend,11,,,,,,
30/11/2025,FCHBLRDOD01,1,13,26,26,28,20,14,8,11,10,9,16,14,17,8,3,2,1,227,12.33%,7,Sunday,48,Weekend,11,,,,,,
30/11/2025,FCHBLRHSAF01,1,5,15,21,20,19,11,12,7,8,5,8,9,5,4,5,0,0,155,13.55%,7,Sunday,48,Weekend,11,,,,,,
30/11/2025,FCHBLRHEB01,4,11,10,13,10,6,2,9,6,6,9,13,4,8,4,4,1,1,121,10.74%,7,Sunday,48,Weekend,11,,,,,,
30/11/2025,FCHBLRVAR01,2,9,12,23,19,16,12,12,6,5,7,7,13,9,8,8,1,1,170,13.53%,7,Sunday,48,Weekend,11,,,,,,
30/11/2025,all,42,160,286,346,296,256,184,181,140,135,145,177,200,205,141,87,39,18,3038,11.39%,7,Sunday,48,Weekend,11,,,,,,
30/11/2025,FCHBLRBEN01,2,10,27,27,19,14,10,7,6,11,10,9,19,12,11,7,0,1,202,13.37%,7,Sunday,48,Weekend,11,,,,,,
30/11/2025,FCHBLRHAR01,3,14,26,34,25,27,21,23,13,9,9,16,9,16,11,4,6,0,266,12.78%,7,Sunday,48,Weekend,11,,,,,,
30/11/2025,FCHBLRHOO01,4,16,32,41,34,33,16,25,15,15,17,20,31,16,13,7,1,1,337,12.17%,7,Sunday,48,Weekend,11,,,,,,
30/11/2025,FCHBLRHSR01,1,8,17,17,13,23,11,13,16,10,5,14,16,13,14,14,7,3,215,10.70%,7,Sunday,48,Weekend,11,,,,,,
30/11/2025,FCHBLRJPN01,5,11,25,19,15,17,17,6,5,8,8,10,14,23,9,7,1,0,200,12.50%,7,Sunday,48,Weekend,11,,,,,,
30/11/2025,FCHBLRKOR01,6,6,8,18,10,12,6,6,7,7,5,5,9,11,10,3,5,1,135,13.33%,7,Sunday,48,Weekend,11,,,,,,
30/11/2025,FCHBLRWHF01,1,15,25,24,30,19,20,16,14,10,14,13,13,10,12,7,6,1,250,12.00%,7,Sunday,48,Weekend,11,,,,,,
29/11/2025,FCHBLRELC01,5,27,42,41,34,25,19,15,10,10,8,6,10,10,5,4,2,0,273,15.38%,6,Saturday,48,Weekend,11,,,,,,
29/11/2025,FCHBLRDOD01,4,18,25,33,26,15,19,11,10,6,13,12,14,8,5,6,3,0,228,14.47%,6,Saturday,48,Weekend,11,,,,,,
29/11/2025,FCHBLRHEB01,5,24,24,20,8,15,5,5,5,5,5,9,6,8,5,2,2,1,154,15.58%,6,Saturday,48,Weekend,11,,,,,,
29/11/2025,FCHBLRSJR01,14,42,51,60,49,41,26,29,23,18,20,22,33,22,9,12,8,3,482,12.45%,6,Saturday,48,Weekend,11,,,,,,
29/11/2025,FCHBLRHSAF01,5,17,14,13,12,6,11,6,5,11,7,6,5,5,4,3,3,0,133,12.78%,6,Saturday,48,Weekend,11,,,,,,
29/11/2025,FCHBLRVAR01,7,8,21,19,15,6,13,9,12,8,5,8,10,4,9,5,1,0,160,13.13%,6,Saturday,48,Weekend,11,,,,,,
29/11/2025,FCHBLRBEN01,12,19,32,26,23,13,16,11,4,10,8,7,12,15,5,1,3,1,218,14.68%,6,Saturday,48,Weekend,11,,,,,,
29/11/2025,all,94,268,383,361,298,227,229,157,135,122,138,147,175,123,89,58,43,13,3060,12.52%,6,Saturday,48,Weekend,11,,,,,,
29/11/2025,FCHBLRHAR01,7,20,35,36,28,11,22,14,7,9,14,11,16,9,8,1,4,0,252,14.29%,6,Saturday,48,Weekend,11,,,,,,
29/11/2025,FCHBLRHOO01,11,32,42,29,40,24,40,17,21,13,18,21,23,14,8,9,7,2,371,11.32%,6,Saturday,48,Weekend,11,,,,,,
29/11/2025,FCHBLRHSR01,3,14,14,22,17,16,10,8,10,10,7,13,15,6,8,3,3,2,181,12.15%,6,Saturday,48,Weekend,11,,,,,,
29/11/2025,FCHBLRJPN01,7,20,28,21,9,18,15,10,9,10,6,10,14,6,8,5,1,1,198,14.14%,6,Saturday,48,Weekend,11,,,,,,
29/11/2025,FCHBLRKOR01,6,16,18,17,10,12,11,6,8,6,12,3,4,6,3,5,2,1,146,12.33%,6,Saturday,48,Weekend,11,,,,,,
29/11/2025,FCHBLRWHF01,8,11,37,24,27,25,22,16,11,6,15,19,13,10,12,2,4,2,264,14.02%,6,Saturday,48,Weekend,11,,,,,,
28/11/2025,FCHBLRHSAF01,5,6,11,10,7,9,6,5,4,8,5,4,4,9,2,4,3,2,104,10.58%,5,Friday,48,Weekday,11,,,,,,
28/11/2025,FCHBLRDOD01,8,14,21,19,20,9,7,6,8,7,4,8,7,9,7,5,3,4,166,12.65%,5,Friday,48,Weekday,11,,,,,,
28/11/2025,all,110,211,231,214,151,111,125,89,78,108,111,112,112,102,89,60,46,18,2078,11.12%,5,Friday,48,Weekday,11,,,,,,
28/11/2025,FCHBLRBEN01,3,14,17,13,8,5,7,7,4,8,5,7,8,6,6,3,5,0,126,13.49%,5,Friday,48,Weekday,11,,,,,,
28/11/2025,FCHBLRHAR01,19,15,13,17,10,11,14,11,6,12,5,8,6,10,11,6,5,1,180,10.56%,5,Friday,48,Weekday,11,,,,,,
28/11/2025,FCHBLRHEB01,0,0,0,0,0,0,0,0,0,0,0,3,0,0,0,0,0,0,3,100.00%,5,Friday,48,Weekday,11,,,,,,
28/11/2025,FCHBLRHOO01,18,32,34,21,26,9,17,11,5,15,11,12,11,9,8,12,4,1,256,13.28%,5,Friday,48,Weekday,11,,,,,,
28/11/2025,FCHBLRHSR01,3,12,9,20,15,6,9,10,7,9,16,11,17,6,7,6,6,3,172,11.63%,5,Friday,48,Weekday,11,,,,,,
28/11/2025,FCHBLRJPN01,8,22,15,17,9,9,10,5,9,8,7,8,6,6,9,4,1,0,153,14.38%,5,Friday,48,Weekday,11,,,,,,
28/11/2025,FCHBLRKOR01,5,9,14,17,4,10,4,3,5,3,7,10,7,6,4,7,5,1,121,14.05%,5,Friday,48,Weekday,11,,,,,,
28/11/2025,FCHBLRWHF01,11,16,28,19,13,9,14,9,6,6,17,9,14,8,10,2,3,1,195,14.36%,5,Friday,48,Weekday,11,,,,,,
28/11/2025,FCHBLRELC01,0,11,7,12,6,9,8,3,1,4,5,5,3,5,4,3,3,0,89,13.48%,5,Friday,48,Weekday,11,,,,,,
28/11/2025,FCHBLRVAR01,7,15,6,9,6,7,7,4,7,3,8,6,12,8,1,4,2,3,115,13.04%,5,Friday,48,Weekday,11,,,,,,
28/11/2025,FCHBLRSJR01,23,45,56,40,27,18,22,15,16,25,21,21,17,20,20,4,6,2,398,14.07%,5,Friday,48,Weekday,11,,,,,,
27/11/2025,FCHBLRELC01,4,10,12,9,12,5,4,7,4,8,3,7,8,4,8,7,1,0,113,10.62%,4,Thursday,48,Weekday,11,,,,,,
27/11/2025,all,87,228,209,202,147,99,119,102,82,107,105,117,145,118,108,103,36,14,2128,10.71%,4,Thursday,48,Weekday,11,,,,,,
27/11/2025,FCHBLRBEN01,9,18,14,13,6,8,6,5,4,6,5,7,8,6,5,4,2,0,126,14.29%,4,Thursday,48,Weekday,11,,,,,,
27/11/2025,FCHBLRHAR01,9,23,16,19,14,17,8,10,4,8,8,12,13,6,18,13,5,1,204,11.27%,4,Thursday,48,Weekday,11,,,,,,
27/11/2025,FCHBLRHOO01,13,29,32,30,21,11,18,10,12,13,15,19,24,14,10,12,6,0,289,11.07%,4,Thursday,48,Weekday,11,,,,,,
27/11/2025,FCHBLRHSR01,5,15,10,14,14,8,10,9,8,9,7,5,15,12,9,16,3,4,173,9.25%,4,Thursday,48,Weekday,11,,,,,,
27/11/2025,FCHBLRJPN01,2,22,16,13,4,6,8,7,5,11,9,2,7,9,3,7,3,1,135,16.30%,4,Thursday,48,Weekday,11,,,,,,
27/11/2025,FCHBLRKOR01,9,12,20,11,10,6,11,5,8,3,8,7,9,5,5,3,4,2,138,14.49%,4,Thursday,48,Weekday,11,,,,,,
27/11/2025,FCHBLRWHF01,1,17,20,20,12,5,10,8,8,6,14,11,22,14,10,7,1,2,188,11.70%,4,Thursday,48,Weekday,11,,,,,,
27/11/2025,FCHBLRDOD01,6,14,13,22,6,8,13,12,7,8,7,7,11,9,9,4,2,1,159,13.84%,4,Thursday,48,Weekday,11,,,,,,
27/11/2025,FCHBLRHSAF01,7,12,12,4,9,4,9,3,6,2,3,4,3,6,3,5,2,0,94,12.77%,4,Thursday,48,Weekday,11,,,,,,
27/11/2025,FCHBLRVAR01,4,10,11,12,13,5,7,8,6,6,3,7,1,8,8,2,1,1,113,11.50%,4,Thursday,48,Weekday,11,,,,,,
27/11/2025,FCHBLRSJR01,18,46,33,35,26,16,15,18,10,27,23,29,24,25,20,23,6,2,396,11.62%,4,Thursday,48,Weekday,11,,,,,,
26/11/2025,FCHBLRHSAF01,3,18,8,9,12,4,4,3,3,5,7,6,13,11,6,2,3,2,119,15.13%,3,Wednesday,48,Weekday,11,,,,,,
26/11/2025,FCHBLRELC01,5,13,14,17,7,3,3,5,10,4,7,8,5,7,4,3,0,1,116,14.66%,3,Wednesday,48,Weekday,11,,,,,,
26/11/2025,FCHBLRSJR01,18,48,43,38,31,26,19,15,9,17,28,31,23,33,15,16,10,3,423,11.35%,3,Wednesday,48,Weekday,11,,,,,,
26/11/2025,FCHBLRVAR01,12,11,12,7,9,11,5,6,3,7,7,13,8,12,6,6,2,2,139,9.35%,3,Wednesday,48,Weekday,11,,,,,,
26/11/2025,all,126,226,228,213,151,127,84,83,64,97,115,146,165,158,106,90,43,16,2238,10.19%,3,Wednesday,48,Weekday,11,,,,,,
26/11/2025,FCHBLRBEN01,8,11,20,15,5,9,2,5,1,3,4,6,11,4,7,6,5,0,122,16.39%,3,Wednesday,48,Weekday,11,,,,,,
26/11/2025,FCHBLRHAR01,13,20,18,15,16,12,14,4,2,11,10,13,20,18,18,11,2,1,218,9.17%,3,Wednesday,48,Weekday,11,,,,,,
26/11/2025,FCHBLRHOO01,16,30,26,28,15,20,9,12,5,10,16,18,18,21,13,14,6,2,279,10.75%,3,Wednesday,48,Weekday,11,,,,,,
26/11/2025,FCHBLRHSR01,9,17,16,21,12,14,7,8,6,10,10,14,20,14,9,8,6,1,202,10.40%,3,Wednesday,48,Weekday,11,,,,,,
26/11/2025,FCHBLRJPN01,12,19,17,11,14,9,5,6,6,6,5,7,6,8,8,2,1,0,142,13.38%,3,Wednesday,48,Weekday,11,,,,,,
26/11/2025,FCHBLRKOR01,10,12,12,13,9,6,1,7,5,9,3,7,16,12,8,6,4,1,141,11.35%,3,Wednesday,48,Weekday,11,,,,,,
26/11/2025,FCHBLRWHF01,11,15,19,16,12,7,5,8,7,5,9,17,15,13,10,7,1,1,178,10.67%,3,Wednesday,48,Weekday,11,,,,,,
26/11/2025,FCHBLRDOD01,9,12,23,23,9,6,10,4,7,10,9,6,10,5,2,9,3,2,159,14.47%,3,Wednesday,48,Weekday,11,,,,,,
25/11/2025,FCHBLRELC01,11,12,5,10,5,7,5,3,2,8,8,9,5,8,8,7,3,1,117,10.26%,2,Tuesday,48,Weekday,11,,,,,,
25/11/2025,FCHBLRHSAF01,5,8,15,11,10,5,4,4,1,2,5,9,6,6,6,7,2,0,106,14.15%,2,Tuesday,48,Weekday,11,,,,,,
25/11/2025,FCHBLRSJR01,20,54,46,43,18,20,11,23,12,23,18,23,20,27,29,24,7,5,423,12.77%,2,Tuesday,48,Weekday,11,,,,,,
25/11/2025,all,104,213,217,218,130,113,113,80,80,90,106,138,124,135,131,98,53,12,2155,10.12%,2,Tuesday,48,Weekday,11,,,,,,
25/11/2025,FCHBLRBEN01,3,11,9,21,9,9,10,3,7,6,6,6,6,6,8,8,6,1,135,15.56%,2,Tuesday,48,Weekday,11,,,,,,
25/11/2025,FCHBLRHAR01,14,25,15,15,10,10,11,5,5,3,9,10,11,13,13,7,5,1,182,13.74%,2,Tuesday,48,Weekday,11,,,,,,
25/11/2025,FCHBLRHOO01,19,28,41,37,21,13,16,9,8,12,16,19,27,21,13,9,9,1,319,12.85%,2,Tuesday,48,Weekday,11,,,,,,
25/11/2025,FCHBLRHSR01,2,10,12,17,12,8,14,3,6,8,5,7,11,8,12,10,5,2,152,11.18%,2,Tuesday,48,Weekday,11,,,,,,
25/11/2025,FCHBLRJPN01,7,11,17,11,9,12,8,0,5,7,8,10,2,7,9,6,4,0,133,12.78%,2,Tuesday,48,Weekday,11,,,,,,
25/11/2025,FCHBLRKOR01,5,11,18,17,8,6,4,7,5,4,7,6,4,3,5,7,3,0,120,15.00%,2,Tuesday,48,Weekday,11,,,,,,
25/11/2025,FCHBLRWHF01,8,20,13,9,12,12,12,10,11,5,8,16,9,17,10,4,5,0,181,11.05%,2,Tuesday,48,Weekday,11,,,,,,
25/11/2025,FCHBLRDOD01,4,12,18,16,7,7,14,5,7,7,7,15,16,8,9,5,1,1,159,11.32%,2,Tuesday,48,Weekday,11,,,,,,
25/11/2025,FCHBLRVAR01,6,11,8,11,9,4,4,8,11,5,9,8,7,11,9,4,3,0,128,8.59%,2,Tuesday,48,Weekday,11,,,,,,
24/11/2025,FCHBLRSJR01,12,48,58,40,31,27,19,17,19,23,32,30,39,34,31,21,12,3,496,11.69%,1,Monday,48,Weekday,11,,,,,,
24/11/2025,FCHBLRHSAF01,2,15,15,13,6,8,0,6,5,3,3,6,6,13,4,2,1,0,108,13.89%,1,Monday,48,Weekday,11,,,,,,
24/11/2025,FCHBLRELC01,2,9,11,7,7,5,4,7,6,3,6,13,7,5,14,7,2,1,116,12.07%,1,Monday,48,Weekday,11,,,,,,
24/11/2025,all,84,210,236,228,153,136,101,101,75,107,137,161,188,161,142,100,42,20,2382,9.91%,1,Monday,48,Weekday,11,,,,,,
24/11/2025,FCHBLRBEN01,9,13,16,13,3,9,10,5,4,6,7,4,10,4,9,2,1,2,127,12.60%,1,Monday,48,Weekday,11,,,,,,
24/11/2025,FCHBLRHAR01,10,17,24,25,16,11,9,9,1,9,17,9,11,13,12,9,5,0,207,12.08%,1,Monday,48,Weekday,11,,,,,,
24/11/2025,FCHBLRHOO01,10,22,24,21,19,21,8,12,3,16,12,26,25,12,12,8,3,1,255,10.20%,1,Monday,48,Weekday,11,,,,,,
24/11/2025,FCHBLRHSR01,6,14,14,18,13,14,11,6,6,3,5,17,14,20,13,12,3,3,192,10.42%,1,Monday,48,Weekday,11,,,,,,
24/11/2025,FCHBLRJPN01,5,11,14,17,13,12,5,10,4,7,12,12,28,8,12,7,1,3,181,15.47%,1,Monday,48,Weekday,11,,,,,,
24/11/2025,FCHBLRKOR01,3,14,16,18,8,11,6,4,3,4,13,6,11,9,8,9,5,1,149,12.08%,1,Monday,48,Weekday,11,,,,,,
24/11/2025,FCHBLRWHF01,14,19,28,28,20,12,10,16,10,16,14,25,20,28,13,10,3,4,290,9.66%,1,Monday,48,Weekday,11,,,,,,
24/11/2025,FCHBLRDOD01,2,15,8,15,11,6,8,7,8,4,12,9,10,9,9,5,1,2,141,10.64%,1,Monday,48,Weekday,11,,,,,,
24/11/2025,FCHBLRVAR01,9,13,8,13,6,0,11,2,6,13,4,4,7,6,5,8,5,0,120,10.83%,1,Monday,48,Weekday,11,,,,,,
23/11/2025,FCHBLRELC01,3,12,31,20,24,22,18,6,11,9,9,9,12,14,12,9,2,0,223,13.90%,7,Sunday,47,Weekend,11,,,,,,
23/11/2025,FCHBLRSJR01,9,35,50,50,41,39,38,25,30,22,15,21,36,39,20,28,7,3,508,9.84%,7,Sunday,47,Weekend,11,,,,,,
23/11/2025,FCHBLRDOD01,2,8,31,25,13,21,13,14,12,8,10,14,17,9,10,5,2,2,216,14.35%,7,Sunday,47,Weekend,11,,,,,,
23/11/2025,FCHBLRVAR01,3,11,20,22,12,14,19,6,12,6,5,8,8,11,13,10,2,0,182,12.09%,7,Sunday,47,Weekend,11,,,,,,
23/11/2025,FCHBLRHSAF01,3,11,22,16,13,15,9,4,8,6,3,6,2,11,7,6,2,0,144,15.28%,7,Sunday,47,Weekend,11,,,,,,
23/11/2025,FCHBLRBEN01,6,8,22,14,13,11,10,11,7,4,9,9,12,10,8,1,2,2,159,13.84%,7,Sunday,47,Weekend,11,,,,,,
23/11/2025,all,50,156,328,337,253,243,239,160,150,103,104,136,182,213,164,138,33,14,3003,11.22%,7,Sunday,47,Weekend,11,,,,,,
23/11/2025,FCHBLRHAR01,7,13,22,39,17,27,26,19,13,5,9,8,15,16,7,11,1,0,255,15.29%,7,Sunday,47,Weekend,11,,,,,,
23/11/2025,FCHBLRHOO01,4,12,41,52,32,28,33,19,16,21,21,17,25,38,26,14,4,2,405,12.84%,7,Sunday,47,Weekend,11,,,,,,
23/11/2025,FCHBLRHSR01,1,6,17,21,18,10,20,10,12,5,4,7,14,13,14,13,3,1,189,11.11%,7,Sunday,47,Weekend,11,,,,,,
23/11/2025,FCHBLRJPN01,3,16,21,23,16,14,16,14,11,1,6,7,7,6,13,6,0,2,182,12.64%,7,Sunday,47,Weekend,11,,,,,,
23/11/2025,FCHBLRKOR01,3,10,18,15,15,5,13,11,5,2,4,6,13,9,7,12,2,1,151,11.92%,7,Sunday,47,Weekend,11,,,,,,
23/11/2025,FCHBLRWHF01,6,14,33,40,39,37,24,21,13,14,9,24,21,37,27,23,6,1,389,10.28%,7,Sunday,47,Weekend,11,,,,,,
22/11/2025,FCHBLRELC01,16,28,29,45,26,35,24,21,21,23,8,14,19,24,14,10,0,2,359,12.53%,6,Saturday,47,Weekend,11,,,,,,
22/11/2025,FCHBLRSJR01,19,47,54,57,59,38,31,44,27,28,21,28,20,27,21,15,6,5,547,10.79%,6,Saturday,47,Weekend,11,,,,,,
22/11/2025,FCHBLRDOD01,6,15,27,15,28,9,22,25,21,11,11,11,6,14,9,6,1,0,237,11.81%,6,Saturday,47,Weekend,11,,,,,,
22/11/2025,FCHBLRHSAF01,7,13,31,20,11,13,12,16,5,6,8,10,8,18,9,1,2,0,190,16.32%,6,Saturday,47,Weekend,11,,,,,,
22/11/2025,FCHBLRVAR01,2,10,29,24,17,15,14,19,13,12,5,2,8,18,11,3,4,0,206,14.08%,6,Saturday,47,Weekend,11,,,,,,
22/11/2025,FCHBLRBEN01,7,16,31,30,16,20,19,18,12,12,6,15,5,15,14,8,2,1,247,12.55%,6,Saturday,47,Weekend,11,,,,,,
22/11/2025,FCHBLRHAR01,8,27,39,31,29,13,21,30,19,11,19,9,15,14,9,21,2,3,320,12.19%,6,Saturday,47,Weekend,11,,,,,,
22/11/2025,all,122,276,411,411,307,256,268,271,191,186,166,167,143,224,150,110,35,22,3716,11.06%,6,Saturday,47,Weekend,11,,,,,,
22/11/2025,FCHBLRHOO01,12,38,58,58,51,34,31,39,23,30,26,19,16,29,30,17,4,2,517,11.22%,6,Saturday,47,Weekend,11,,,,,,
22/11/2025,FCHBLRHSR01,8,13,17,23,12,19,28,16,11,12,15,13,5,20,7,1,4,0,224,12.50%,6,Saturday,47,Weekend,11,,,,,,
22/11/2025,FCHBLRJPN01,10,14,22,33,16,14,17,9,5,6,17,11,7,6,6,7,4,0,204,16.18%,6,Saturday,47,Weekend,11,,,,,,
22/11/2025,FCHBLRKOR01,3,10,25,20,12,8,15,8,7,8,9,5,9,8,7,8,4,0,166,15.06%,6,Saturday,47,Weekend,11,,,,,,
22/11/2025,FCHBLRWHF01,24,45,49,55,30,38,34,26,27,27,21,30,25,31,13,13,2,9,499,11.02%,6,Saturday,47,Weekend,11,,,,,,
21/11/2025,FCHBLRHSAF01,2,16,15,8,12,4,6,4,1,2,4,7,7,6,6,2,2,1,105,15.24%,5,Friday,47,Weekday,11,,,,,,
21/11/2025,FCHBLRDOD01,4,14,15,13,14,10,10,8,5,6,8,14,10,21,3,8,1,1,165,12.73%,5,Friday,47,Weekday,11,,,,,,
21/11/2025,all,91,182,210,161,154,101,97,77,57,73,99,120,110,113,77,89,44,13,1868,11.24%,5,Friday,47,Weekday,11,,,,,,
21/11/2025,FCHBLRBEN01,6,15,17,9,9,5,1,3,3,4,8,6,8,7,3,8,0,1,113,15.04%,5,Friday,47,Weekday,11,,,,,,
21/11/2025,FCHBLRHAR01,9,18,21,12,14,8,11,8,5,8,8,8,14,12,7,5,1,2,171,12.28%,5,Friday,47,Weekday,11,,,,,,
21/11/2025,FCHBLRHOO01,12,6,23,23,12,8,2,8,6,3,8,11,4,7,8,3,3,3,150,15.33%,5,Friday,47,Weekday,11,,,,,,
21/11/2025,FCHBLRHSR01,8,9,14,13,11,5,5,7,5,3,3,14,9,12,6,16,7,1,148,10.81%,5,Friday,47,Weekday,11,,,,,,
21/11/2025,FCHBLRJPN01,6,8,14,8,14,4,10,4,4,1,2,9,12,5,10,3,2,1,117,11.97%,5,Friday,47,Weekday,11,,,,,,
21/11/2025,FCHBLRKOR01,10,10,17,14,15,12,6,6,7,10,6,9,5,6,5,8,6,1,153,11.11%,5,Friday,47,Weekday,11,,,,,,
21/11/2025,FCHBLRWHF01,8,19,18,15,21,10,12,10,7,12,15,10,7,8,9,14,4,2,201,10.45%,5,Friday,47,Weekday,11,,,,,,
21/11/2025,FCHBLRELC01,1,5,3,5,6,4,4,3,3,1,3,5,4,4,2,2,2,0,57,10.53%,5,Friday,47,Weekday,11,,,,,,
21/11/2025,FCHBLRVAR01,6,15,5,12,4,5,8,2,5,4,6,3,7,8,7,6,2,0,105,14.29%,5,Friday,47,Weekday,11,,,,,,
21/11/2025,FCHBLRSJR01,19,47,48,29,22,26,22,14,6,19,28,24,23,17,11,14,14,0,383,12.53%,5,Friday,47,Weekday,11,,,,,,
20/11/2025,all,107,169,200,177,126,106,111,80,55,79,97,108,111,100,112,62,28,10,1838,10.88%,4,Thursday,47,Weekday,11,,,,,,
20/11/2025,FCHBLRBEN01,8,11,12,22,6,12,7,5,1,4,7,6,5,11,10,1,3,1,132,16.67%,4,Thursday,47,Weekday,11,,,,,,
20/11/2025,FCHBLRHAR01,12,17,21,19,15,9,8,11,5,8,7,15,6,8,11,5,2,2,181,11.60%,4,Thursday,47,Weekday,11,,,,,,
20/11/2025,FCHBLRHOO01,6,10,9,13,9,2,8,2,5,6,9,10,7,7,6,2,2,0,113,11.50%,4,Thursday,47,Weekday,11,,,,,,
20/11/2025,FCHBLRHSR01,8,13,21,16,8,9,12,6,4,6,10,13,7,9,15,7,0,2,166,12.65%,4,Thursday,47,Weekday,11,,,,,,
20/11/2025,FCHBLRJPN01,6,18,13,16,7,5,15,8,3,9,10,2,7,5,9,6,3,0,142,12.68%,4,Thursday,47,Weekday,11,,,,,,
20/11/2025,FCHBLRKOR01,5,9,19,10,5,3,6,3,2,6,6,3,6,11,11,3,4,1,113,16.81%,4,Thursday,47,Weekday,11,,,,,,
20/11/2025,FCHBLRWHF01,15,19,16,14,18,21,11,11,7,7,13,8,22,8,8,7,1,0,206,10.68%,4,Thursday,47,Weekday,11,,,,,,
20/11/2025,FCHBLRELC01,3,2,8,0,5,2,5,2,0,0,4,1,6,4,2,2,0,0,46,17.39%,4,Thursday,47,Weekday,11,,,,,,
20/11/2025,FCHBLRSJR01,23,45,47,41,31,23,15,17,15,18,20,31,19,13,23,19,8,1,409,11.49%,4,Thursday,47,Weekday,11,,,,,,
20/11/2025,FCHBLRDOD01,5,12,15,14,10,11,12,4,2,4,3,10,13,6,9,4,1,2,137,10.95%,4,Thursday,47,Weekday,11,,,,,,
20/11/2025,FCHBLRVAR01,8,10,9,3,7,4,8,8,8,8,5,3,10,13,5,3,2,1,115,11.30%,4,Thursday,47,Weekday,11,,,,,,
20/11/2025,FCHBLRHSAF01,8,3,10,9,5,5,4,3,3,3,3,6,3,5,3,3,2,0,78,12.82%,4,Thursday,47,Weekday,11,,,,,,
19/11/2025,FCHBLRSJR01,30,52,42,34,31,21,18,15,12,16,26,30,22,24,21,16,4,3,417,12.47%,3,Wednesday,47,Weekday,11,,,,,,
19/11/2025,all,127,198,192,187,146,118,76,74,62,80,100,127,135,109,102,88,32,16,1969,10.06%,3,Wednesday,47,Weekday,11,,,,,,
19/11/2025,FCHBLRBEN01,8,7,12,18,8,12,5,4,5,5,8,13,15,4,7,5,4,0,140,12.86%,3,Wednesday,47,Weekday,11,,,,,,
19/11/2025,FCHBLRHAR01,10,27,14,20,7,9,5,6,4,6,9,11,9,12,10,7,6,2,174,15.52%,3,Wednesday,47,Weekday,11,,,,,,
19/11/2025,FCHBLRHOO01,10,10,19,10,12,2,1,6,4,6,6,7,8,6,9,12,4,2,134,14.18%,3,Wednesday,47,Weekday,11,,,,,,
19/11/2025,FCHBLRHSR01,5,13,14,21,17,11,10,8,5,5,10,8,12,12,10,9,3,2,175,12.00%,3,Wednesday,47,Weekday,11,,,,,,
19/11/2025,FCHBLRJPN01,10,19,11,13,11,10,9,8,6,5,13,13,15,11,10,3,1,0,168,11.31%,3,Wednesday,47,Weekday,11,,,,,,
19/11/2025,FCHBLRKOR01,10,14,13,14,11,14,3,7,1,3,4,8,14,7,7,9,1,1,141,9.93%,3,Wednesday,47,Weekday,11,,,,,,
19/11/2025,FCHBLRWHF01,10,22,24,24,20,13,11,4,4,10,7,16,16,14,6,10,2,1,214,11.21%,3,Wednesday,47,Weekday,11,,,,,,
19/11/2025,FCHBLRELC01,6,5,8,7,4,4,4,2,1,5,3,4,3,3,4,2,0,2,67,11.94%,3,Wednesday,47,Weekday,11,,,,,,
19/11/2025,FCHBLRDOD01,8,14,14,9,14,10,7,3,13,8,6,8,10,8,2,3,3,1,141,9.93%,3,Wednesday,47,Weekday,11,,,,,,
19/11/2025,FCHBLRVAR01,9,14,12,8,7,8,0,8,6,6,6,4,5,6,9,7,1,2,118,11.86%,3,Wednesday,47,Weekday,11,,,,,,
19/11/2025,FCHBLRHSAF01,11,1,9,9,4,4,3,3,1,5,2,5,6,2,7,5,3,0,80,13.75%,3,Wednesday,47,Weekday,11,,,,,,
18/11/2025,FCHBLRELC01,2,8,5,5,3,5,4,6,5,5,8,7,6,11,6,1,0,0,87,12.64%,2,Tuesday,47,Weekday,11,,,,,,
18/11/2025,all,93,233,191,147,160,108,95,70,57,79,109,136,128,138,116,63,34,9,1966,11.85%,2,Tuesday,47,Weekday,11,,,,,,
18/11/2025,FCHBLRBEN01,9,18,16,8,14,10,6,2,2,5,6,10,10,9,12,4,3,0,144,12.50%,2,Tuesday,47,Weekday,11,,,,,,
18/11/2025,FCHBLRHAR01,9,20,14,6,19,10,7,4,7,6,11,9,10,16,15,3,6,0,172,11.63%,2,Tuesday,47,Weekday,11,,,,,,
18/11/2025,FCHBLRHOO01,8,18,14,9,11,9,5,2,2,2,5,14,9,10,5,6,1,0,130,13.85%,2,Tuesday,47,Weekday,11,,,,,,
18/11/2025,FCHBLRHSR01,8,23,19,12,15,8,8,3,3,7,7,10,19,13,8,12,1,1,177,12.99%,2,Tuesday,47,Weekday,11,,,,,,
18/11/2025,FCHBLRJPN01,8,27,18,14,17,10,11,10,3,3,4,11,5,13,9,3,2,0,168,16.07%,2,Tuesday,47,Weekday,11,,,,,,
18/11/2025,FCHBLRKOR01,4,18,8,11,10,5,10,6,5,11,7,7,8,10,5,7,3,1,136,13.24%,2,Tuesday,47,Weekday,11,,,,,,
18/11/2025,FCHBLRWHF01,10,21,19,18,25,12,12,6,4,5,16,14,16,12,11,5,3,2,211,11.85%,2,Tuesday,47,Weekday,11,,,,,,
18/11/2025,FCHBLRDOD01,2,13,14,11,10,11,9,5,7,6,18,5,9,10,3,6,2,0,141,12.77%,2,Tuesday,47,Weekday,11,,,,,,
18/11/2025,FCHBLRHSAF01,5,5,13,8,10,7,7,6,2,0,4,9,4,3,7,0,0,0,90,14.44%,2,Tuesday,47,Weekday,11,,,,,,
18/11/2025,FCHBLRVAR01,8,15,12,17,2,6,3,8,5,4,4,11,5,5,11,3,3,0,122,13.93%,2,Tuesday,47,Weekday,11,,,,,,
18/11/2025,FCHBLRSJR01,20,47,39,28,24,15,13,12,12,25,19,29,27,26,24,13,10,5,388,12.11%,2,Tuesday,47,Weekday,11,,,,,,
17/11/2025,FCHBLRSJR01,19,47,61,42,23,19,16,19,18,21,22,16,25,31,25,23,12,4,443,13.77%,1,Monday,47,Weekday,11,,,,,,
17/11/2025,FCHBLRDOD01,10,17,24,14,7,10,8,10,8,5,8,9,8,10,6,3,4,1,162,14.81%,1,Monday,47,Weekday,11,,,,,,
17/11/2025,FCHBLRVAR01,7,17,8,15,4,6,8,4,1,5,11,13,11,8,9,7,2,0,136,12.50%,1,Monday,47,Weekday,11,,,,,,
17/11/2025,FCHBLRELC01,4,6,5,2,6,3,6,4,4,5,4,4,6,4,7,7,2,0,79,8.86%,1,Monday,47,Weekday,11,,,,,,
17/11/2025,all,112,228,230,195,132,115,104,83,68,69,126,108,136,127,118,92,46,16,2105,10.93%,1,Monday,47,Weekday,11,,,,,,
17/11/2025,FCHBLRBEN01,7,16,16,13,5,12,5,8,5,6,11,8,8,11,8,4,3,0,146,10.96%,1,Monday,47,Weekday,11,,,,,,
17/11/2025,FCHBLRHAR01,13,20,27,21,11,7,13,8,5,3,9,11,17,9,10,8,3,3,198,13.64%,1,Monday,47,Weekday,11,,,,,,
17/11/2025,FCHBLRHOO01,8,15,17,19,13,5,9,8,7,3,6,7,5,12,6,4,4,0,148,12.84%,1,Monday,47,Weekday,11,,,,,,
17/11/2025,FCHBLRHSR01,5,20,14,21,12,14,4,4,3,5,14,10,15,13,11,10,2,4,181,11.60%,1,Monday,47,Weekday,11,,,,,,
17/11/2025,FCHBLRJPN01,11,22,10,14,13,11,12,2,7,5,8,6,7,10,5,8,6,1,158,13.92%,1,Monday,47,Weekday,11,,,,,,
17/11/2025,FCHBLRKOR01,10,14,14,16,12,7,5,3,3,3,12,7,8,8,7,6,4,2,141,11.35%,1,Monday,47,Weekday,11,,,,,,
17/11/2025,FCHBLRWHF01,12,20,23,14,19,15,12,8,6,7,17,13,16,7,18,9,4,1,221,10.41%,1,Monday,47,Weekday,11,,,,,,
17/11/2025,FCHBLRHSAF01,6,14,11,4,7,6,6,5,1,1,4,4,10,4,6,3,0,0,92,15.22%,1,Monday,47,Weekday,11,,,,,,
16/11/2025,FCHBLRSJR01,10,43,47,55,46,46,34,26,19,30,24,32,34,32,26,12,8,4,528,10.42%,7,Sunday,46,Weekend,11,,,,,,
16/11/2025,FCHBLRELC01,4,12,15,15,23,19,10,9,8,10,11,10,18,8,10,10,2,0,194,11.86%,7,Sunday,46,Weekend,11,,,,,,
16/11/2025,FCHBLRVAR01,6,10,20,29,12,15,11,5,8,3,8,11,7,18,13,4,2,1,183,15.85%,7,Sunday,46,Weekend,11,,,,,,
16/11/2025,FCHBLRHSAF01,1,8,15,12,19,7,8,13,5,1,7,4,13,12,10,4,3,1,143,13.29%,7,Sunday,46,Weekend,11,,,,,,
16/11/2025,FCHBLRDOD01,0,16,18,23,24,17,20,14,6,11,4,7,9,11,13,5,3,0,201,11.94%,7,Sunday,46,Weekend,11,,,,,,
16/11/2025,FCHBLRBEN01,5,12,35,29,28,15,14,14,7,8,7,20,15,16,9,10,2,1,247,14.17%,7,Sunday,46,Weekend,11,,,,,,
16/11/2025,FCHBLRHAR01,3,14,18,28,22,14,18,20,7,8,7,13,18,14,9,6,6,3,228,12.28%,7,Sunday,46,Weekend,11,,,,,,
16/11/2025,all,48,183,300,306,264,207,166,149,95,112,110,153,173,164,135,88,42,17,2712,11.28%,7,Sunday,46,Weekend,11,,,,,,
16/11/2025,FCHBLRHOO01,4,15,27,21,18,11,8,9,8,7,12,12,11,10,6,4,0,2,185,14.59%,7,Sunday,46,Weekend,11,,,,,,
16/11/2025,FCHBLRHSR01,0,15,26,17,15,16,15,10,8,14,10,12,6,12,9,8,6,1,200,13.00%,7,Sunday,46,Weekend,11,,,,,,
16/11/2025,FCHBLRJPN01,8,10,28,37,16,13,12,8,4,10,5,16,10,11,6,8,2,0,204,18.14%,7,Sunday,46,Weekend,11,1000000.00%,,,,,
16/11/2025,FCHBLRKOR01,2,12,14,17,22,15,5,8,7,4,6,9,16,8,7,9,4,1,166,13.25%,7,Sunday,46,Weekend,11,,,,,,
16/11/2025,FCHBLRWHF01,5,16,37,23,19,19,11,13,8,6,9,7,16,12,17,8,4,3,233,15.88%,7,Sunday,46,Weekend,11,0.00%,,,,,
15/11/2025,FCHBLRELC01,9,16,17,26,22,27,25,20,11,4,12,6,6,8,5,3,3,0,220,12.27%,6,Saturday,46,Weekend,11,,,,,,
15/11/2025,FCHBLRDOD01,3,11,27,25,42,25,21,16,10,6,6,8,11,8,8,2,4,1,234,17.95%,6,Saturday,46,Weekend,11,,,,,,
15/11/2025,FCHBLRSJR01,15,49,65,54,37,32,54,36,28,18,18,28,20,16,20,12,3,1,506,12.85%,6,Saturday,46,Weekend,11,,,,,,
15/11/2025,FCHBLRVAR01,5,26,25,14,17,15,17,18,12,4,7,6,8,4,8,3,1,1,191,13.61%,6,Saturday,46,Weekend,11,,,,,,
15/11/2025,FCHBLRHSAF01,1,3,12,11,15,14,19,13,6,5,9,7,6,3,8,5,3,3,143,13.29%,6,Saturday,46,Weekend,11,,,,,,
15/11/2025,FCHBLRBEN01,16,26,30,31,40,28,25,18,14,6,10,13,8,10,9,4,3,0,291,13.75%,6,Saturday,46,Weekend,11,,,,,,
15/11/2025,FCHBLRHAR01,8,28,24,28,21,23,29,19,8,7,5,15,7,8,9,5,1,1,246,11.79%,6,Saturday,46,Weekend,11,,,,,,
15/11/2025,FCHBLRHOO01,4,13,19,14,23,13,17,27,9,8,8,13,8,14,10,5,2,0,207,13.04%,6,Saturday,46,Weekend,11,,,,,,
15/11/2025,all,83,238,293,281,315,247,291,227,146,80,105,130,113,110,111,65,26,12,2873,10.96%,6,Saturday,46,Weekend,11,,,,,,
15/11/2025,FCHBLRHSR01,2,12,14,21,24,15,21,15,12,5,12,15,5,7,8,7,4,1,200,12.00%,6,Saturday,46,Weekend,11,,,,,,
15/11/2025,FCHBLRJPN01,7,21,17,19,24,22,18,18,16,6,4,6,15,7,14,5,2,0,221,10.86%,6,Saturday,46,Weekend,11,0.00%,3600000.00%,-3600000.00%,,,
15/11/2025,FCHBLRKOR01,4,12,16,15,21,13,17,11,8,2,4,9,5,12,4,7,0,3,163,12.88%,6,Saturday,46,Weekend,11,,,,,,
15/11/2025,FCHBLRWHF01,9,21,27,23,29,20,28,16,12,9,10,4,14,13,8,7,0,1,251,11.55%,6,Saturday,46,Weekend,11,,,,,,
14/11/2025,FCHBLRVAR01,10,15,18,10,11,5,6,5,2,10,7,6,9,5,4,5,3,2,133,13.53%,5,Friday,46,Weekday,11,,,,,,
14/11/2025,all,83,181,178,148,120,81,84,88,50,87,76,82,89,90,76,49,40,12,1614,11.21%,5,Friday,46,Weekday,11,,,,,,
14/11/2025,FCHBLRBEN01,9,7,12,9,8,4,2,3,3,5,5,4,0,7,6,6,4,0,94,12.77%,5,Friday,46,Weekday,11,,,,,,
14/11/2025,FCHBLRELC01,0,0,0,0,0,0,0,0,0,0,0,0,0,2,1,0,0,0,3,66.67%,5,Friday,46,Weekday,11,,,,,,
14/11/2025,FCHBLRHAR01,10,22,9,8,10,10,3,9,5,9,5,5,12,5,8,4,4,2,140,15.71%,5,Friday,46,Weekday,11,,,,,,
14/11/2025,FCHBLRHOO01,7,14,7,11,11,3,6,2,2,2,5,5,6,9,7,4,1,0,102,13.73%,5,Friday,46,Weekday,11,,,,,,
14/11/2025,FCHBLRHSR01,5,18,23,12,6,4,7,5,5,7,8,6,13,4,7,8,3,2,143,16.08%,5,Friday,46,Weekday,11,,,,,,
14/11/2025,FCHBLRJPN01,4,23,12,4,4,7,10,6,1,2,8,6,5,11,6,2,3,0,114,20.18%,5,Friday,46,Weekday,11,,,,,,
14/11/2025,FCHBLRKOR01,6,12,12,13,6,8,7,8,7,6,6,7,3,10,5,3,1,1,121,10.74%,5,Friday,46,Weekday,11,,,,,,
14/11/2025,FCHBLRWHF01,7,12,23,23,20,13,16,7,8,8,10,10,10,9,5,4,2,1,188,12.23%,5,Friday,46,Weekday,11,,,,,,
14/11/2025,FCHBLRDOD01,7,8,14,12,11,6,5,8,3,10,7,5,7,6,5,4,2,1,121,11.57%,5,Friday,46,Weekday,11,,,,,,
14/11/2025,FCHBLRHSAF01,5,13,12,12,6,8,0,5,1,4,4,3,2,1,5,0,1,1,83,15.66%,5,Friday,46,Weekday,11,,,,,,
14/11/2025,FCHBLRSJR01,13,37,36,34,27,13,22,30,13,24,11,25,22,21,17,9,16,2,372,9.95%,5,Friday,46,Weekday,11,,,,,,
13/11/2025,FCHBLRSJR01,15,40,38,35,27,24,29,21,9,15,34,28,28,24,16,28,12,6,429,9.32%,4,Thursday,46,Weekday,11,,,,,,
13/11/2025,FCHBLRHSAF01,3,7,6,9,7,5,4,6,1,6,3,16,9,5,7,6,4,0,104,15.38%,4,Thursday,46,Weekday,11,,,,,,
13/11/2025,FCHBLRVAR01,4,21,8,3,8,8,7,7,10,10,5,5,10,9,9,6,2,0,132,15.91%,4,Thursday,46,Weekday,11,,,,,,
13/11/2025,FCHBLRDOD01,3,16,23,13,10,11,10,6,4,6,7,11,9,1,4,3,7,1,145,15.86%,4,Thursday,46,Weekday,11,,,,,,
13/11/2025,all,97,183,184,151,128,114,112,83,55,91,87,121,124,106,98,82,52,22,1890,9.74%,4,Thursday,46,Weekday,11,,,,,,
13/11/2025,FCHBLRBEN01,11,13,13,6,10,5,2,1,2,6,2,5,9,4,6,6,0,4,105,12.38%,4,Thursday,46,Weekday,11,,,,,,
13/11/2025,FCHBLRHAR01,16,14,12,16,7,6,7,3,5,12,5,4,13,8,8,7,8,3,154,10.39%,4,Thursday,46,Weekday,11,,,,,,
13/11/2025,FCHBLRHOO01,8,9,13,14,9,8,8,5,6,7,5,11,9,12,8,7,4,1,144,9.72%,4,Thursday,46,Weekday,11,,,,,,
13/11/2025,FCHBLRHSR01,10,11,17,11,13,8,15,7,4,9,7,11,4,16,10,7,6,1,167,10.18%,4,Thursday,46,Weekday,11,,,,,,
13/11/2025,FCHBLRJPN01,7,18,22,12,15,11,11,7,4,7,6,10,10,9,10,5,1,2,167,13.17%,4,Thursday,46,Weekday,11,,,,,,
13/11/2025,FCHBLRKOR01,3,13,11,15,6,9,11,7,2,6,4,7,7,10,9,3,2,1,126,11.90%,4,Thursday,46,Weekday,11,,,,,,
13/11/2025,FCHBLRWHF01,17,21,21,17,16,19,8,13,8,7,9,13,16,8,11,4,6,3,217,9.68%,4,Thursday,46,Weekday,11,,,,,,
12/11/2025,FCHBLRSJR01,24,52,47,29,15,24,18,12,10,26,28,28,23,34,28,16,7,3,424,12.26%,3,Wednesday,46,Weekday,11,,,,,,
12/11/2025,FCHBLRHSAF01,6,9,7,7,5,4,6,4,1,6,5,3,9,5,9,6,4,0,96,9.38%,3,Wednesday,46,Weekday,11,,,,,,
12/11/2025,FCHBLRVAR01,7,19,12,9,9,5,5,9,4,8,5,7,8,4,11,4,4,0,130,14.62%,3,Wednesday,46,Weekday,11,,,,,,
12/11/2025,all,98,182,188,165,107,88,86,66,46,79,94,110,107,122,117,84,34,15,1788,10.51%,3,Wednesday,46,Weekday,11,,,,,,
12/11/2025,FCHBLRBEN01,6,7,18,8,5,9,4,3,4,1,5,2,5,6,5,1,0,2,91,19.78%,3,Wednesday,46,Weekday,11,,,,,,
12/11/2025,FCHBLRHAR01,12,16,15,18,12,5,6,3,2,7,5,4,11,12,7,8,4,3,150,12.00%,3,Wednesday,46,Weekday,11,,,,,,
12/11/2025,FCHBLRHOO01,5,11,11,16,6,7,8,3,4,6,7,12,7,10,7,10,3,0,133,12.03%,3,Wednesday,46,Weekday,11,,,,,,
12/11/2025,FCHBLRHSR01,6,14,14,17,17,9,4,4,7,7,8,15,14,14,16,9,4,1,180,9.44%,3,Wednesday,46,Weekday,11,,,,,,
12/11/2025,FCHBLRJPN01,8,16,20,12,11,7,5,6,3,3,8,6,7,6,9,9,1,4,141,14.18%,3,Wednesday,46,Weekday,11,,,,,,
12/11/2025,FCHBLRKOR01,9,7,21,20,6,2,8,4,2,5,5,6,3,11,5,5,0,2,121,17.36%,3,Wednesday,46,Weekday,11,,,,,,
12/11/2025,FCHBLRWHF01,11,22,9,17,12,9,10,14,4,2,13,19,14,10,11,9,4,0,190,11.58%,3,Wednesday,46,Weekday,11,,,,,,
12/11/2025,FCHBLRDOD01,4,9,14,12,9,7,12,4,5,8,5,8,6,10,9,7,3,0,132,10.61%,3,Wednesday,46,Weekday,11,,,,,,
11/11/2025,FCHBLRVAR01,4,15,15,10,10,5,7,6,5,12,2,10,7,9,8,5,4,0,134,11.19%,2,Tuesday,46,Weekday,11,,,,,,
11/11/2025,all,75,176,171,159,115,79,88,52,62,77,91,110,113,119,79,78,27,14,1685,10.45%,2,Tuesday,46,Weekday,11,,,,,,
11/11/2025,FCHBLRBEN01,4,7,8,6,6,4,7,3,2,4,3,5,5,5,4,5,1,1,80,10.00%,2,Tuesday,46,Weekday,11,,,,,,
11/11/2025,FCHBLRHAR01,8,21,15,10,8,7,4,3,6,8,5,7,13,8,6,11,3,1,144,14.58%,2,Tuesday,46,Weekday,11,,,,,,
11/11/2025,FCHBLRHOO01,9,17,13,10,4,2,6,2,3,5,13,9,7,14,5,4,0,2,125,13.60%,2,Tuesday,46,Weekday,11,,,,,,
11/11/2025,FCHBLRHSR01,3,8,10,19,12,11,8,2,6,3,11,17,15,9,7,5,2,4,152,12.50%,2,Tuesday,46,Weekday,11,,,,,,
11/11/2025,FCHBLRJPN01,4,16,8,11,8,7,3,3,7,7,6,7,6,10,7,8,0,0,118,13.56%,2,Tuesday,46,Weekday,11,,,,,,
11/11/2025,FCHBLRKOR01,7,12,16,12,6,5,10,2,1,5,3,6,3,10,8,9,1,2,118,13.56%,2,Tuesday,46,Weekday,11,,,,,,
11/11/2025,FCHBLRWHF01,9,21,17,20,23,9,10,7,9,11,14,11,14,10,6,3,3,1,198,11.62%,2,Tuesday,46,Weekday,11,,,,,,
11/11/2025,FCHBLRDOD01,6,9,14,12,10,9,10,3,7,3,8,10,8,9,5,3,3,2,131,10.69%,2,Tuesday,46,Weekday,11,,,,,,
11/11/2025,FCHBLRHSAF01,0,6,12,11,5,5,3,4,3,5,3,6,4,10,4,7,1,1,90,13.33%,2,Tuesday,46,Weekday,11,,,,,,
11/11/2025,FCHBLRSJR01,21,44,43,38,23,15,20,17,13,14,23,22,31,25,19,18,9,0,395,11.14%,2,Tuesday,46,Weekday,11,,,,,,
10/11/2025,FCHBLRHSAF01,10,10,9,6,6,11,7,6,3,1,5,5,5,10,7,5,2,1,109,10.09%,1,Monday,46,Weekday,11,,,,,,
10/11/2025,FCHBLRDOD01,6,12,19,16,15,12,7,8,5,10,10,10,11,7,4,4,3,0,159,11.95%,1,Monday,46,Weekday,11,,,,,,
10/11/2025,FCHBLRSJR01,27,49,44,42,31,13,13,15,20,16,31,22,25,28,18,11,10,3,418,11.72%,1,Monday,46,Weekday,11,,,,,,
10/11/2025,FCHBLRVAR01,4,9,16,9,6,6,7,6,7,1,11,7,7,16,11,4,3,1,131,12.21%,1,Monday,46,Weekday,11,,,,,,
10/11/2025,all,92,181,206,169,118,107,80,70,57,71,120,110,99,127,98,66,41,11,1823,11.30%,1,Monday,46,Weekday,11,,,,,,
10/11/2025,FCHBLRBEN01,2,9,6,16,5,8,7,4,1,4,9,7,4,9,5,2,4,2,104,15.38%,1,Monday,46,Weekday,11,,,,,,
10/11/2025,FCHBLRHAR01,7,16,15,13,11,12,4,2,2,12,8,7,10,7,8,9,2,0,145,11.03%,1,Monday,46,Weekday,11,,,,,,
10/11/2025,FCHBLRHOO01,6,15,23,15,11,9,6,5,2,5,6,6,4,6,8,6,2,1,136,16.91%,1,Monday,46,Weekday,11,,,,,,
10/11/2025,FCHBLRHSR01,6,16,13,12,8,8,5,5,1,6,10,11,3,7,12,8,6,0,137,11.68%,1,Monday,46,Weekday,11,,,,,,
10/11/2025,FCHBLRJPN01,9,14,15,15,9,4,7,3,6,5,9,7,6,12,12,4,2,0,139,10.79%,1,Monday,46,Weekday,11,,,,,,
10/11/2025,FCHBLRKOR01,6,12,8,12,7,9,5,5,5,4,9,15,9,13,7,3,2,1,132,11.36%,1,Monday,46,Weekday,11,,,,,,
10/11/2025,FCHBLRWHF01,9,19,38,13,9,15,12,11,5,7,12,13,15,12,6,10,5,2,213,17.84%,1,Monday,46,Weekday,11,,,,,,
09/11/2025,FCHBLRHSAF01,2,13,17,21,14,30,15,15,8,7,6,11,13,7,6,5,1,0,191,15.71%,7,Sunday,45,Weekend,11,,,,,,
09/11/2025,FCHBLRVAR01,1,15,19,23,19,24,12,8,4,6,5,11,12,10,10,6,1,3,189,12.70%,7,Sunday,45,Weekend,11,,,,,,
09/11/2025,FCHBLRSJR01,7,24,56,49,37,33,29,25,17,23,29,19,27,43,18,11,10,3,460,12.17%,7,Sunday,45,Weekend,11,,,,,,
09/11/2025,FCHBLRDOD01,5,15,22,24,24,16,8,11,6,7,8,10,11,6,6,3,3,2,187,12.83%,7,Sunday,45,Weekend,11,,,,,,
09/11/2025,FCHBLRBEN01,4,10,26,23,31,8,14,13,11,5,8,4,13,8,8,5,3,2,196,15.82%,7,Sunday,45,Weekend,11,,,,,,
09/11/2025,FCHBLRHAR01,3,20,22,24,18,10,14,9,8,1,5,8,14,15,11,9,2,0,193,12.44%,7,Sunday,45,Weekend,11,,,,,,
09/11/2025,FCHBLRHOO01,3,7,24,33,18,17,12,11,11,14,7,8,15,6,6,3,7,0,202,16.34%,7,Sunday,45,Weekend,11,,,,,,
09/11/2025,all,36,170,267,274,215,213,157,133,88,95,95,113,160,134,97,62,37,13,2359,11.62%,7,Sunday,45,Weekend,11,,,,,,
09/11/2025,FCHBLRHSR01,1,9,21,19,16,23,15,14,4,12,11,11,9,9,5,7,3,0,189,12.17%,7,Sunday,45,Weekend,11,,,,,,
09/11/2025,FCHBLRJPN01,7,25,22,20,11,16,14,5,5,8,3,9,18,6,10,7,4,0,190,13.16%,7,Sunday,45,Weekend,11,,,,,,
09/11/2025,FCHBLRKOR01,0,16,15,13,11,11,9,6,10,4,3,9,16,6,9,1,2,0,141,11.35%,7,Sunday,45,Weekend,11,,,,,,
09/11/2025,FCHBLRWHF01,3,16,23,25,16,25,15,16,4,8,10,13,12,18,8,5,1,3,221,11.31%,7,Sunday,45,Weekend,11,,,,,,
08/11/2025,FCHBLRHSAF01,4,13,27,32,26,8,19,10,10,5,8,4,18,10,10,3,2,1,210,15.24%,6,Saturday,45,Weekend,11,,,,,,
08/11/2025,FCHBLRVAR01,7,20,30,19,20,20,12,11,7,2,9,4,6,5,11,3,2,2,190,15.79%,6,Saturday,45,Weekend,11,,,,,,
08/11/2025,FCHBLRSJR01,17,36,43,52,45,34,31,36,23,20,20,25,44,20,14,8,2,4,474,10.97%,6,Saturday,45,Weekend,11,,,,,,
08/11/2025,FCHBLRDOD01,6,22,34,32,18,13,14,16,11,7,8,7,6,10,7,0,2,0,213,15.96%,6,Saturday,45,Weekend,11,,,,,,
08/11/2025,FCHBLRBEN01,12,28,38,29,17,14,12,21,9,12,13,12,16,6,5,5,2,0,251,15.14%,6,Saturday,45,Weekend,11,,,,,,
08/11/2025,FCHBLRHAR01,4,15,26,29,20,12,19,9,9,6,8,14,13,9,7,6,2,0,208,13.94%,6,Saturday,45,Weekend,11,,,,,,
08/11/2025,FCHBLRHOO01,12,20,27,43,36,21,17,11,10,10,12,16,8,6,2,6,3,1,261,16.48%,6,Saturday,45,Weekend,11,,,,,,
08/11/2025,all,94,211,322,319,258,170,184,162,103,99,106,116,149,96,84,50,24,13,2560,12.58%,6,Saturday,45,Weekend,11,,,,,,
08/11/2025,FCHBLRHSR01,5,20,27,20,23,13,24,11,9,15,7,9,8,6,5,5,4,2,213,12.68%,6,Saturday,45,Weekend,11,,,,,,
08/11/2025,FCHBLRJPN01,9,13,21,24,11,7,12,5,2,3,4,6,6,6,10,6,0,0,145,16.55%,6,Saturday,45,Weekend,11,,,,,,
08/11/2025,FCHBLRKOR01,6,9,21,14,15,11,13,13,5,6,5,7,6,4,7,4,1,2,149,14.09%,6,Saturday,45,Weekend,11,,,,,,
08/11/2025,FCHBLRWHF01,12,15,28,25,27,17,11,19,8,13,12,12,18,14,6,4,4,1,246,11.38%,6,Saturday,45,Weekend,11,,,,,,
07/11/2025,FCHBLRHSAF01,7,2,10,14,6,8,6,4,1,4,4,9,6,7,8,6,0,1,103,13.59%,5,Friday,45,Weekday,11,,,,,,
07/11/2025,all,67,141,173,156,84,74,84,64,56,73,75,87,87,72,63,56,22,13,1447,11.96%,5,Friday,45,Weekday,11,,,,,,
07/11/2025,FCHBLRBEN01,2,3,2,2,1,1,0,1,2,1,1,2,1,1,0,0,0,0,20,15.00%,5,Friday,45,Weekday,11,,,,,,
07/11/2025,FCHBLRHAR01,5,25,17,17,5,11,5,4,7,6,4,3,7,5,6,4,2,0,133,18.80%,5,Friday,45,Weekday,11,,,,,,
07/11/2025,FCHBLRHOO01,4,11,15,6,1,3,7,5,3,6,4,6,7,4,2,3,1,6,94,15.96%,5,Friday,45,Weekday,11,,,,,,
07/11/2025,FCHBLRHSR01,5,7,16,19,12,5,8,5,7,11,6,9,7,6,4,8,3,1,139,13.67%,5,Friday,45,Weekday,11,,,,,,
07/11/2025,FCHBLRJPN01,3,12,7,11,5,5,4,5,1,6,8,2,6,3,8,4,2,1,93,12.90%,5,Friday,45,Weekday,11,,,,,,
07/11/2025,FCHBLRKOR01,5,10,11,15,8,5,6,4,5,4,5,4,5,8,4,2,3,2,106,14.15%,5,Friday,45,Weekday,11,,,,,,
07/11/2025,FCHBLRWHF01,9,18,20,20,14,11,13,9,5,6,8,5,14,9,4,6,2,0,173,11.56%,5,Friday,45,Weekday,11,,,,,,
07/11/2025,FCHBLRDOD01,4,10,8,11,5,4,6,4,7,8,6,10,5,8,3,7,1,1,108,10.19%,5,Friday,45,Weekday,11,,,,,,
07/11/2025,FCHBLRVAR01,5,8,20,9,6,8,8,0,6,5,4,8,3,9,4,0,3,0,106,18.87%,5,Friday,45,Weekday,11,,,,,,
07/11/2025,FCHBLRSJR01,18,35,47,32,21,13,21,23,12,16,25,29,26,12,20,16,5,1,372,12.63%,5,Friday,45,Weekday,11,,,,,,
06/11/2025,FCHBLRHSAF01,4,6,8,8,7,5,2,4,5,7,6,6,5,7,7,2,3,1,93,8.60%,4,Thursday,45,Weekday,11,,,,,,
06/11/2025,all,62,118,160,137,100,68,65,76,49,53,80,84,106,96,70,68,32,10,1434,11.16%,4,Thursday,45,Weekday,11,,,,,,
06/11/2025,FCHBLRBEN01,3,2,4,0,2,2,3,0,2,1,2,4,3,3,0,3,0,0,34,11.76%,4,Thursday,45,Weekday,11,,,,,,
06/11/2025,FCHBLRHAR01,8,18,15,14,8,5,6,8,4,4,5,9,12,10,4,6,2,1,139,12.95%,4,Thursday,45,Weekday,11,,,,,,
06/11/2025,FCHBLRHOO01,1,8,14,11,8,4,4,3,2,1,5,4,6,4,3,1,0,1,80,17.50%,4,Thursday,45,Weekday,11,,,,,,
06/11/2025,FCHBLRHSR01,3,8,14,14,11,8,6,6,1,5,7,8,14,17,7,7,3,3,142,11.97%,4,Thursday,45,Weekday,11,,,,,,
06/11/2025,FCHBLRJPN01,7,5,11,17,8,5,3,5,1,1,5,5,6,3,9,3,1,0,95,17.89%,4,Thursday,45,Weekday,11,,,,,,
06/11/2025,FCHBLRKOR01,5,7,11,11,13,7,2,6,8,4,2,8,5,7,4,5,2,0,107,12.15%,4,Thursday,45,Weekday,11,,,,,,
06/11/2025,FCHBLRWHF01,6,16,18,12,10,7,8,5,5,7,11,9,15,9,10,8,3,0,159,11.32%,4,Thursday,45,Weekday,11,,,,,,
06/11/2025,FCHBLRDOD01,3,5,16,7,6,4,7,7,2,4,6,6,5,8,2,3,2,0,93,17.20%,4,Thursday,45,Weekday,11,,,,,,
06/11/2025,FCHBLRVAR01,8,10,20,6,6,5,7,6,2,2,7,5,10,4,4,6,3,2,113,17.70%,4,Thursday,45,Weekday,11,,,,,,
06/11/2025,FCHBLRSJR01,14,33,29,37,21,16,17,26,17,17,24,20,25,24,20,24,13,2,379,9.76%,4,Thursday,45,Weekday,11,,,,,,
05/11/2025,FCHBLRSJR01,21,26,59,41,27,24,16,15,14,20,24,37,27,23,21,19,7,4,425,13.88%,3,Wednesday,45,Weekday,11,,,,,,
05/11/2025,FCHBLRHSAF01,2,8,9,15,6,11,2,0,10,11,3,7,3,6,5,3,4,0,105,14.29%,3,Wednesday,45,Weekday,11,,,,,,
05/11/2025,FCHBLRVAR01,5,12,11,10,3,7,7,4,2,3,6,16,12,7,10,6,4,0,125,12.80%,3,Wednesday,45,Weekday,11,,,,,,
05/11/2025,all,67,127,184,158,97,100,73,53,68,69,75,116,115,91,83,63,38,10,1587,11.59%,3,Wednesday,45,Weekday,11,,,,,,
05/11/2025,FCHBLRBEN01,1,3,7,5,1,5,2,1,1,0,0,2,5,4,5,3,0,0,45,15.56%,3,Wednesday,45,Weekday,11,,,,,,
05/11/2025,FCHBLRHAR01,5,14,13,15,7,2,3,5,8,5,3,7,9,5,9,5,4,1,120,12.50%,3,Wednesday,45,Weekday,11,,,,,,
05/11/2025,FCHBLRHOO01,5,11,11,11,5,3,4,0,2,5,3,5,3,3,4,0,3,1,79,13.92%,3,Wednesday,45,Weekday,11,,,,,,
05/11/2025,FCHBLRHSR01,5,11,8,13,19,10,12,6,6,6,5,4,8,7,7,6,4,2,139,13.67%,3,Wednesday,45,Weekday,11,,,,,,
05/11/2025,FCHBLRJPN01,2,11,15,7,5,7,6,4,4,4,2,9,9,4,5,3,3,1,101,14.85%,3,Wednesday,45,Weekday,11,,,,,,
05/11/2025,FCHBLRKOR01,5,10,17,10,9,6,5,4,4,7,6,8,8,12,9,5,2,1,128,13.28%,3,Wednesday,45,Weekday,11,,,,,,
05/11/2025,FCHBLRWHF01,12,13,14,18,6,17,12,10,7,7,15,16,24,15,7,11,5,0,209,11.48%,3,Wednesday,45,Weekday,11,,,,,,
05/11/2025,FCHBLRDOD01,4,8,20,13,9,8,4,4,10,1,8,5,7,5,1,2,2,0,111,18.02%,3,Wednesday,45,Weekday,11,,,,,,
04/11/2025,FCHBLRSJR01,17,31,48,46,30,20,13,27,18,11,22,29,29,22,26,21,11,2,423,11.35%,2,Tuesday,45,Weekday,11,,,,,,
04/11/2025,all,69,130,174,146,121,83,64,69,63,51,87,93,98,87,84,72,40,14,1545,11.26%,2,Tuesday,45,Weekday,11,,,,,,
04/11/2025,FCHBLRBEN01,2,2,4,2,0,1,1,1,1,2,1,1,3,2,1,5,1,2,32,15.63%,2,Tuesday,45,Weekday,11,,,,,,
04/11/2025,FCHBLRDOD01,4,7,13,8,11,5,5,6,8,10,9,10,6,11,11,4,1,1,130,10.00%,2,Tuesday,45,Weekday,11,,,,,,
04/11/2025,FCHBLRHAR01,9,12,21,11,10,2,7,4,0,6,7,5,8,5,5,5,4,0,121,17.36%,2,Tuesday,45,Weekday,11,,,,,,
04/11/2025,FCHBLRHOO01,4,6,16,11,11,7,6,4,2,0,5,5,7,4,5,2,2,1,98,16.33%,2,Tuesday,45,Weekday,11,,,,,,
04/11/2025,FCHBLRHSR01,4,14,13,14,10,12,5,3,9,4,8,9,7,10,8,11,8,2,151,9.27%,2,Tuesday,45,Weekday,11,,,,,,
04/11/2025,FCHBLRJPN01,1,8,8,7,9,6,3,2,3,0,7,8,7,6,6,4,3,0,88,10.23%,2,Tuesday,45,Weekday,11,,,,,,
04/11/2025,FCHBLRKOR01,4,6,12,11,15,8,6,4,6,8,4,3,10,6,7,5,5,2,122,12.30%,2,Tuesday,45,Weekday,11,,,,,,
04/11/2025,FCHBLRWHF01,17,22,16,16,12,7,9,11,4,4,10,12,11,12,8,8,1,1,181,12.15%,2,Tuesday,45,Weekday,11,,,,,,
04/11/2025,FCHBLRHSAF01,3,4,9,11,3,9,5,3,6,3,8,7,3,5,3,2,0,2,86,12.79%,2,Tuesday,45,Weekday,11,,,,,,
04/11/2025,FCHBLRVAR01,4,18,14,9,10,6,4,4,6,3,6,4,7,4,4,5,4,1,113,15.93%,2,Tuesday,45,Weekday,11,,,,,,
03/11/2025,FCHBLRSJR01,20,26,35,35,29,28,17,24,19,17,23,27,41,35,26,15,16,5,438,9.36%,1,Monday,45,Weekday,11,,,,,,
03/11/2025,all,72,130,131,136,107,84,73,76,65,63,78,84,120,103,91,60,42,14,1529,8.89%,1,Monday,45,Weekday,11,,,,,,
03/11/2025,FCHBLRBEN01,1,2,2,2,1,3,2,0,1,2,0,1,1,5,0,0,0,1,24,20.83%,1,Monday,45,Weekday,11,,,,,,
03/11/2025,FCHBLRHAR01,10,21,14,8,8,5,5,1,8,9,7,7,9,10,19,6,4,0,151,13.91%,1,Monday,45,Weekday,11,,,,,,
03/11/2025,FCHBLRHOO01,5,7,3,9,7,2,9,6,0,1,4,6,6,5,4,2,0,0,76,11.84%,1,Monday,45,Weekday,11,,,,,,
03/11/2025,FCHBLRHSR01,3,11,15,10,10,12,8,12,8,3,3,7,11,4,4,11,5,1,138,10.87%,1,Monday,45,Weekday,11,,,,,,
03/11/2025,FCHBLRJPN01,5,8,9,10,3,4,3,3,6,6,3,6,14,4,3,6,3,0,96,14.58%,1,Monday,45,Weekday,11,,,,,,
03/11/2025,FCHBLRKOR01,4,11,10,8,10,8,4,4,6,5,5,4,7,4,9,4,4,1,108,10.19%,1,Monday,45,Weekday,11,,,,,,
03/11/2025,FCHBLRWHF01,10,15,15,15,14,13,12,9,5,6,12,10,11,11,10,5,2,2,177,8.47%,1,Monday,45,Weekday,11,,,,,,
03/11/2025,FCHBLRDOD01,8,10,12,12,5,3,3,6,4,4,9,11,8,6,6,8,4,2,121,9.92%,1,Monday,45,Weekday,11,,,,,,
03/11/2025,FCHBLRVAR01,6,15,7,19,10,4,3,6,4,5,9,3,6,11,4,3,3,2,120,15.83%,1,Monday,45,Weekday,11,,,,,,
03/11/2025,FCHBLRHSAF01,0,4,9,8,10,2,7,5,4,5,3,2,6,8,6,0,1,0,80,12.50%,1,Monday,45,Weekday,11,,,,,,
02/11/2025,FCHBLRVAR01,3,9,19,25,15,23,18,6,7,5,11,7,12,8,10,14,1,1,194,12.89%,7,Sunday,44,Weekend,11,,,,,,
02/11/2025,FCHBLRHSAF01,3,11,10,18,21,8,7,9,3,8,6,6,4,11,7,8,3,0,143,14.69%,7,Sunday,44,Weekend,11,,,,,,
02/11/2025,FCHBLRSJR01,7,22,51,50,55,41,36,24,13,10,30,20,23,22,29,14,6,2,455,12.09%,7,Sunday,44,Weekend,11,,,,,,
02/11/2025,FCHBLRDOD01,2,14,20,25,24,16,9,9,8,8,4,9,12,5,5,6,1,0,177,14.12%,7,Sunday,44,Weekend,11,,,,,,
02/11/2025,FCHBLRBEN01,0,3,7,8,17,5,7,7,4,10,4,3,4,8,5,5,2,0,99,17.17%,7,Sunday,44,Weekend,11,,,,,,
02/11/2025,FCHBLRHAR01,1,6,20,19,9,13,8,11,8,11,7,6,15,9,9,11,3,0,166,12.05%,7,Sunday,44,Weekend,11,,,,,,
02/11/2025,FCHBLRHOO01,4,9,19,19,20,14,10,10,2,6,8,7,8,9,5,7,3,0,160,12.50%,7,Sunday,44,Weekend,11,,,,,,
02/11/2025,FCHBLRHSR01,1,11,10,18,14,22,14,8,5,6,6,10,10,10,9,9,3,4,170,12.94%,7,Sunday,44,Weekend,11,,,,,,
02/11/2025,all,34,108,208,227,221,181,148,108,64,71,95,90,118,108,103,88,32,10,2014,11.27%,7,Sunday,44,Weekend,11,,,,,,
02/11/2025,FCHBLRJPN01,6,7,17,14,11,13,12,8,4,2,8,6,4,8,8,3,2,1,134,12.69%,7,Sunday,44,Weekend,11,,,,,,
02/11/2025,FCHBLRKOR01,1,5,18,10,13,9,6,9,5,1,7,5,6,6,10,6,2,1,120,15.00%,7,Sunday,44,Weekend,11,,,,,,
02/11/2025,FCHBLRWHF01,6,11,17,21,22,17,21,7,5,4,4,11,20,12,6,5,6,1,196,11.22%,7,Sunday,44,Weekend,11,,,,,,
01/11/2025,FCHBLRHSAF01,13,24,30,20,26,13,13,7,12,6,15,5,13,8,1,2,1,0,209,14.35%,6,Saturday,44,Weekend,11,,,,,,
01/11/2025,FCHBLRSJR01,13,26,69,46,43,41,27,16,19,13,22,23,23,19,13,14,6,3,436,15.83%,6,Saturday,44,Weekend,11,,,,,,
01/11/2025,FCHBLRVAR01,1,6,12,16,27,22,7,11,6,6,5,11,6,3,7,0,2,1,149,18.12%,6,Saturday,44,Weekend,11,,,,,,
01/11/2025,FCHBLRDOD01,4,8,14,21,20,23,16,7,9,11,6,9,4,8,9,3,0,1,173,13.29%,6,Saturday,44,Weekend,11,,,,,,
01/11/2025,FCHBLRBEN01,1,8,14,12,18,17,12,14,6,10,5,4,8,10,5,3,2,0,149,12.08%,6,Saturday,44,Weekend,11,,,,,,
01/11/2025,FCHBLRHAR01,3,19,14,20,18,19,11,12,8,2,4,10,6,8,4,3,2,0,163,12.27%,6,Saturday,44,Weekend,11,,,,,,
01/11/2025,FCHBLRHOO01,11,26,39,44,19,25,17,16,11,3,7,14,10,16,7,1,1,1,268,16.42%,6,Saturday,44,Weekend,11,,,,,,
01/11/2025,FCHBLRHSR01,2,7,17,20,22,16,11,11,2,10,9,12,17,8,8,3,3,1,179,12.29%,6,Saturday,44,Weekend,11,,,,,,
01/11/2025,all,55,159,254,244,238,219,153,130,95,75,96,108,105,98,70,39,28,8,2174,11.68%,6,Saturday,44,Weekend,11,,,,,,
01/11/2025,FCHBLRJPN01,1,14,10,14,11,12,12,8,4,3,6,8,4,10,6,2,2,0,127,11.02%,6,Saturday,44,Weekend,11,,,,,,
01/11/2025,FCHBLRKOR01,3,9,11,12,15,6,6,8,10,2,5,4,5,4,3,3,3,1,110,13.64%,6,Saturday,44,Weekend,11,,,,,,
01/11/2025,FCHBLRWHF01,3,12,24,19,19,25,21,20,8,9,12,8,9,4,7,5,6,0,211,11.85%,6,Saturday,44,Weekend,11,,,,,,
31/10/2025,FCHBLRVAR01,7,8,14,19,12,10,4,8,8,7,4,2,3,7,7,4,2,1,127,14.96%,5,Friday,44,Weekday,10,,,,,,
31/10/2025,all,52,125,153,121,83,71,49,66,45,50,66,76,81,67,68,37,21,9,1240,12.34%,5,Friday,44,Weekday,10,,,,,,
31/10/2025,FCHBLRBEN01,0,0,0,0,0,0,0,0,0,0,0,2,1,0,0,1,0,0,4,50.00%,5,Friday,44,Weekday,10,,,,,,
31/10/2025,FCHBLRHAR01,7,14,10,9,7,6,4,5,4,7,5,6,6,7,2,3,3,0,105,13.33%,5,Friday,44,Weekday,10,,,,,,
31/10/2025,FCHBLRHOO01,2,2,3,1,1,1,0,1,0,2,0,3,1,1,0,0,1,0,19,15.79%,5,Friday,44,Weekday,10,,,,,,
31/10/2025,FCHBLRHSR01,3,6,16,8,5,10,4,8,1,6,5,6,6,5,6,5,3,3,106,15.09%,5,Friday,44,Weekday,10,,,,,,
31/10/2025,FCHBLRJPN01,11,10,13,6,9,5,2,3,7,2,7,7,9,7,4,1,2,1,106,12.26%,5,Friday,44,Weekday,10,,,,,,
31/10/2025,FCHBLRKOR01,4,5,14,17,5,5,5,4,1,3,8,6,8,5,4,4,0,0,98,17.35%,5,Friday,44,Weekday,10,,,,,,
31/10/2025,FCHBLRWHF01,6,24,17,12,13,5,6,10,1,7,11,11,15,7,17,3,3,0,168,14.29%,5,Friday,44,Weekday,10,,,,,,
31/10/2025,FCHBLRDOD01,3,10,10,11,3,7,6,4,5,3,2,8,8,7,7,6,2,1,103,10.68%,5,Friday,44,Weekday,10,,,,,,
31/10/2025,FCHBLRHSAF01,1,6,8,2,7,5,3,4,0,1,7,4,5,1,2,0,0,0,56,14.29%,5,Friday,44,Weekday,10,,,,,,
31/10/2025,FCHBLRSJR01,8,40,48,36,21,17,15,19,18,12,17,21,19,20,19,10,5,3,348,13.79%,5,Friday,44,Weekday,10,,,,,,
30/10/2025,FCHBLRVAR01,2,8,13,17,17,9,1,5,2,6,11,10,5,7,5,1,1,4,124,13.71%,4,Thursday,44,Weekday,10,,,,,,
30/10/2025,FCHBLRDOD01,5,9,9,10,1,9,6,7,4,4,5,10,7,8,7,7,1,0,109,9.17%,4,Thursday,44,Weekday,10,,,,,,
30/10/2025,all,49,109,118,134,78,66,45,57,42,45,62,92,76,83,70,36,21,8,1191,11.25%,4,Thursday,44,Weekday,10,,,,,,
30/10/2025,FCHBLRHAR01,6,13,7,13,8,6,1,1,2,2,6,6,10,10,5,4,5,1,106,12.26%,4,Thursday,44,Weekday,10,,,,,,
30/10/2025,FCHBLRHOO01,0,2,3,5,1,0,0,1,0,2,0,2,5,4,1,1,0,0,27,18.52%,4,Thursday,44,Weekday,10,,,,,,
30/10/2025,FCHBLRHSR01,6,7,16,16,7,4,5,9,4,3,4,11,4,9,3,3,2,2,115,13.91%,4,Thursday,44,Weekday,10,,,,,,
30/10/2025,FCHBLRJPN01,1,12,10,8,7,4,5,3,6,4,4,7,9,6,6,3,2,0,97,12.37%,4,Thursday,44,Weekday,10,,,,,,
30/10/2025,FCHBLRKOR01,7,7,3,13,10,8,3,3,2,3,4,4,4,6,5,3,3,0,88,14.77%,4,Thursday,44,Weekday,10,,,,,,
30/10/2025,FCHBLRWHF01,6,15,11,16,11,9,9,9,6,9,11,12,11,12,9,2,3,0,161,9.94%,4,Thursday,44,Weekday,10,,,,,,
30/10/2025,FCHBLRHSAF01,1,4,3,8,4,5,1,2,2,1,1,5,1,3,4,2,0,0,47,17.02%,4,Thursday,44,Weekday,10,,,,,,
30/10/2025,FCHBLRSJR01,15,32,43,28,12,12,14,17,14,11,16,25,20,18,25,10,4,1,317,13.56%,4,Thursday,44,Weekday,10,,,,,,
29/10/2025,FCHBLRVAR01,7,12,11,7,9,11,7,5,9,7,11,8,12,9,8,2,5,2,142,8.45%,3,Wednesday,44,Weekday,10,,,,,,
29/10/2025,all,59,101,115,105,92,79,57,55,44,53,80,87,93,94,70,60,31,5,1280,8.98%,3,Wednesday,44,Weekday,10,,,,,,
29/10/2025,FCHBLRHAR01,4,11,14,10,8,7,3,1,3,3,8,7,11,12,4,5,5,0,116,12.07%,3,Wednesday,44,Weekday,10,,,,,,
29/10/2025,FCHBLRHOO01,0,5,0,3,2,3,0,2,0,2,1,2,2,0,2,0,0,0,24,20.83%,3,Wednesday,44,Weekday,10,,,,,,
29/10/2025,FCHBLRHSR01,1,9,9,6,16,3,2,7,6,7,7,11,8,8,7,11,2,0,120,13.33%,3,Wednesday,44,Weekday,10,,,,,,
29/10/2025,FCHBLRJPN01,9,10,8,7,8,8,3,6,2,2,11,4,6,6,5,5,1,0,101,10.89%,3,Wednesday,44,Weekday,10,,,,,,
29/10/2025,FCHBLRKOR01,2,8,7,14,6,4,4,3,3,4,5,4,7,3,6,4,4,1,89,15.73%,3,Wednesday,44,Weekday,10,,,,,,
29/10/2025,FCHBLRWHF01,7,12,21,15,11,6,10,6,6,3,9,11,13,11,8,9,6,1,165,12.73%,3,Wednesday,44,Weekday,10,,,,,,
29/10/2025,FCHBLRDOD01,1,5,13,5,10,5,6,7,1,3,4,8,2,7,8,5,2,1,93,13.98%,3,Wednesday,44,Weekday,10,,,,,,
29/10/2025,FCHBLRHSAF01,6,3,1,9,2,7,4,3,3,4,3,4,6,2,6,2,0,0,65,13.85%,3,Wednesday,44,Weekday,10,,,,,,
29/10/2025,FCHBLRSJR01,22,26,31,29,20,25,18,15,11,18,21,28,26,36,16,17,6,0,365,9.86%,3,Wednesday,44,Weekday,10,,,,,,
28/10/2025,all,51,124,142,127,102,51,63,61,46,49,69,83,103,75,81,38,28,8,1301,10.91%,2,Tuesday,44,Weekday,10,,,,,,
28/10/2025,FCHBLRHAR01,5,12,13,14,14,4,6,1,5,6,6,4,17,7,8,5,6,0,133,12.78%,2,Tuesday,44,Weekday,10,,,,,,
28/10/2025,FCHBLRHOO01,0,3,2,3,4,0,4,4,0,0,1,2,1,1,2,0,0,0,27,14.81%,2,Tuesday,44,Weekday,10,,,,,,
28/10/2025,FCHBLRHSR01,7,12,14,14,10,2,4,3,2,1,10,9,13,4,14,8,2,2,131,10.69%,2,Tuesday,44,Weekday,10,,,,,,
28/10/2025,FCHBLRJPN01,5,7,16,15,13,2,11,4,3,3,3,10,5,7,4,2,3,1,114,14.04%,2,Tuesday,44,Weekday,10,,,,,,
28/10/2025,FCHBLRKOR01,2,12,12,8,7,5,3,3,4,4,6,5,10,8,5,2,3,0,99,12.12%,2,Tuesday,44,Weekday,10,,,,,,
28/10/2025,FCHBLRWHF01,8,10,22,14,9,15,7,11,6,6,10,12,10,10,9,3,1,0,163,13.50%,2,Tuesday,44,Weekday,10,,,,,,
28/10/2025,FCHBLRDOD01,3,5,10,8,5,1,6,7,4,5,6,4,4,5,7,2,2,1,85,11.76%,2,Tuesday,44,Weekday,10,,,,,,
28/10/2025,FCHBLRVAR01,7,11,9,14,7,5,8,3,2,7,7,8,8,4,6,1,4,1,112,12.50%,2,Tuesday,44,Weekday,10,,,,,,
28/10/2025,FCHBLRHSAF01,0,2,9,6,9,2,2,6,1,3,1,6,4,4,4,2,1,0,62,14.52%,2,Tuesday,44,Weekday,10,,,,,,
28/10/2025,FCHBLRSJR01,14,50,35,31,24,15,12,19,19,14,19,23,31,25,22,13,6,3,375,13.33%,2,Tuesday,44,Weekday,10,,,,,,
27/10/2025,FCHBLRVAR01,5,10,12,14,12,7,6,11,1,8,14,8,11,5,5,3,4,1,137,10.22%,1,Monday,44,Weekday,10,,,,,,
27/10/2025,all,48,102,132,132,93,77,62,49,46,70,68,78,110,73,69,50,26,11,1296,10.19%,1,Monday,44,Weekday,10,,,,,,
27/10/2025,FCHBLRHAR01,2,13,8,10,9,4,3,3,3,6,4,7,8,10,4,5,5,3,107,12.15%,1,Monday,44,Weekday,10,,,,,,
27/10/2025,FCHBLRHOO01,0,0,7,5,2,3,2,4,0,2,0,3,4,0,3,1,0,0,36,19.44%,1,Monday,44,Weekday,10,,,,,,
27/10/2025,FCHBLRHSR01,2,11,9,12,13,13,4,3,1,8,9,6,18,11,7,6,3,2,138,13.04%,1,Monday,44,Weekday,10,,,,,,
27/10/2025,FCHBLRJPN01,4,8,15,13,11,6,7,4,2,10,3,9,9,6,10,4,4,1,126,11.90%,1,Monday,44,Weekday,10,,,,,,
27/10/2025,FCHBLRKOR01,5,8,10,15,8,8,4,1,6,3,4,9,8,5,5,6,1,2,108,13.89%,1,Monday,44,Weekday,10,,,,,,
27/10/2025,FCHBLRWHF01,8,14,12,16,15,10,7,6,7,8,14,10,9,12,10,5,5,0,168,9.52%,1,Monday,44,Weekday,10,,,,,,
27/10/2025,FCHBLRDOD01,2,6,10,11,4,6,3,5,5,5,5,8,7,6,5,2,1,1,92,11.96%,1,Monday,44,Weekday,10,,,,,,
27/10/2025,FCHBLRHSAF01,1,2,5,3,1,7,2,1,1,1,2,2,13,5,7,4,0,0,57,22.81%,1,Monday,44,Weekday,10,,,,,,
27/10/2025,FCHBLRSJR01,19,30,44,33,18,13,24,11,20,19,13,16,23,13,13,14,3,1,327,13.46%,1,Monday,44,Weekday,10,,,,,,
26/10/2025,FCHBLRVAR01,6,15,23,32,31,25,23,20,17,13,16,15,24,23,16,2,2,0,303,10.56%,7,Sunday,43,Weekend,10,,,,,,
26/10/2025,FCHBLRHSAF01,1,5,11,12,11,9,15,4,2,2,2,4,7,4,3,4,5,0,101,14.85%,7,Sunday,43,Weekend,10,,,,,,
26/10/2025,FCHBLRDOD01,2,11,8,23,15,6,5,5,6,6,6,9,11,5,5,4,6,1,134,17.16%,7,Sunday,43,Weekend,10,,,,,,
26/10/2025,FCHBLRHAR01,2,7,23,21,16,14,9,7,7,9,7,8,8,8,6,7,4,0,163,14.11%,7,Sunday,43,Weekend,10,,,,,,
26/10/2025,FCHBLRHOO01,1,1,2,3,1,2,7,4,6,3,2,5,4,3,3,0,0,0,47,14.89%,7,Sunday,43,Weekend,10,,,,,,
26/10/2025,FCHBLRHSR01,1,8,11,22,13,7,10,7,6,5,8,9,8,11,9,5,1,1,142,15.49%,7,Sunday,43,Weekend,10,,,,,,
26/10/2025,FCHBLRJPN01,0,3,16,21,19,17,4,4,10,5,3,5,11,7,5,2,3,1,136,15.44%,7,Sunday,43,Weekend,10,,,,,,
26/10/2025,all,22,89,164,230,186,133,119,86,79,71,81,95,121,105,85,43,31,7,1747,13.17%,7,Sunday,43,Weekend,10,,,,,,
26/10/2025,FCHBLRKOR01,2,6,10,12,13,9,9,5,2,5,4,3,7,5,3,3,4,1,103,12.62%,7,Sunday,43,Weekend,10,,,,,,
26/10/2025,FCHBLRWHF01,1,7,24,28,26,16,16,10,10,10,11,14,11,14,19,6,2,1,226,12.39%,7,Sunday,43,Weekend,10,,,,,,
26/10/2025,FCHBLRSJR01,6,26,36,56,41,28,21,20,13,13,22,23,30,25,16,10,4,2,392,14.29%,7,Sunday,43,Weekend,10,,,,,,
25/10/2025,FCHBLRVAR01,6,14,23,26,31,12,20,5,15,11,12,14,17,7,8,5,4,4,234,13.25%,6,Saturday,43,Weekend,10,,,,,,
25/10/2025,FCHBLRDOD01,9,29,30,19,24,9,8,4,14,5,13,12,8,6,4,3,0,0,197,15.23%,6,Saturday,43,Weekend,10,,,,,,
25/10/2025,FCHBLRHSAF01,1,3,10,12,10,4,15,5,3,4,6,6,10,5,4,7,4,2,111,13.51%,6,Saturday,43,Weekend,10,,,,,,
25/10/2025,FCHBLRSJR01,17,35,51,42,37,37,21,14,18,17,30,19,35,22,9,12,5,1,422,12.09%,6,Saturday,43,Weekend,10,,,,,,
25/10/2025,FCHBLRHAR01,9,7,19,18,11,12,5,7,6,5,3,5,9,7,4,3,3,0,133,14.29%,6,Saturday,43,Weekend,10,,,,,,
25/10/2025,FCHBLRHSR01,0,6,9,19,14,18,7,10,4,4,3,8,9,7,8,4,2,0,132,14.39%,6,Saturday,43,Weekend,10,,,,,,
25/10/2025,FCHBLRJPN01,3,8,14,17,9,8,6,11,4,4,3,5,5,3,6,2,2,0,110,15.45%,6,Saturday,43,Weekend,10,,,,,,
25/10/2025,all,52,124,189,200,157,129,105,76,80,56,82,91,121,70,53,44,23,7,1659,12.06%,6,Saturday,43,Weekend,10,,,,,,
25/10/2025,FCHBLRKOR01,2,5,11,20,8,6,7,4,4,0,4,6,8,6,3,3,1,0,98,20.41%,6,Saturday,43,Weekend,10,,,,,,
25/10/2025,FCHBLRWHF01,5,17,22,27,13,23,16,16,12,6,8,16,20,7,7,5,2,0,222,12.16%,6,Saturday,43,Weekend,10,,,,,,
24/10/2025,all,42,76,92,107,76,58,59,48,58,46,58,82,74,84,71,45,20,11,1107,9.67%,5,Friday,43,Weekday,10,,,,,,
24/10/2025,FCHBLRDOD01,0,2,7,1,1,1,1,1,1,1,1,2,2,2,2,0,0,0,25,28.00%,5,Friday,43,Weekday,10,,,,,,
24/10/2025,FCHBLRHAR01,6,10,9,10,5,7,7,8,7,3,5,6,7,9,9,4,2,2,116,8.62%,5,Friday,43,Weekday,10,,,,,,
24/10/2025,FCHBLRHOO01,0,0,0,0,0,0,0,0,0,0,0,3,0,0,0,0,0,0,3,100.00%,5,Friday,43,Weekday,10,,,,,,
24/10/2025,FCHBLRHSR01,2,6,11,14,8,3,7,5,1,6,8,7,10,7,10,9,2,0,116,12.07%,5,Friday,43,Weekday,10,,,,,,
24/10/2025,FCHBLRJPN01,3,12,10,15,4,7,4,2,3,4,5,7,6,8,5,1,0,2,98,15.31%,5,Friday,43,Weekday,10,,,,,,
24/10/2025,FCHBLRKOR01,7,8,7,13,9,4,6,2,8,4,5,13,12,8,6,5,3,1,121,10.74%,5,Friday,43,Weekday,10,,,,,,
24/10/2025,FCHBLRWHF01,5,10,11,12,15,9,7,7,7,5,5,8,13,15,11,5,4,3,152,9.87%,5,Friday,43,Weekday,10,,,,,,
24/10/2025,FCHBLRHSAF01,3,4,3,8,7,6,4,2,3,3,6,4,1,1,7,3,0,1,66,12.12%,5,Friday,43,Weekday,10,,,,,,
24/10/2025,FCHBLRVAR01,3,4,9,6,9,6,8,5,10,5,5,9,5,10,8,2,1,1,106,9.43%,5,Friday,43,Weekday,10,,,,,,
24/10/2025,FCHBLRSJR01,13,20,25,28,18,15,15,16,18,15,18,23,18,24,13,16,8,1,304,9.21%,5,Friday,43,Weekday,10,,,,,,
23/10/2025,all,44,68,94,98,76,68,50,38,35,41,37,71,77,66,61,41,23,8,996,9.84%,4,Thursday,43,Weekday,10,,,,,,
23/10/2025,FCHBLRDOD01,0,2,4,5,1,2,0,1,2,0,1,1,2,0,1,1,2,0,25,20.00%,4,Thursday,43,Weekday,10,,,,,,
23/10/2025,FCHBLRHAR01,8,9,11,10,9,2,6,3,5,9,5,4,5,8,4,2,2,1,103,10.68%,4,Thursday,43,Weekday,10,,,,,,
23/10/2025,FCHBLRHSR01,4,5,7,6,6,7,7,5,2,3,7,8,8,7,8,4,3,1,98,8.16%,4,Thursday,43,Weekday,10,,,,,,
23/10/2025,FCHBLRJPN01,2,8,13,11,8,12,5,3,2,7,3,5,9,9,5,6,1,2,111,11.71%,4,Thursday,43,Weekday,10,,,,,,
23/10/2025,FCHBLRKOR01,4,5,11,8,6,3,4,3,2,1,6,3,6,4,5,6,2,1,80,13.75%,4,Thursday,43,Weekday,10,,,,,,
23/10/2025,FCHBLRWHF01,7,9,9,16,14,10,5,8,8,3,4,15,9,14,6,5,1,0,143,11.19%,4,Thursday,43,Weekday,10,,,,,,
23/10/2025,FCHBLRVAR01,1,3,8,12,4,7,10,1,1,3,2,15,9,2,8,1,3,1,91,16.48%,4,Thursday,43,Weekday,10,,,,,,
23/10/2025,FCHBLRHSAF01,1,3,6,2,3,5,2,0,2,1,2,5,5,2,5,4,2,1,51,11.76%,4,Thursday,43,Weekday,10,,,,,,
23/10/2025,FCHBLRSJR01,17,24,25,28,25,20,11,14,11,14,7,15,24,20,19,12,7,1,294,9.52%,4,Thursday,43,Weekday,10,,,,,,
22/10/2025,FCHBLRHSAF01,0,0,10,9,7,12,3,2,3,4,2,5,3,1,5,2,1,0,69,17.39%,3,Wednesday,43,Weekday,10,,,,,,
22/10/2025,all,20,63,108,119,102,70,68,53,40,50,55,78,63,54,46,32,17,9,1047,11.37%,3,Wednesday,43,Weekday,10,,,,,,
22/10/2025,FCHBLRDOD01,0,0,0,0,0,0,0,0,0,0,0,0,2,0,0,0,0,0,2,100.00%,3,Wednesday,43,Weekday,10,,,,,,
22/10/2025,FCHBLRHAR01,0,7,10,15,10,6,5,5,2,5,6,8,3,3,7,4,2,0,98,15.31%,3,Wednesday,43,Weekday,10,,,,,,
22/10/2025,FCHBLRHSR01,2,8,7,9,13,8,6,8,6,4,3,4,9,2,8,3,2,0,102,12.75%,3,Wednesday,43,Weekday,10,,,,,,
22/10/2025,FCHBLRJPN01,2,5,12,11,9,6,6,6,5,4,6,8,4,7,6,2,2,2,103,11.65%,3,Wednesday,43,Weekday,10,,,,,,
22/10/2025,FCHBLRKOR01,1,5,10,14,4,7,7,1,3,10,4,3,7,7,2,1,2,1,89,15.73%,3,Wednesday,43,Weekday,10,,,,,,
22/10/2025,FCHBLRWHF01,4,17,17,19,16,7,8,10,9,7,9,8,9,7,2,3,6,0,158,12.03%,3,Wednesday,43,Weekday,10,,,,,,
22/10/2025,FCHBLRVAR01,2,5,10,13,9,5,6,1,1,1,2,10,5,5,1,1,1,5,83,15.66%,3,Wednesday,43,Weekday,10,,,,,,
22/10/2025,FCHBLRSJR01,9,16,32,29,34,19,27,20,11,15,23,32,21,22,15,16,1,1,343,9.91%,3,Wednesday,43,Weekday,10,,,,,,
21/10/2025,all,18,41,84,83,92,93,76,47,34,40,34,63,73,50,38,21,13,4,904,10.29%,2,Tuesday,43,Weekday,10,,,,,,
21/10/2025,FCHBLRHAR01,1,4,4,7,11,9,7,5,3,5,1,4,7,5,2,4,1,0,80,13.75%,2,Tuesday,43,Weekday,10,,,,,,
21/10/2025,FCHBLRHSR01,4,3,8,4,11,15,9,7,2,2,3,4,9,3,6,0,2,0,92,16.30%,2,Tuesday,43,Weekday,10,,,,,,
21/10/2025,FCHBLRJPN01,1,6,10,12,7,7,8,4,0,2,0,6,5,8,4,4,1,0,85,14.12%,2,Tuesday,43,Weekday,10,,,,,,
21/10/2025,FCHBLRKOR01,3,1,8,9,10,6,5,1,2,4,1,4,7,1,6,2,0,1,71,14.08%,2,Tuesday,43,Weekday,10,,,,,,
21/10/2025,FCHBLRWHF01,3,10,9,14,15,19,14,10,8,8,4,11,22,13,4,2,1,0,167,13.17%,2,Tuesday,43,Weekday,10,,,,,,
21/10/2025,FCHBLRHSAF01,0,0,8,7,8,3,6,2,2,3,3,4,4,3,3,2,0,1,59,13.56%,2,Tuesday,43,Weekday,10,,,,,,
21/10/2025,FCHBLRVAR01,0,1,7,10,4,10,4,3,2,8,3,5,5,5,2,2,6,0,77,12.99%,2,Tuesday,43,Weekday,10,,,,,,
21/10/2025,FCHBLRSJR01,6,16,30,20,26,24,23,15,15,8,19,25,14,12,11,5,2,2,273,10.99%,2,Tuesday,43,Weekday,10,,,,,,
20/10/2025,FCHBLRHSAF01,0,3,12,9,7,1,6,4,6,4,10,6,7,1,2,0,0,0,78,15.38%,1,Monday,43,Weekday,10,,,,,,
20/10/2025,FCHBLRVAR01,5,9,13,19,18,6,7,8,6,5,4,5,4,0,0,2,0,1,112,16.96%,1,Monday,43,Weekday,10,,,,,,
20/10/2025,all,35,84,133,160,129,85,84,65,51,64,79,58,61,20,22,13,6,9,1158,13.82%,1,Monday,43,Weekday,10,,,,,,
20/10/2025,FCHBLRHAR01,5,11,18,19,12,5,11,8,6,8,2,8,6,2,2,0,2,1,126,15.08%,1,Monday,43,Weekday,10,,,,,,
20/10/2025,FCHBLRHSR01,1,7,14,13,12,8,2,9,2,5,7,3,4,1,2,3,0,1,94,14.89%,1,Monday,43,Weekday,10,,,,,,
20/10/2025,FCHBLRJPN01,3,6,12,13,11,5,7,2,3,3,5,3,5,2,1,1,0,0,82,15.85%,1,Monday,43,Weekday,10,,,,,,
20/10/2025,FCHBLRKOR01,2,4,11,13,8,8,7,4,7,3,10,3,8,1,2,1,0,0,92,14.13%,1,Monday,43,Weekday,10,,,,,,
20/10/2025,FCHBLRWHF01,6,17,19,23,19,20,18,11,9,13,15,10,12,9,6,4,0,3,214,10.75%,1,Monday,43,Weekday,10,,,,,,
20/10/2025,FCHBLRSJR01,13,27,34,51,42,32,26,19,12,23,26,20,15,4,7,2,4,3,360,14.17%,1,Monday,43,Weekday,10,,,,,,
19/10/2025,FCHBLRVAR01,3,10,11,22,21,7,5,4,7,4,5,9,8,7,11,4,0,1,139,15.83%,7,Sunday,42,Weekend,10,,,,,,
19/10/2025,FCHBLRHSAF01,1,6,5,15,10,11,6,9,8,5,2,5,3,5,5,3,1,1,101,14.85%,7,Sunday,42,Weekend,10,,,,,,
19/10/2025,FCHBLRHAR01,1,6,13,26,13,12,13,6,8,7,8,6,3,3,7,2,1,1,136,19.12%,7,Sunday,42,Weekend,10,,,,,,
19/10/2025,FCHBLRHSR01,0,6,10,8,8,10,10,7,11,4,10,4,7,5,4,5,2,2,113,9.73%,7,Sunday,42,Weekend,10,,,,,,
19/10/2025,FCHBLRJPN01,4,12,17,11,6,14,2,4,4,4,3,11,7,6,5,6,0,3,119,14.29%,7,Sunday,42,Weekend,10,,,,,,
19/10/2025,all,20,62,120,155,120,107,81,59,77,47,60,74,73,60,64,35,13,15,1242,12.48%,7,Sunday,42,Weekend,10,,,,,,
19/10/2025,FCHBLRKOR01,1,3,6,2,10,9,7,4,4,3,1,9,3,7,4,0,2,2,77,12.99%,7,Sunday,42,Weekend,10,,,,,,
19/10/2025,FCHBLRWHF01,4,5,16,24,12,16,16,8,7,7,9,11,20,6,10,8,2,4,185,12.97%,7,Sunday,42,Weekend,10,,,,,,
19/10/2025,FCHBLRSJR01,6,14,42,47,40,28,22,17,28,13,22,19,22,21,18,7,5,1,372,12.63%,7,Sunday,42,Weekend,10,,,,,,
18/10/2025,FCHBLRVAR01,5,7,22,17,27,15,16,5,14,9,6,8,9,9,6,2,5,0,182,14.84%,6,Saturday,42,Weekend,10,,,,,,
18/10/2025,FCHBLRHSAF01,9,8,17,16,22,11,8,5,1,3,9,2,1,0,2,3,1,0,118,18.64%,6,Saturday,42,Weekend,10,,,,,,
18/10/2025,FCHBLRSJR01,9,27,54,40,42,40,23,30,21,27,23,17,25,15,17,3,5,2,420,12.86%,6,Saturday,42,Weekend,10,,,,,,
18/10/2025,FCHBLRHAR01,3,7,15,12,12,9,8,7,5,4,5,6,5,7,6,3,0,3,117,12.82%,6,Saturday,42,Weekend,10,,,,,,
18/10/2025,FCHBLRHSR01,0,8,14,10,18,6,3,4,4,8,6,8,6,9,1,1,3,1,110,16.36%,6,Saturday,42,Weekend,10,,,,,,
18/10/2025,FCHBLRJPN01,4,11,27,12,11,11,9,5,6,6,4,11,12,5,2,7,0,0,143,18.88%,6,Saturday,42,Weekend,10,,,,,,
18/10/2025,FCHBLRKOR01,2,7,3,10,7,8,6,2,0,7,7,9,6,6,4,6,3,0,93,10.75%,6,Saturday,42,Weekend,10,,,,,,
18/10/2025,all,39,83,171,152,157,114,88,72,60,72,66,71,70,63,43,29,17,6,1373,12.45%,6,Saturday,42,Weekend,10,,,,,,
18/10/2025,FCHBLRWHF01,7,8,19,35,18,14,15,14,9,8,6,10,6,12,5,4,0,0,190,18.42%,6,Saturday,42,Weekend,10,,,,,,
17/10/2025,all,32,72,105,89,73,57,38,46,25,53,56,54,59,61,35,32,21,13,921,11.40%,5,Friday,42,Weekday,10,,,,,,
17/10/2025,FCHBLRHAR01,6,8,6,7,5,6,0,2,3,6,3,2,2,5,5,1,2,0,69,11.59%,5,Friday,42,Weekday,10,,,,,,
17/10/2025,FCHBLRHSR01,2,7,11,13,5,10,5,2,2,7,9,4,4,12,4,8,2,2,109,11.93%,5,Friday,42,Weekday,10,,,,,,
17/10/2025,FCHBLRJPN01,2,10,19,9,5,4,3,4,1,3,4,3,5,2,5,3,2,2,86,22.09%,5,Friday,42,Weekday,10,,,,,,
17/10/2025,FCHBLRKOR01,4,3,6,7,10,8,5,6,1,7,4,10,4,6,4,5,4,3,97,10.31%,5,Friday,42,Weekday,10,,,,,,
17/10/2025,FCHBLRWHF01,7,12,18,16,18,10,10,7,3,7,10,10,9,8,7,3,7,1,163,11.04%,5,Friday,42,Weekday,10,,,,,,
17/10/2025,FCHBLRVAR01,3,4,11,7,7,2,3,4,6,5,10,7,7,5,3,5,1,0,90,12.22%,5,Friday,42,Weekday,10,,,,,,
17/10/2025,FCHBLRHSAF01,1,2,2,3,3,0,3,3,2,3,1,2,7,5,1,0,0,1,39,17.95%,5,Friday,42,Weekday,10,,,,,,
17/10/2025,FCHBLRSJR01,7,26,32,27,20,17,9,18,7,15,15,16,21,18,6,7,3,4,268,11.94%,5,Friday,42,Weekday,10,,,,,,
16/10/2025,all,32,79,105,87,84,58,54,30,28,45,49,45,69,44,42,39,26,11,927,11.33%,4,Thursday,42,Weekday,10,,,,,,
16/10/2025,FCHBLRHAR01,4,9,10,6,8,4,2,0,3,5,4,2,4,8,4,7,3,2,85,11.76%,4,Thursday,42,Weekday,10,,,,,,
16/10/2025,FCHBLRHSR01,1,15,10,11,9,13,6,2,3,8,7,6,11,4,7,0,5,3,121,12.40%,4,Thursday,42,Weekday,10,,,,,,
16/10/2025,FCHBLRJPN01,1,4,10,8,6,5,4,3,0,7,4,2,6,3,9,2,1,0,75,13.33%,4,Thursday,42,Weekday,10,,,,,,
16/10/2025,FCHBLRKOR01,5,4,10,2,10,4,3,2,1,5,4,6,3,2,3,4,7,1,76,13.16%,4,Thursday,42,Weekday,10,,,,,,
16/10/2025,FCHBLRWHF01,7,12,19,16,12,12,8,6,5,5,9,4,14,9,7,8,1,0,154,12.34%,4,Thursday,42,Weekday,10,,,,,,
16/10/2025,FCHBLRHSAF01,2,1,6,7,4,1,2,4,2,3,2,2,4,3,4,1,1,0,49,14.29%,4,Thursday,42,Weekday,10,,,,,,
16/10/2025,FCHBLRVAR01,2,5,6,4,2,3,3,2,6,3,2,2,6,5,3,1,3,0,58,10.34%,4,Thursday,42,Weekday,10,,,,,,
16/10/2025,FCHBLRSJR01,10,29,34,33,33,16,26,11,8,9,17,21,21,10,5,16,5,5,309,11.00%,4,Thursday,42,Weekday,10,,,,,,
15/10/2025,all,56,83,100,91,77,45,53,37,41,44,65,61,46,66,45,35,19,7,971,10.30%,3,Wednesday,42,Weekday,10,,,,,,
15/10/2025,FCHBLRHAR01,6,7,7,6,7,5,1,2,5,4,6,3,6,6,6,7,1,2,87,8.05%,3,Wednesday,42,Weekday,10,,,,,,
15/10/2025,FCHBLRHSR01,6,13,9,6,14,8,6,2,7,4,6,9,10,8,3,4,3,1,119,11.76%,3,Wednesday,42,Weekday,10,,,,,,
15/10/2025,FCHBLRJPN01,3,10,14,7,7,3,4,0,5,6,2,7,3,6,2,3,1,0,83,16.87%,3,Wednesday,42,Weekday,10,,,,,,
15/10/2025,FCHBLRKOR01,5,8,13,5,3,4,6,4,2,2,2,3,6,9,4,2,1,0,79,16.46%,3,Wednesday,42,Weekday,10,,,,,,
15/10/2025,FCHBLRWHF01,14,17,14,21,6,5,6,10,5,10,6,15,6,13,7,6,1,0,162,12.96%,3,Wednesday,42,Weekday,10,,,,,,
15/10/2025,FCHBLRVAR01,3,5,5,11,10,2,4,3,1,1,4,5,2,3,3,1,3,1,67,16.42%,3,Wednesday,42,Weekday,10,,,,,,
15/10/2025,FCHBLRHSAF01,3,3,5,3,3,2,1,1,1,2,2,2,2,3,5,0,1,1,40,12.50%,3,Wednesday,42,Weekday,10,,,,,,
15/10/2025,FCHBLRSJR01,16,20,33,32,27,16,25,15,15,15,37,17,11,18,15,12,8,2,334,11.08%,3,Wednesday,42,Weekday,10,,,,,,
14/10/2025,FCHBLRHSAF01,3,4,5,12,5,5,2,3,2,4,1,3,7,2,3,0,0,0,61,19.67%,2,Tuesday,42,Weekday,10,,,,,,
14/10/2025,FCHBLRVAR01,7,5,11,6,4,0,2,7,7,0,5,6,8,7,2,5,2,1,85,12.94%,2,Tuesday,42,Weekday,10,,,,,,
14/10/2025,all,50,95,108,100,79,41,40,40,51,53,59,72,69,66,62,45,27,7,1064,10.15%,2,Tuesday,42,Weekday,10,,,,,,
14/10/2025,FCHBLRHAR01,2,7,5,8,9,5,3,2,2,5,3,5,8,5,7,11,2,2,91,12.09%,2,Tuesday,42,Weekday,10,,,,,,
14/10/2025,FCHBLRHSR01,5,10,5,10,12,7,3,5,8,12,7,5,10,8,8,9,3,1,128,9.38%,2,Tuesday,42,Weekday,10,,,,,,
14/10/2025,FCHBLRJPN01,6,8,13,3,9,5,3,5,4,8,4,3,3,4,9,4,2,0,93,13.98%,2,Tuesday,42,Weekday,10,,,,,,
14/10/2025,FCHBLRKOR01,7,10,16,11,7,2,3,3,3,3,4,6,9,7,3,3,2,0,99,16.16%,2,Tuesday,42,Weekday,10,,,,,,
14/10/2025,FCHBLRWHF01,6,21,12,17,9,9,7,5,3,10,14,25,9,10,8,6,7,1,179,13.97%,2,Tuesday,42,Weekday,10,,,,,,
14/10/2025,FCHBLRSJR01,14,30,41,33,24,8,17,10,22,11,21,19,15,23,22,7,9,2,328,12.50%,2,Tuesday,42,Weekday,10,,,,,,
13/10/2025,FCHBLRVAR01,4,2,14,9,8,7,10,4,9,7,4,11,8,8,6,6,6,0,123,11.38%,1,Monday,42,Weekday,10,,,,,,
13/10/2025,FCHBLRHSAF01,1,4,7,8,2,2,6,6,3,4,1,2,7,9,2,1,1,2,68,13.24%,1,Monday,42,Weekday,10,,,,,,
13/10/2025,all,50,92,115,116,89,77,54,47,46,55,56,76,84,84,67,43,24,11,1186,9.78%,1,Monday,42,Weekday,10,,,,,,
13/10/2025,FCHBLRHAR01,2,7,8,9,6,8,4,3,3,4,3,7,8,6,8,4,1,0,91,9.89%,1,Monday,42,Weekday,10,,,,,,
13/10/2025,FCHBLRHSR01,4,13,10,15,8,10,5,5,1,5,5,8,14,8,13,7,4,0,135,11.11%,1,Monday,42,Weekday,10,,,,,,
13/10/2025,FCHBLRJPN01,8,12,9,7,12,6,5,6,8,3,5,12,7,7,7,2,1,0,117,10.26%,1,Monday,42,Weekday,10,,,,,,
13/10/2025,FCHBLRKOR01,4,6,10,13,15,3,3,3,1,6,5,4,6,6,8,5,2,5,105,14.29%,1,Monday,42,Weekday,10,,,,,,
13/10/2025,FCHBLRWHF01,7,14,18,22,17,16,8,5,4,10,9,9,12,16,5,8,4,1,185,11.89%,1,Monday,42,Weekday,10,,,,,,
13/10/2025,FCHBLRSJR01,20,34,39,33,21,25,13,15,17,16,24,23,22,24,18,10,5,3,362,10.77%,1,Monday,42,Weekday,10,,,,,,
12/10/2025,FCHBLRVAR01,5,4,15,34,24,27,27,16,15,9,12,12,14,17,23,7,2,2,265,12.83%,7,Sunday,41,Weekend,10,,,,,,
12/10/2025,FCHBLRHSAF01,3,2,5,14,12,17,8,7,7,2,10,9,7,4,6,3,2,1,119,14.29%,7,Sunday,41,Weekend,10,,,,,,
12/10/2025,FCHBLRSJR01,6,13,41,48,34,37,29,25,20,16,20,31,18,10,20,12,9,7,396,12.12%,7,Sunday,41,Weekend,10,,,,,,
12/10/2025,FCHBLRHAR01,2,1,10,26,16,8,7,5,4,7,11,10,5,10,8,2,5,0,137,18.98%,7,Sunday,41,Weekend,10,,,,,,
12/10/2025,FCHBLRHSR01,3,3,8,15,23,17,8,15,7,3,7,11,14,3,10,11,3,3,164,14.02%,7,Sunday,41,Weekend,10,,,,,,
12/10/2025,FCHBLRJPN01,3,6,13,23,14,14,17,11,6,6,6,9,12,7,5,3,1,0,156,14.74%,7,Sunday,41,Weekend,10,,,,,,
12/10/2025,FCHBLRKOR01,1,4,11,14,3,11,6,9,5,9,5,7,8,9,7,6,0,1,116,12.07%,7,Sunday,41,Weekend,10,,,,,,
12/10/2025,all,31,39,121,199,139,142,117,102,73,56,83,97,87,76,89,53,24,14,1542,12.91%,7,Sunday,41,Weekend,10,,,,,,
12/10/2025,FCHBLRWHF01,8,6,18,25,13,11,15,14,9,4,12,8,9,16,10,9,2,0,189,13.23%,7,Sunday,41,Weekend,10,,,,,,
11/10/2025,FCHBLRVAR01,8,14,33,29,25,68,30,21,25,11,17,18,13,17,10,5,5,11,360,18.89%,6,Saturday,41,Weekend,10,,,,,,
11/10/2025,FCHBLRHSAF01,2,9,18,20,23,16,15,5,11,11,10,7,14,12,15,5,0,3,196,11.73%,6,Saturday,41,Weekend,10,,,,,,
11/10/2025,FCHBLRSJR01,6,23,35,48,39,34,25,29,33,19,28,18,18,27,9,13,10,1,415,11.57%,6,Saturday,41,Weekend,10,,,,,,
11/10/2025,FCHBLRHAR01,4,6,13,18,12,13,6,5,5,8,8,11,5,10,3,2,1,2,132,13.64%,6,Saturday,41,Weekend,10,,,,,,
11/10/2025,FCHBLRHSR01,0,6,7,7,16,12,11,5,5,9,19,13,10,11,5,3,2,5,146,13.01%,6,Saturday,41,Weekend,10,,,,,,
11/10/2025,FCHBLRJPN01,8,14,17,22,15,19,7,10,6,9,9,6,7,12,5,5,0,0,171,12.87%,6,Saturday,41,Weekend,10,,,,,,
11/10/2025,FCHBLRKOR01,1,10,11,11,14,13,6,9,7,4,6,8,9,4,6,4,3,1,127,11.02%,6,Saturday,41,Weekend,10,,,,,,
11/10/2025,all,32,98,154,172,168,191,112,95,101,80,101,88,84,99,58,42,23,23,1721,11.10%,6,Saturday,41,Weekend,10,,,,,,
11/10/2025,FCHBLRWHF01,3,16,20,17,24,16,12,11,9,9,4,7,8,6,5,5,2,0,174,13.79%,6,Saturday,41,Weekend,10,,,,,,
10/10/2025,all,31,70,77,93,79,65,41,51,42,43,47,63,51,58,34,22,11,13,891,10.44%,5,Friday,41,Weekday,10,,,,,,
10/10/2025,FCHBLRHAR01,1,8,11,15,4,5,2,4,2,5,4,6,3,3,4,2,1,2,82,18.29%,5,Friday,41,Weekday,10,,,,,,
10/10/2025,FCHBLRHSR01,4,12,8,16,13,10,6,7,4,6,5,6,5,4,3,2,2,3,116,13.79%,5,Friday,41,Weekday,10,,,,,,
10/10/2025,FCHBLRJPN01,1,11,4,10,5,7,1,7,4,3,6,5,4,4,4,2,1,3,82,13.41%,5,Friday,41,Weekday,10,,,,,,
10/10/2025,FCHBLRKOR01,2,9,10,7,9,5,5,5,1,4,6,6,10,6,5,2,2,0,94,10.64%,5,Friday,41,Weekday,10,,,,,,
10/10/2025,FCHBLRVAR01,0,0,0,0,0,0,0,0,0,0,0,0,0,6,2,0,0,0,8,75.00%,5,Friday,41,Weekday,10,,,,,,
10/10/2025,FCHBLRWHF01,9,7,19,15,12,11,9,9,8,10,8,11,10,14,1,6,0,1,160,11.88%,5,Friday,41,Weekday,10,,,,,,
10/10/2025,FCHBLRHSAF01,0,2,1,4,2,2,0,3,0,2,1,1,1,1,0,0,0,0,20,20.00%,5,Friday,41,Weekday,10,,,,,,
10/10/2025,FCHBLRSJR01,14,21,24,26,34,25,18,16,23,13,17,28,18,20,15,8,5,4,329,10.33%,5,Friday,41,Weekday,10,,,,,,
09/10/2025,all,56,78,102,87,63,51,49,33,26,47,53,66,47,55,43,40,17,5,918,11.11%,4,Thursday,41,Weekday,10,,,,,,
09/10/2025,FCHBLRHAR01,7,7,14,10,10,5,10,3,5,4,5,9,4,3,5,5,1,1,108,12.96%,4,Thursday,41,Weekday,10,,,,,,
09/10/2025,FCHBLRHSR01,3,5,9,9,10,4,4,4,3,6,4,11,5,10,7,11,3,2,110,10.00%,4,Thursday,41,Weekday,10,,,,,,
09/10/2025,FCHBLRJPN01,6,11,12,8,3,3,2,4,4,2,0,7,8,5,3,5,2,1,86,13.95%,4,Thursday,41,Weekday,10,,,,,,
09/10/2025,FCHBLRKOR01,5,4,10,11,9,6,4,1,1,6,5,3,2,3,7,0,3,1,81,13.58%,4,Thursday,41,Weekday,10,,,,,,
09/10/2025,FCHBLRWHF01,9,15,16,16,10,11,6,6,5,9,11,13,15,10,3,5,4,0,164,9.76%,4,Thursday,41,Weekday,10,,,,,,
09/10/2025,FCHBLRHSAF01,2,5,3,1,0,2,3,2,1,1,1,2,1,0,2,0,1,0,27,18.52%,4,Thursday,41,Weekday,10,,,,,,
09/10/2025,FCHBLRSJR01,24,31,38,32,21,20,20,13,7,19,27,21,12,24,16,14,3,0,342,11.11%,4,Thursday,41,Weekday,10,,,,,,
08/10/2025,all,36,74,84,91,61,46,47,41,46,39,66,69,81,61,68,34,22,4,970,9.38%,3,Wednesday,41,Weekday,10,,,,,,
08/10/2025,FCHBLRHAR01,2,9,13,10,2,6,4,1,4,0,7,7,6,9,11,5,4,1,101,12.87%,3,Wednesday,41,Weekday,10,,,,,,
08/10/2025,FCHBLRHSR01,6,7,10,9,9,2,5,6,5,3,8,8,13,8,10,6,8,0,123,10.57%,3,Wednesday,41,Weekday,10,,,,,,
08/10/2025,FCHBLRJPN01,4,9,6,11,11,6,4,7,4,2,8,6,5,9,3,5,1,0,101,10.89%,3,Wednesday,41,Weekday,10,,,,,,
08/10/2025,FCHBLRKOR01,3,10,8,13,9,6,2,1,3,4,4,3,6,5,4,0,1,0,82,15.85%,3,Wednesday,41,Weekday,10,,,,,,
08/10/2025,FCHBLRWHF01,5,9,14,14,10,6,6,8,12,9,11,16,11,11,10,4,1,1,158,10.13%,3,Wednesday,41,Weekday,10,,,,,,
08/10/2025,FCHBLRHSAF01,1,4,2,1,5,3,0,1,1,0,0,0,6,0,2,2,0,0,28,21.43%,3,Wednesday,41,Weekday,10,,,,,,
08/10/2025,FCHBLRSJR01,15,26,31,33,15,17,26,17,17,21,28,29,34,19,28,12,7,2,377,9.02%,3,Wednesday,41,Weekday,10,,,,,,
07/10/2025,FCHBLRHSAF01,1,1,1,2,6,5,1,0,1,0,3,3,3,8,2,2,0,0,39,20.51%,2,Tuesday,41,Weekday,10,,,,,,
07/10/2025,all,47,80,122,105,66,45,30,26,35,36,62,73,70,66,53,33,20,9,978,12.47%,2,Tuesday,41,Weekday,10,,,,,,
07/10/2025,FCHBLRHAR01,2,8,15,11,8,1,6,4,8,3,7,6,7,8,6,6,3,2,111,13.51%,2,Tuesday,41,Weekday,10,,,,,,
07/10/2025,FCHBLRHSR01,6,11,13,11,7,5,4,3,5,8,4,7,7,11,10,4,2,1,119,10.92%,2,Tuesday,41,Weekday,10,,,,,,
07/10/2025,FCHBLRJPN01,4,6,21,11,6,2,5,2,1,5,10,4,7,5,6,3,4,0,102,20.59%,2,Tuesday,41,Weekday,10,,,,,,
07/10/2025,FCHBLRKOR01,9,6,13,18,5,5,2,3,3,1,6,8,4,5,4,4,2,0,98,18.37%,2,Tuesday,41,Weekday,10,,,,,,
07/10/2025,FCHBLRWHF01,7,16,15,14,11,8,6,4,7,4,10,13,18,8,8,3,2,1,155,11.61%,2,Tuesday,41,Weekday,10,,,,,,
07/10/2025,FCHBLRSJR01,18,32,44,38,23,19,6,10,10,15,22,32,24,21,17,11,7,5,354,12.43%,2,Tuesday,41,Weekday,10,,,,,,
06/10/2025,FCHBLRHSAF01,2,0,5,2,2,5,1,1,1,0,4,1,1,3,4,2,0,1,35,14.29%,1,Monday,41,Weekday,10,,,,,,
06/10/2025,all,39,66,126,95,69,45,49,29,31,41,69,69,79,72,55,56,35,6,1031,12.22%,1,Monday,41,Weekday,10,,,,,,
06/10/2025,FCHBLRHAR01,6,8,15,8,5,4,7,3,3,6,6,8,9,6,9,10,5,0,118,12.71%,1,Monday,41,Weekday,10,,,,,,
06/10/2025,FCHBLRHSR01,5,7,9,7,10,8,6,1,4,6,3,11,15,10,9,8,4,0,123,12.20%,1,Monday,41,Weekday,10,,,,,,
06/10/2025,FCHBLRJPN01,2,8,13,10,9,3,7,3,3,3,4,4,6,5,2,6,2,0,90,14.44%,1,Monday,41,Weekday,10,,,,,,
06/10/2025,FCHBLRKOR01,5,6,11,14,5,2,4,4,4,4,7,2,9,4,4,5,6,0,96,14.58%,1,Monday,41,Weekday,10,,,,,,
06/10/2025,FCHBLRWHF01,8,13,23,20,17,8,9,5,3,9,19,12,13,10,7,7,8,0,191,12.04%,1,Monday,41,Weekday,10,,,,,,
06/10/2025,FCHBLRSJR01,11,24,50,34,21,15,15,12,13,13,26,31,26,34,20,18,10,5,378,13.23%,1,Monday,41,Weekday,10,,,,,,
05/10/2025,FCHBLRSJR01,8,31,34,45,53,31,29,29,27,13,19,29,28,19,16,11,5,5,432,12.27%,7,Sunday,40,Weekend,10,,,,,,
05/10/2025,FCHBLRHSAF01,5,2,3,11,7,5,3,5,3,2,1,0,2,7,3,2,1,2,64,17.19%,7,Sunday,40,Weekend,10,,,,,,
05/10/2025,FCHBLRHAR01,2,3,19,8,17,8,7,3,6,7,14,17,13,17,10,5,4,2,162,11.73%,7,Sunday,40,Weekend,10,,,,,,
05/10/2025,FCHBLRHSR01,3,3,6,12,20,11,8,9,4,6,4,9,9,8,9,5,2,1,129,15.50%,7,Sunday,40,Weekend,10,,,,,,
05/10/2025,FCHBLRJPN01,0,6,8,9,10,11,7,6,3,7,5,4,12,9,9,6,1,0,113,10.62%,7,Sunday,40,Weekend,10,,,,,,
05/10/2025,FCHBLRKOR01,0,2,4,6,11,13,15,6,6,7,3,7,7,9,6,7,1,0,110,13.64%,7,Sunday,40,Weekend,10,,,,,,
05/10/2025,all,21,59,91,116,134,97,88,68,56,47,55,83,82,80,59,41,16,11,1204,11.13%,7,Sunday,40,Weekend,10,,,,,,
05/10/2025,FCHBLRWHF01,3,12,17,25,16,18,19,10,7,5,9,17,11,11,6,5,2,1,194,12.89%,7,Sunday,40,Weekend,10,,,,,,
04/10/2025,FCHBLRHSAF01,4,5,9,13,12,10,9,6,8,2,3,2,0,5,3,0,0,2,93,13.98%,6,Saturday,40,Weekend,10,,,,,,
04/10/2025,FCHBLRHAR01,1,7,14,21,18,10,15,11,6,9,7,15,5,11,2,0,0,3,155,13.55%,6,Saturday,40,Weekend,10,,,,,,
04/10/2025,FCHBLRHSR01,3,6,12,7,9,11,4,5,4,8,6,7,8,5,6,0,3,1,105,11.43%,6,Saturday,40,Weekend,10,,,,,,
04/10/2025,FCHBLRJPN01,1,15,12,13,10,10,10,4,7,0,4,5,7,4,2,0,0,0,104,14.42%,6,Saturday,40,Weekend,10,,,,,,
04/10/2025,FCHBLRKOR01,2,10,9,10,13,10,4,5,5,3,3,6,6,6,5,0,0,0,97,13.40%,6,Saturday,40,Weekend,10,,,,,,
04/10/2025,all,19,77,115,133,119,91,79,59,52,47,52,69,58,52,33,0,17,10,1082,12.29%,6,Saturday,40,Weekend,10,,,,,,
04/10/2025,FCHBLRWHF01,3,11,22,25,15,15,16,11,3,6,9,10,10,9,5,0,1,1,172,14.53%,6,Saturday,40,Weekend,10,,,,,,
04/10/2025,FCHBLRSJR01,5,23,37,44,42,25,21,17,19,19,20,24,22,12,10,0,13,3,356,12.36%,6,Saturday,40,Weekend,10,,,,,,
03/10/2025,all,17,41,62,81,65,60,39,25,28,36,34,48,37,39,26,29,14,8,689,11.76%,5,Friday,40,Weekday,10,,,,,,
03/10/2025,FCHBLRHAR01,1,5,5,12,7,6,3,3,1,2,3,4,4,3,4,3,0,2,68,17.65%,5,Friday,40,Weekday,10,,,,,,
03/10/2025,FCHBLRHSAF01,0,0,0,0,0,0,0,0,0,0,0,0,0,0,2,0,0,0,2,100.00%,5,Friday,40,Weekday,10,,,,,,
03/10/2025,FCHBLRHSR01,2,7,8,10,10,2,4,2,3,4,8,7,5,7,3,5,3,1,91,10.99%,5,Friday,40,Weekday,10,,,,,,
03/10/2025,FCHBLRJPN01,1,2,8,4,9,5,7,1,4,6,3,4,2,2,3,2,2,1,66,13.64%,5,Friday,40,Weekday,10,,,,,,
03/10/2025,FCHBLRKOR01,1,2,10,12,6,7,2,1,0,3,2,5,5,3,3,7,2,0,71,16.90%,5,Friday,40,Weekday,10,,,,,,
03/10/2025,FCHBLRWHF01,5,8,6,13,12,15,5,8,8,5,5,7,4,6,1,0,3,1,112,13.39%,5,Friday,40,Weekday,10,,,,,,
03/10/2025,FCHBLRSJR01,7,17,25,30,21,25,18,10,12,16,13,21,17,18,10,12,4,3,279,10.75%,5,Friday,40,Weekday,10,,,,,,
02/10/2025,FCHBLRSJR01,8,23,40,31,31,38,28,31,25,17,19,25,25,22,14,15,18,9,419,9.55%,4,Thursday,40,Weekday,10,,,,,,
02/10/2025,all,18,57,110,95,94,89,76,74,55,45,47,51,59,53,31,26,31,16,1027,10.71%,4,Thursday,40,Weekday,10,,,,,,
02/10/2025,FCHBLRHAR01,1,7,15,17,8,10,9,12,6,5,3,4,6,3,4,5,1,1,117,14.53%,4,Thursday,40,Weekday,10,,,,,,
02/10/2025,FCHBLRHSR01,3,6,18,13,12,6,11,5,10,5,4,7,5,5,3,3,4,3,123,14.63%,4,Thursday,40,Weekday,10,,,,,,
02/10/2025,FCHBLRJPN01,3,9,14,14,10,8,5,9,3,4,6,3,6,11,4,2,2,0,113,12.39%,4,Thursday,40,Weekday,10,,,,,,
02/10/2025,FCHBLRKOR01,1,1,13,8,10,13,10,6,6,6,5,5,3,5,0,1,5,3,101,12.87%,4,Thursday,40,Weekday,10,,,,,,
02/10/2025,FCHBLRWHF01,2,11,10,12,23,14,13,11,5,8,10,7,14,7,6,0,1,0,154,14.94%,4,Thursday,40,Weekday,10,,,,,,
01/10/2025,all,20,70,107,96,66,48,45,28,31,45,42,69,48,53,54,35,10,7,874,12.24%,3,Wednesday,40,Weekday,10,,,,,,
01/10/2025,FCHBLRHAR01,1,9,13,14,8,9,1,3,5,6,4,6,7,2,10,6,3,1,108,12.96%,3,Wednesday,40,Weekday,10,,,,,,
01/10/2025,FCHBLRHSR01,0,5,10,9,8,7,4,6,3,4,7,10,6,10,5,6,2,1,103,9.71%,3,Wednesday,40,Weekday,10,,,,,,
01/10/2025,FCHBLRJPN01,4,8,12,8,2,3,6,1,2,5,6,2,5,3,5,6,0,0,78,15.38%,3,Wednesday,40,Weekday,10,,,,,,
01/10/2025,FCHBLRKOR01,2,6,10,13,8,5,3,4,0,4,3,8,2,8,13,4,1,0,94,13.83%,3,Wednesday,40,Weekday,10,,,,,,
01/10/2025,FCHBLRWHF01,4,13,19,14,16,9,13,5,3,12,7,13,7,5,7,2,1,0,150,12.67%,3,Wednesday,40,Weekday,10,,,,,,
01/10/2025,FCHBLRSJR01,9,29,43,38,24,15,18,9,18,14,15,30,21,25,14,11,3,5,341,12.61%,3,Wednesday,40,Weekday,10,,,,,,
30/09/2025,all,26,58,62,68,64,41,47,28,29,35,44,49,39,41,37,27,18,15,728,9.34%,2,Tuesday,40,Weekday,9,,,,,,
30/09/2025,FCHBLRHAR01,1,6,11,8,5,5,3,4,3,5,5,3,3,5,6,2,3,2,80,13.75%,2,Tuesday,40,Weekday,9,,,,,,
30/09/2025,FCHBLRHSR01,4,6,7,9,7,7,8,2,4,2,6,9,5,5,7,3,2,1,94,9.57%,2,Tuesday,40,Weekday,9,,,,,,
30/09/2025,FCHBLRJPN01,4,5,8,8,9,4,3,3,2,4,5,5,4,2,2,7,1,1,77,11.69%,2,Tuesday,40,Weekday,9,,,,,,
30/09/2025,FCHBLRKOR01,2,3,4,4,7,7,6,4,5,1,2,6,3,2,3,3,3,1,66,10.61%,2,Tuesday,40,Weekday,9,,,,,,
30/09/2025,FCHBLRWHF01,6,9,4,9,7,4,12,7,9,7,9,10,6,7,5,6,3,6,126,9.52%,2,Tuesday,40,Weekday,9,,,,,,
30/09/2025,FCHBLRSJR01,9,29,28,30,29,14,15,8,6,16,17,16,18,20,14,6,6,4,285,10.53%,2,Tuesday,40,Weekday,9,,,,,,
29/09/2025,all,14,63,106,76,72,49,39,32,29,38,40,57,51,53,36,38,15,17,825,12.85%,1,Monday,40,Weekday,9,,,,,,
29/09/2025,FCHBLRHAR01,2,7,17,11,9,6,2,4,3,6,1,6,4,6,5,3,2,1,95,17.89%,1,Monday,40,Weekday,9,,,,,,
29/09/2025,FCHBLRHSR01,2,4,10,10,8,9,7,4,2,5,5,6,9,9,5,8,3,2,108,9.26%,1,Monday,40,Weekday,9,,,,,,
29/09/2025,FCHBLRJPN01,1,5,6,5,6,3,6,5,3,3,6,10,5,4,4,1,1,0,74,13.51%,1,Monday,40,Weekday,9,,,,,,
29/09/2025,FCHBLRKOR01,0,7,10,7,4,4,2,3,2,2,5,5,7,4,4,4,0,6,76,13.16%,1,Monday,40,Weekday,9,,,,,,
29/09/2025,FCHBLRWHF01,3,7,27,12,20,7,8,6,4,7,7,13,9,13,5,3,1,2,154,17.53%,1,Monday,40,Weekday,9,,,,,,
29/09/2025,FCHBLRSJR01,6,33,36,31,25,20,14,10,15,15,16,17,17,17,13,19,8,6,318,11.32%,1,Monday,40,Weekday,9,,,,,,
28/09/2025,FCHBLRSJR01,1,18,38,59,41,34,23,16,15,10,30,20,26,19,22,14,7,3,396,14.90%,7,Sunday,39,Weekend,9,,,,,,
28/09/2025,FCHBLRHAR01,2,7,21,22,21,9,7,13,5,13,9,7,16,4,5,5,1,2,169,13.02%,7,Sunday,39,Weekend,9,,,,,,
28/09/2025,FCHBLRHSR01,1,7,14,17,16,19,10,6,6,7,10,4,12,10,6,5,6,1,157,12.10%,7,Sunday,39,Weekend,9,,,,,,
28/09/2025,FCHBLRJPN01,1,4,12,16,22,6,12,7,1,5,4,3,6,7,2,8,3,2,121,18.18%,7,Sunday,39,Weekend,9,,,,,,
28/09/2025,FCHBLRKOR01,1,1,8,15,14,15,4,12,11,5,4,3,13,8,4,3,5,2,128,11.72%,7,Sunday,39,Weekend,9,,,,,,
28/09/2025,all,11,44,110,153,128,98,63,60,43,46,66,50,85,63,48,42,26,11,1147,13.34%,7,Sunday,39,Weekend,9,,,,,,
28/09/2025,FCHBLRWHF01,5,7,17,24,14,15,7,6,5,6,9,13,12,15,9,7,4,1,176,13.64%,7,Sunday,39,Weekend,9,,,,,,
27/09/2025,FCHBLRSJR01,11,29,54,45,37,37,35,17,11,22,20,16,20,22,18,8,1,4,407,13.27%,6,Saturday,39,Weekend,9,,,,,,
27/09/2025,FCHBLRHAR01,7,7,22,28,32,26,14,11,13,9,6,14,10,6,8,6,2,0,221,14.48%,6,Saturday,39,Weekend,9,,,,,,
27/09/2025,FCHBLRHSR01,1,2,7,17,9,11,10,10,6,4,7,9,9,5,5,2,2,1,117,14.53%,6,Saturday,39,Weekend,9,,,,,,
27/09/2025,FCHBLRJPN01,2,5,14,13,7,6,13,10,6,2,2,2,4,4,1,1,0,0,92,15.22%,6,Saturday,39,Weekend,9,,,,,,
27/09/2025,FCHBLRKOR01,5,4,11,14,14,11,17,4,5,7,4,4,3,5,5,2,0,3,118,14.41%,6,Saturday,39,Weekend,9,,,,,,
27/09/2025,all,31,55,125,137,126,106,105,59,45,57,47,52,55,51,46,21,6,8,1132,12.10%,6,Saturday,39,Weekend,9,,,,,,
27/09/2025,FCHBLRWHF01,5,8,17,20,27,15,16,7,4,13,8,7,9,9,9,2,1,0,177,15.25%,6,Saturday,39,Weekend,9,,,,,,
26/09/2025,all,21,44,116,88,89,55,37,28,29,34,42,44,47,47,30,23,15,8,797,14.55%,5,Friday,39,Weekday,9,,,,,,
26/09/2025,FCHBLRHAR01,1,5,7,4,8,4,6,3,4,4,4,2,3,1,2,2,0,0,60,13.33%,5,Friday,39,Weekday,9,,,,,,
26/09/2025,FCHBLRHSR01,4,6,12,10,13,9,2,4,3,5,5,9,10,9,3,3,5,5,117,11.11%,5,Friday,39,Weekday,9,,,,,,
26/09/2025,FCHBLRJPN01,4,3,12,6,8,8,2,4,4,1,2,2,1,12,2,1,2,0,74,16.22%,5,Friday,39,Weekday,9,,,,,,
26/09/2025,FCHBLRKOR01,1,4,12,12,10,4,3,2,4,4,3,3,2,7,6,1,0,1,79,15.19%,5,Friday,39,Weekday,9,,,,,,
26/09/2025,FCHBLRWHF01,3,11,19,18,20,12,7,3,2,7,7,6,11,6,4,5,1,1,143,13.99%,5,Friday,39,Weekday,9,,,,,,
26/09/2025,FCHBLRSJR01,8,15,54,38,30,18,17,12,12,13,21,22,20,12,13,11,7,1,324,16.67%,5,Friday,39,Weekday,9,,,,,,
25/09/2025,FCHBLRSJR01,11,25,32,43,31,32,18,36,16,15,16,28,23,14,20,13,5,4,382,11.26%,4,Thursday,39,Weekday,9,,,,,,
25/09/2025,all,30,61,83,94,67,53,39,64,33,32,41,62,65,50,52,35,19,8,888,10.59%,4,Thursday,39,Weekday,9,,,,,,
25/09/2025,FCHBLRHAR01,0,10,7,1,7,1,5,8,3,0,6,10,12,5,3,1,0,2,81,14.81%,4,Thursday,39,Weekday,9,,,,,,
25/09/2025,FCHBLRHSR01,4,7,9,15,4,5,6,4,3,9,5,1,8,12,8,9,2,2,113,13.27%,4,Thursday,39,Weekday,9,,,,,,
25/09/2025,FCHBLRJPN01,5,3,8,8,5,2,2,10,5,2,7,5,6,3,5,2,2,0,80,12.50%,4,Thursday,39,Weekday,9,,,,,,
25/09/2025,FCHBLRKOR01,4,4,10,8,6,0,6,2,2,1,3,7,5,3,6,5,5,0,77,12.99%,4,Thursday,39,Weekday,9,,,,,,
25/09/2025,FCHBLRWHF01,6,12,17,19,14,13,2,4,4,5,4,11,11,13,10,5,5,0,155,12.26%,4,Thursday,39,Weekday,9,,,,,,
24/09/2025,all,31,64,107,83,69,56,50,37,51,45,47,49,60,65,52,49,25,13,953,11.23%,3,Wednesday,39,Weekday,9,,,,,,
24/09/2025,FCHBLRHAR01,3,2,7,8,5,6,7,3,1,4,3,7,5,4,4,0,0,1,70,11.43%,3,Wednesday,39,Weekday,9,,,,,,
24/09/2025,FCHBLRHSR01,7,5,14,7,6,6,8,3,3,11,5,7,3,13,8,7,4,1,118,11.86%,3,Wednesday,39,Weekday,9,,,,,,
24/09/2025,FCHBLRJPN01,1,10,11,14,11,3,7,8,21,1,5,4,5,3,5,0,1,1,111,18.92%,3,Wednesday,39,Weekday,9,,,,,,
24/09/2025,FCHBLRKOR01,1,3,9,4,9,8,4,2,3,9,5,4,8,8,7,2,5,1,92,9.78%,3,Wednesday,39,Weekday,9,,,,,,
24/09/2025,FCHBLRWHF01,5,18,24,18,13,14,10,4,6,9,9,12,20,16,7,9,3,4,201,11.94%,3,Wednesday,39,Weekday,9,,,,,,
24/09/2025,FCHBLRSJR01,14,26,42,32,25,19,14,17,17,11,20,15,19,21,21,31,12,5,361,11.63%,3,Wednesday,39,Weekday,9,,,,,,
23/09/2025,FCHBLRSJR01,21,26,34,42,22,14,12,11,17,16,28,35,31,54,24,21,9,4,421,12.83%,2,Tuesday,39,Weekday,9,,,,,,
23/09/2025,all,38,59,82,81,53,48,34,33,28,35,50,57,62,100,61,41,29,9,900,11.11%,2,Tuesday,39,Weekday,9,,,,,,
23/09/2025,FCHBLRHAR01,0,0,0,0,0,0,0,0,0,0,0,0,0,0,1,0,0,0,1,100.00%,2,Tuesday,39,Weekday,9,,,,,,
23/09/2025,FCHBLRHSR01,2,5,16,9,7,4,6,7,1,4,6,7,12,15,19,12,5,2,139,13.67%,2,Tuesday,39,Weekday,9,,,,,,
23/09/2025,FCHBLRJPN01,1,11,6,9,8,14,4,4,1,2,3,1,4,5,3,1,3,0,80,17.50%,2,Tuesday,39,Weekday,9,,,,,,
23/09/2025,FCHBLRKOR01,5,4,6,4,5,3,5,2,4,5,5,4,3,8,8,0,2,3,76,10.53%,2,Tuesday,39,Weekday,9,,,,,,
23/09/2025,FCHBLRWHF01,9,13,20,17,11,13,7,9,5,8,8,10,12,18,6,7,10,0,183,10.93%,2,Tuesday,39,Weekday,9,,,,,,
22/09/2025,FCHBLRSJR01,10,25,33,41,16,25,19,16,15,11,31,31,34,22,28,23,8,4,392,10.46%,1,Monday,39,Weekday,9,,,,,,
22/09/2025,all,24,61,88,89,43,51,37,47,34,31,58,66,73,57,46,56,19,8,888,10.02%,1,Monday,39,Weekday,9,,,,,,
22/09/2025,FCHBLRHSR01,2,6,8,12,6,6,5,8,8,9,4,9,9,5,6,13,4,1,121,10.74%,1,Monday,39,Weekday,9,,,,,,
22/09/2025,FCHBLRJPN01,3,5,18,6,6,7,7,10,4,3,4,5,9,8,6,7,1,0,109,16.51%,1,Monday,39,Weekday,9,,,,,,
22/09/2025,FCHBLRKOR01,2,4,9,12,5,6,2,5,2,2,6,4,3,5,3,6,3,1,80,15.00%,1,Monday,39,Weekday,9,,,,,,
22/09/2025,FCHBLRWHF01,7,21,20,18,10,7,4,8,5,6,13,17,18,17,3,7,3,2,186,11.29%,1,Monday,39,Weekday,9,,,,,,
21/09/2025,FCHBLRSJR01,11,21,49,51,55,49,39,35,11,23,28,32,30,25,26,16,9,7,517,10.64%,7,Sunday,38,Weekend,9,,,,,,
21/09/2025,FCHBLRHSR01,0,6,9,22,16,13,20,11,8,9,3,13,19,27,17,12,3,1,209,12.92%,7,Sunday,38,Weekend,9,,,,,,
21/09/2025,FCHBLRJPN01,4,9,19,18,19,25,14,9,4,13,11,14,10,16,9,5,0,3,202,12.38%,7,Sunday,38,Weekend,9,,,,,,
21/09/2025,FCHBLRKOR01,3,3,9,12,7,8,19,5,8,13,13,13,14,11,6,2,2,0,148,12.84%,7,Sunday,38,Weekend,9,,,,,,
21/09/2025,all,22,54,109,119,120,117,109,80,43,68,72,86,83,88,73,43,22,13,1321,9.08%,7,Sunday,38,Weekend,9,,,,,,
21/09/2025,FCHBLRWHF01,4,15,23,16,23,22,17,20,12,10,17,14,10,9,15,8,8,2,245,9.39%,7,Sunday,38,Weekend,9,,,,,,
20/09/2025,FCHBLRSJR01,7,24,49,63,40,37,36,31,21,25,31,31,24,33,22,11,7,5,497,12.68%,6,Saturday,38,Weekend,9,,,,,,
20/09/2025,FCHBLRHSR01,5,9,15,11,15,8,19,13,10,13,7,10,14,10,9,2,3,2,175,10.86%,6,Saturday,38,Weekend,9,,,,,,
20/09/2025,FCHBLRJPN01,10,20,25,28,31,26,19,12,10,7,8,14,11,8,9,9,8,1,256,12.11%,6,Saturday,38,Weekend,9,,,,,,
20/09/2025,FCHBLRKOR01,1,9,9,10,13,12,5,5,6,9,9,7,16,3,8,1,0,2,125,12.80%,6,Saturday,38,Weekend,9,,,,,,
20/09/2025,all,28,76,129,137,121,96,99,79,56,66,73,76,79,74,59,30,21,10,1309,10.47%,6,Saturday,38,Weekend,9,,,,,,
20/09/2025,FCHBLRWHF01,5,14,31,25,22,13,20,18,9,12,18,14,14,20,11,7,3,0,256,12.11%,6,Saturday,38,Weekend,9,,,,,,
19/09/2025,all,54,84,107,75,71,52,37,41,29,37,62,43,48,49,27,39,24,4,883,12.12%,5,Friday,38,Weekday,9,,,,,,
19/09/2025,FCHBLRHSR01,2,11,9,8,9,5,5,5,3,6,4,10,4,2,3,4,4,0,94,11.70%,5,Friday,38,Weekday,9,,,,,,
19/09/2025,FCHBLRJPN01,21,24,24,10,17,14,3,8,4,5,7,4,12,11,3,4,0,0,171,14.04%,5,Friday,38,Weekday,9,,,,,,
19/09/2025,FCHBLRKOR01,1,6,9,11,5,2,3,5,2,3,4,2,2,2,4,5,3,1,70,15.71%,5,Friday,38,Weekday,9,,,,,,
19/09/2025,FCHBLRWHF01,10,14,25,14,21,15,8,6,5,8,12,8,6,11,5,9,6,1,184,13.59%,5,Friday,38,Weekday,9,,,,,,
19/09/2025,FCHBLRSJR01,20,29,40,32,19,16,18,17,15,15,35,19,24,23,12,17,11,2,364,10.99%,5,Friday,38,Weekday,9,,,,,,
18/09/2025,all,42,60,87,86,53,41,30,25,34,44,55,48,47,53,46,32,12,7,802,10.85%,4,Thursday,38,Weekday,9,,,,,,
18/09/2025,FCHBLRHSR01,5,13,18,14,10,1,1,1,5,6,7,3,10,3,7,7,4,1,116,15.52%,4,Thursday,38,Weekday,9,,,,,,
18/09/2025,FCHBLRJPN01,4,4,9,4,0,3,1,0,1,1,4,0,3,3,7,2,0,1,47,19.15%,4,Thursday,38,Weekday,9,,,,,,
18/09/2025,FCHBLRKOR01,8,3,10,8,5,4,1,6,5,2,4,7,5,5,5,8,3,2,91,10.99%,4,Thursday,38,Weekday,9,,,,,,
18/09/2025,FCHBLRWHF01,8,14,21,21,13,10,11,6,10,15,12,7,15,13,6,4,2,0,188,11.17%,4,Thursday,38,Weekday,9,,,,,,
18/09/2025,FCHBLRSJR01,17,26,29,39,25,23,16,12,13,20,28,31,14,29,21,11,3,3,360,10.83%,4,Thursday,38,Weekday,9,,,,,,
17/09/2025,FCHBLRSJR01,17,28,44,49,37,26,18,26,15,9,24,30,25,37,27,13,6,6,437,11.21%,3,Wednesday,38,Weekday,9,,,,,,
17/09/2025,all,37,63,85,101,73,52,38,48,25,24,41,57,49,72,50,31,15,8,869,11.62%,3,Wednesday,38,Weekday,9,,,,,,
17/09/2025,FCHBLRHSR01,4,7,5,12,5,8,9,8,2,4,4,6,11,14,8,4,5,1,117,11.97%,3,Wednesday,38,Weekday,9,,,,,,
17/09/2025,FCHBLRJPN01,5,5,12,4,6,6,3,2,2,2,1,4,3,5,1,2,0,0,63,19.05%,3,Wednesday,38,Weekday,9,,,,,,
17/09/2025,FCHBLRKOR01,2,10,12,11,13,3,4,5,2,2,4,6,3,4,3,4,3,0,91,14.29%,3,Wednesday,38,Weekday,9,,,,,,
17/09/2025,FCHBLRWHF01,9,13,12,25,12,9,4,7,4,7,8,11,7,12,11,8,1,1,161,15.53%,3,Wednesday,38,Weekday,9,,,,,,
16/09/2025,FCHBLRSJR01,20,34,49,46,23,17,20,18,7,17,22,22,34,36,33,30,15,11,454,10.79%,2,Tuesday,38,Weekday,9,,,,,,
16/09/2025,all,42,72,103,90,58,33,42,39,20,36,44,48,64,70,75,63,32,17,948,10.86%,2,Tuesday,38,Weekday,9,,,,,,
16/09/2025,FCHBLRHSR01,4,8,12,13,11,3,9,2,4,7,12,9,11,6,15,11,9,2,148,10.14%,2,Tuesday,38,Weekday,9,,,,,,
16/09/2025,FCHBLRJPN01,3,8,11,8,8,4,0,1,4,1,2,1,4,3,4,1,2,1,66,16.67%,2,Tuesday,38,Weekday,9,,,,,,
16/09/2025,FCHBLRKOR01,4,3,7,10,6,3,3,6,2,2,4,5,0,7,14,8,0,2,86,16.28%,2,Tuesday,38,Weekday,9,,,,,,
16/09/2025,FCHBLRWHF01,11,19,24,13,10,6,10,12,3,9,4,11,15,18,9,13,6,1,194,12.37%,2,Tuesday,38,Weekday,9,,,,,,
15/09/2025,FCHBLRSJR01,15,38,42,49,33,28,21,21,17,18,28,25,19,29,24,27,12,2,448,10.94%,1,Monday,38,Weekday,9,,,,,,
15/09/2025,all,33,72,84,89,73,68,48,34,34,35,59,61,62,58,47,49,27,4,937,9.50%,1,Monday,38,Weekday,9,,,,,,
15/09/2025,FCHBLRHSR01,5,5,14,10,8,5,6,4,8,2,9,8,7,12,5,6,4,0,118,11.86%,1,Monday,38,Weekday,9,,,,,,
15/09/2025,FCHBLRJPN01,3,5,6,3,10,7,5,2,1,6,3,7,6,2,2,3,4,0,75,13.33%,1,Monday,38,Weekday,9,,,,,,
15/09/2025,FCHBLRKOR01,2,8,10,8,4,9,5,3,2,4,4,7,8,6,7,4,1,1,93,10.75%,1,Monday,38,Weekday,9,,,,,,
15/09/2025,FCHBLRWHF01,8,16,12,19,18,19,11,4,6,5,15,14,22,9,9,9,6,1,203,10.84%,1,Monday,38,Weekday,9,,,,,,
14/09/2025,FCHBLRSJR01,8,22,55,78,65,57,41,37,33,30,26,33,39,38,31,18,13,8,632,12.34%,7,Sunday,37,Weekend,9,,,,,,
14/09/2025,FCHBLRHSR01,0,5,11,22,15,24,25,13,3,7,8,11,15,24,14,8,8,2,215,11.63%,7,Sunday,37,Weekend,9,,,,,,
14/09/2025,FCHBLRJPN01,1,19,25,31,21,24,11,16,10,8,2,4,8,11,10,6,4,4,215,14.42%,7,Sunday,37,Weekend,9,,,,,,
14/09/2025,FCHBLRKOR01,0,2,10,11,8,8,13,7,7,5,6,7,8,7,3,2,4,0,108,12.04%,7,Sunday,37,Weekend,9,,,,,,
14/09/2025,all,17,59,124,175,139,127,108,84,58,58,53,70,86,96,66,41,31,16,1408,12.43%,7,Sunday,37,Weekend,9,,,,,,
14/09/2025,FCHBLRWHF01,8,11,23,33,30,14,18,11,5,8,11,15,16,16,8,7,2,2,238,13.87%,7,Sunday,37,Weekend,9,,,,,,
13/09/2025,FCHBLRSJR01,8,22,48,56,35,54,32,24,26,30,27,38,25,29,23,10,8,2,497,11.27%,6,Saturday,37,Weekend,9,,,,,,
13/09/2025,FCHBLRHSR01,7,5,8,16,14,11,6,8,10,10,12,12,4,11,11,4,3,1,153,10.46%,6,Saturday,37,Weekend,9,,,,,,
13/09/2025,FCHBLRJPN01,19,21,34,30,30,26,10,15,14,15,13,6,9,6,7,5,5,7,272,12.50%,6,Saturday,37,Weekend,9,,,,,,
13/09/2025,FCHBLRKOR01,0,7,5,14,10,7,9,16,6,8,9,11,10,9,9,6,5,1,142,11.27%,6,Saturday,37,Weekend,9,,,,,,
13/09/2025,all,42,62,113,146,112,112,67,73,71,70,77,77,63,64,59,27,23,12,1270,11.50%,6,Saturday,37,Weekend,9,,,,,,
13/09/2025,FCHBLRWHF01,8,7,18,30,23,14,10,10,15,7,16,10,15,9,9,2,2,1,206,14.56%,6,Saturday,37,Weekend,9,,,,,,
12/09/2025,FCHBLRSJR01,15,40,29,24,37,11,14,24,17,22,23,27,30,25,27,19,7,5,396,10.10%,5,Friday,37,Weekday,9,,,,,,
12/09/2025,all,29,61,71,67,66,30,32,43,32,37,39,49,56,42,45,29,17,12,757,9.38%,5,Friday,37,Weekday,9,,,,,,
12/09/2025,FCHBLRHSR01,6,8,16,15,10,5,6,5,5,3,7,4,8,4,4,1,1,3,111,14.41%,5,Friday,37,Weekday,9,,,,,,
12/09/2025,FCHBLRJPN01,0,0,0,0,0,0,0,0,0,0,0,1,0,0,1,0,0,0,2,50.00%,5,Friday,37,Weekday,9,,,,,,
12/09/2025,FCHBLRKOR01,2,4,7,10,5,3,3,3,3,7,3,9,4,6,6,3,3,3,84,11.90%,5,Friday,37,Weekday,9,,,,,,
12/09/2025,FCHBLRWHF01,6,9,19,18,14,11,9,11,7,5,6,8,14,7,7,6,6,1,164,11.59%,5,Friday,37,Weekday,9,,,,,,
11/09/2025,FCHBLRSJR01,10,34,36,33,35,18,10,13,23,15,20,34,22,24,22,19,4,1,373,9.65%,4,Thursday,37,Weekday,9,,,,,,
11/09/2025,all,21,65,69,60,64,37,29,28,40,31,37,60,36,47,47,33,17,2,723,9.54%,4,Thursday,37,Weekday,9,,,,,,
11/09/2025,FCHBLRHSR01,2,7,12,10,13,4,8,3,2,6,5,9,2,11,7,7,5,0,113,11.50%,4,Thursday,37,Weekday,9,,,,,,
11/09/2025,FCHBLRKOR01,4,8,7,6,8,3,6,3,5,2,3,2,4,4,5,1,2,0,73,10.96%,4,Thursday,37,Weekday,9,,,,,,
11/09/2025,FCHBLRWHF01,5,16,14,11,8,12,5,9,10,8,9,15,8,8,13,6,6,1,164,9.76%,4,Thursday,37,Weekday,9,,,,,,
10/09/2025,FCHBLRSJR01,8,44,47,41,31,20,16,13,15,14,25,26,30,25,24,9,10,3,401,11.72%,3,Wednesday,37,Weekday,9,,,,,,
10/09/2025,all,18,72,78,71,55,40,32,26,26,29,50,50,57,44,55,21,19,11,754,10.34%,3,Wednesday,37,Weekday,9,,,,,,
10/09/2025,FCHBLRHSR01,4,9,8,11,7,5,7,3,2,2,3,6,4,8,8,3,4,4,98,11.22%,3,Wednesday,37,Weekday,9,,,,,,
10/09/2025,FCHBLRKOR01,2,5,8,7,6,8,4,4,4,4,12,8,5,1,8,0,1,0,87,13.79%,3,Wednesday,37,Weekday,9,,,,,,
10/09/2025,FCHBLRWHF01,4,14,15,12,11,7,5,6,5,9,10,10,18,10,15,9,4,4,168,10.71%,3,Wednesday,37,Weekday,9,,,,,,
09/09/2025,FCHBLRSJR01,22,41,48,32,33,22,26,16,9,18,19,26,30,24,22,13,10,2,413,11.62%,2,Tuesday,37,Weekday,9,,,,,,
09/09/2025,all,33,69,76,65,58,41,44,31,21,35,38,49,55,54,48,24,21,4,766,9.92%,2,Tuesday,37,Weekday,9,,,,,,
09/09/2025,FCHBLRHSR01,2,7,8,12,6,5,5,4,2,7,9,8,10,9,9,3,4,1,111,10.81%,2,Tuesday,37,Weekday,9,,,,,,
09/09/2025,FCHBLRKOR01,3,8,7,8,4,1,4,8,0,5,2,2,6,3,7,4,1,0,73,10.96%,2,Tuesday,37,Weekday,9,,,,,,
09/09/2025,FCHBLRWHF01,6,13,13,13,15,13,9,3,10,5,8,13,9,18,10,4,6,1,169,10.65%,2,Tuesday,37,Weekday,9,,,,,,
08/09/2025,FCHBLRSJR01,9,35,38,40,38,28,13,15,17,15,31,34,30,25,32,23,17,2,442,9.05%,1,Monday,37,Weekday,9,,,,,,
08/09/2025,all,15,60,65,76,71,52,48,32,25,32,50,50,66,50,57,47,30,7,833,9.12%,1,Monday,37,Weekday,9,,,,,,
08/09/2025,FCHBLRHSR01,2,12,9,15,12,7,16,6,2,1,7,7,7,4,13,12,6,1,139,11.51%,1,Monday,37,Weekday,9,,,,,,
08/09/2025,FCHBLRKOR01,1,4,5,5,6,6,10,3,2,5,3,2,11,9,6,4,0,2,84,13.10%,1,Monday,37,Weekday,9,,,,,,
08/09/2025,FCHBLRWHF01,3,9,13,16,15,11,9,8,4,11,9,7,18,12,6,8,7,2,168,10.71%,1,Monday,37,Weekday,9,,,,,,
07/09/2025,FCHBLRSJR01,1,27,43,61,53,47,43,18,22,20,33,26,38,51,31,11,13,6,544,11.21%,7,Sunday,36,Weekend,9,,,,,,
07/09/2025,FCHBLRHSR01,1,11,10,21,20,13,11,6,9,5,7,13,19,20,17,9,2,1,195,10.77%,7,Sunday,36,Weekend,9,,,,,,
07/09/2025,FCHBLRKOR01,1,7,10,8,13,7,7,9,5,6,6,8,12,19,7,7,3,0,135,14.07%,7,Sunday,36,Weekend,9,,,,,,
07/09/2025,all,4,54,80,117,103,98,88,45,41,41,54,62,83,103,62,34,21,7,1097,10.67%,7,Sunday,36,Weekend,9,,,,,,
07/09/2025,FCHBLRWHF01,1,9,17,27,17,31,27,12,5,10,8,15,14,13,7,7,3,0,223,13.90%,7,Sunday,36,Weekend,9,,,,,,
06/09/2025,FCHBLRSJR01,9,29,44,47,30,37,35,27,16,20,17,25,27,27,14,7,3,8,422,11.14%,6,Saturday,36,Weekend,9,,,,,,
06/09/2025,FCHBLRHSR01,1,5,14,9,19,16,17,9,7,9,5,7,12,6,7,3,3,1,150,12.67%,6,Saturday,36,Weekend,9,,,,,,
06/09/2025,FCHBLRKOR01,8,18,16,13,16,18,6,19,9,5,5,10,7,6,4,3,2,0,165,11.52%,6,Saturday,36,Weekend,9,,,,,,
06/09/2025,all,24,67,98,92,84,82,78,64,37,41,43,50,61,49,34,21,11,10,946,10.36%,6,Saturday,36,Weekend,9,,,,,,
06/09/2025,FCHBLRWHF01,6,15,24,23,19,11,20,9,5,7,16,8,15,10,9,8,3,1,209,11.48%,6,Saturday,36,Weekend,9,,,,,,
05/09/2025,all,15,48,73,58,56,48,40,40,24,21,29,38,43,57,32,32,5,2,661,11.04%,5,Friday,36,Weekday,9,,,,,,
05/09/2025,FCHBLRHSR01,1,8,10,15,8,9,4,6,2,3,4,7,4,9,5,10,0,0,105,14.29%,5,Friday,36,Weekday,9,,,,,,
05/09/2025,FCHBLRKOR01,3,2,4,3,4,0,1,4,1,0,0,4,4,3,2,0,0,0,35,11.43%,5,Friday,36,Weekday,9,,,,,,
05/09/2025,FCHBLRWHF01,3,12,24,8,17,14,13,7,3,5,11,10,11,13,10,3,1,1,166,14.46%,5,Friday,36,Weekday,9,,,,,,
05/09/2025,FCHBLRSJR01,8,26,35,32,27,25,22,23,18,13,14,17,24,32,15,19,4,1,355,9.86%,5,Friday,36,Weekday,9,,,,,,
04/09/2025,FCHBLRSJR01,12,31,34,32,32,22,19,18,12,10,23,26,36,32,27,14,7,4,391,9.21%,4,Thursday,36,Weekday,9,,,,,,
04/09/2025,all,18,52,53,66,46,38,35,29,23,21,39,53,65,49,41,27,15,6,676,9.76%,4,Thursday,36,Weekday,9,,,,,,
04/09/2025,FCHBLRHSR01,3,6,11,12,5,7,8,6,5,6,3,7,19,10,7,8,4,1,128,14.84%,4,Thursday,36,Weekday,9,,,,,,
04/09/2025,FCHBLRKOR01,0,0,0,1,1,0,0,0,0,0,0,1,0,0,0,0,0,0,3,33.33%,4,Thursday,36,Weekday,9,,,,,,
04/09/2025,FCHBLRWHF01,3,15,8,21,8,9,8,5,6,5,13,19,10,7,7,5,4,1,154,13.64%,4,Thursday,36,Weekday,9,,,,,,
03/09/2025,all,16,46,69,59,41,35,30,27,26,26,34,46,40,37,32,28,22,5,619,11.15%,3,Wednesday,36,Weekday,9,,,,,,
03/09/2025,FCHBLRHSR01,1,11,14,8,9,5,0,7,3,3,2,8,3,14,11,7,2,0,108,12.96%,3,Wednesday,36,Weekday,9,,,,,,
03/09/2025,FCHBLRKOR01,0,0,0,0,0,0,0,0,0,0,0,0,0,0,0,0,2,0,2,100.00%,3,Wednesday,36,Weekday,9,,,,,,
03/09/2025,FCHBLRWHF01,6,8,17,16,9,7,7,7,5,6,10,17,15,5,9,7,4,3,158,10.76%,3,Wednesday,36,Weekday,9,,,,,,
03/09/2025,FCHBLRSJR01,9,27,38,35,23,23,23,13,18,17,22,21,22,18,12,14,14,2,351,10.83%,3,Wednesday,36,Weekday,9,,,,,,
02/09/2025,FCHBLRSJR01,15,17,47,31,25,22,20,15,8,16,32,28,28,24,19,25,6,2,380,12.37%,2,Tuesday,36,Weekday,9,,,,,,
02/09/2025,all,18,33,65,55,44,33,37,27,18,28,48,49,49,44,44,36,13,5,646,10.06%,2,Tuesday,36,Weekday,9,,,,,,
02/09/2025,FCHBLRHSR01,2,4,6,12,9,4,8,5,5,6,4,11,8,7,8,7,3,0,109,11.01%,2,Tuesday,36,Weekday,9,,,,,,
02/09/2025,FCHBLRWHF01,1,12,12,12,10,7,9,7,5,6,12,10,13,13,17,4,4,3,157,10.83%,2,Tuesday,36,Weekday,9,,,,,,
01/09/2025,FCHBLRSJR01,18,34,46,42,21,17,7,21,21,20,25,23,34,25,27,17,8,3,409,11.25%,1,Monday,36,Weekday,9,,,,,,
01/09/2025,all,25,54,78,59,41,35,26,36,31,36,37,45,53,48,53,28,17,4,706,11.05%,1,Monday,36,Weekday,9,,,,,,
01/09/2025,FCHBLRHSR01,3,8,11,4,4,7,10,7,4,10,1,13,9,12,11,8,5,1,128,10.16%,1,Monday,36,Weekday,9,,,,,,
01/09/2025,FCHBLRWHF01,4,12,21,13,16,11,9,8,6,6,11,9,10,11,15,3,4,0,169,12.43%,1,Monday,36,Weekday,9,,,,,,
31/08/2025,FCHBLRSJR01,4,16,55,53,49,35,34,35,28,24,22,28,33,36,22,18,15,3,510,10.78%,7,Sunday,35,Weekend,8,,,,,,
31/08/2025,FCHBLRHSR01,2,5,18,18,24,16,21,10,6,9,6,10,15,14,11,5,2,1,193,12.44%,7,Sunday,35,Weekend,8,,,,,,
31/08/2025,all,7,30,95,89,97,70,70,56,48,43,38,59,67,57,45,34,21,5,931,10.42%,7,Sunday,35,Weekend,8,,,,,,
31/08/2025,FCHBLRWHF01,1,9,22,18,24,19,15,11,14,10,10,21,19,7,12,11,4,1,228,10.53%,7,Sunday,35,Weekend,8,,,,,,
30/08/2025,FCHBLRSJR01,12,19,3,28,56,40,24,30,16,18,25,31,35,26,24,12,3,2,404,13.86%,6,Saturday,35,Weekend,8,,,,,,
30/08/2025,FCHBLRHSR01,1,7,0,6,21,13,15,10,13,8,17,10,10,12,9,9,5,2,168,12.50%,6,Saturday,35,Weekend,8,,,,,,
30/08/2025,all,18,36,6,40,100,72,48,53,40,41,58,54,56,55,39,29,9,5,759,13.18%,6,Saturday,35,Weekend,8,,,,,,
30/08/2025,FCHBLRWHF01,5,10,3,6,23,19,9,13,11,15,16,13,11,17,6,8,1,1,187,12.30%,6,Saturday,35,Weekend,8,,,,,,
29/08/2025,FCHBLRSJR01,7,21,47,39,24,27,18,14,12,22,17,34,31,21,19,22,9,5,389,12.08%,5,Friday,35,Weekday,8,,,,,,
29/08/2025,all,38,70,85,59,57,45,36,22,23,34,39,49,46,40,32,34,11,8,728,11.68%,5,Friday,35,Weekday,8,,,,,,
29/08/2025,FCHBLRHSR01,28,40,23,0,23,9,15,3,4,6,13,6,12,8,10,11,1,1,213,18.78%,5,Friday,35,Weekday,8,,,,,,
29/08/2025,FCHBLRWHF01,3,9,15,20,10,9,3,5,7,6,9,9,3,11,3,1,1,2,126,15.87%,5,Friday,35,Weekday,8,,,,,,
28/08/2025,all,15,25,54,50,21,18,14,18,17,19,40,36,28,20,25,28,14,4,446,12.11%,4,Thursday,35,Weekday,8,,,,,,
28/08/2025,FCHBLRHSR01,0,0,0,0,0,0,0,0,0,1,1,0,0,1,0,0,0,1,4,25.00%,4,Thursday,35,Weekday,8,,,,,,
28/08/2025,FCHBLRWHF01,4,5,17,17,5,5,4,6,6,3,8,11,10,7,5,7,0,0,120,14.17%,4,Thursday,35,Weekday,8,,,,,,
28/08/2025,FCHBLRSJR01,11,20,37,33,16,13,10,12,11,15,31,25,18,12,20,21,14,3,322,11.49%,4,Thursday,35,Weekday,8,,,,,,
27/08/2025,FCHBLRSJR01,11,27,50,55,39,40,24,20,20,15,27,24,28,13,22,23,3,2,443,12.42%,3,Wednesday,35,Weekday,8,,,,,,
27/08/2025,all,15,43,69,74,63,57,34,24,21,18,33,33,35,23,29,23,5,2,601,12.31%,3,Wednesday,35,Weekday,8,,,,,,
27/08/2025,FCHBLRWHF01,4,16,19,19,24,17,10,4,1,3,6,9,7,10,7,0,2,0,158,15.19%,3,Wednesday,35,Weekday,8,,,,,,
26/08/2025,FCHBLRSJR01,16,31,38,41,27,21,13,18,13,22,23,27,22,30,26,22,11,6,407,10.07%,2,Tuesday,35,Weekday,8,,,,,,
26/08/2025,all,21,40,51,52,47,29,18,23,20,34,31,39,41,40,38,26,13,6,569,9.14%,2,Tuesday,35,Weekday,8,,,,,,
26/08/2025,FCHBLRWHF01,5,9,13,11,20,8,5,5,7,12,8,12,19,10,12,4,2,0,162,12.35%,2,Tuesday,35,Weekday,8,,,,,,
25/08/2025,FCHBLRSJR01,14,32,44,39,21,17,12,13,14,16,21,28,41,29,27,25,8,5,406,10.84%,1,Monday,35,Weekday,8,,,,,,
25/08/2025,all,20,39,53,56,32,23,17,18,21,24,31,41,49,42,33,26,14,5,544,10.29%,1,Monday,35,Weekday,8,,,,,,
25/08/2025,FCHBLRWHF01,6,7,9,17,11,6,5,5,7,8,10,13,8,13,6,1,6,0,138,12.32%,1,Monday,35,Weekday,8,,,,,,
24/08/2025,FCHBLRSJR01,8,24,50,47,40,42,35,20,17,29,25,32,27,22,22,18,20,5,483,10.35%,7,Sunday,34,Weekend,8,,,,,,
24/08/2025,all,10,28,68,72,59,57,52,28,24,38,35,42,38,37,35,27,25,7,682,10.56%,7,Sunday,34,Weekend,8,,,,,,
24/08/2025,FCHBLRWHF01,2,4,18,25,19,15,17,8,7,9,10,10,11,15,13,9,5,2,199,12.56%,7,Sunday,34,Weekend,8,,,,,,
23/08/2025,FCHBLRSJR01,8,31,39,42,47,44,31,28,33,14,32,37,33,27,21,12,6,4,489,9.61%,6,Saturday,34,Weekend,8,,,,,,
23/08/2025,all,11,37,48,58,64,49,40,39,37,25,35,47,41,36,27,17,9,5,625,10.24%,6,Saturday,34,Weekend,8,,,,,,
23/08/2025,FCHBLRWHF01,3,6,9,16,17,5,9,11,4,11,3,10,8,9,6,5,3,1,136,12.50%,6,Saturday,34,Weekend,8,,,,,,
22/08/2025,all,20,40,46,42,30,31,19,18,21,20,21,32,29,20,26,14,9,3,441,10.43%,5,Friday,34,Weekday,8,,,,,,
22/08/2025,FCHBLRWHF01,8,7,10,13,11,15,6,7,7,8,2,7,6,5,9,6,3,0,130,11.54%,5,Friday,34,Weekday,8,,,,,,
22/08/2025,FCHBLRSJR01,12,33,36,29,19,16,13,11,14,12,19,25,23,15,17,8,6,3,311,11.58%,5,Friday,34,Weekday,8,,,,,,
21/08/2025,FCHBLRSJR01,16,30,35,26,21,25,22,15,9,14,24,26,30,33,22,25,9,3,385,9.09%,4,Thursday,34,Weekday,8,,,,,,
21/08/2025,all,22,38,47,40,27,36,28,20,13,19,34,41,41,42,28,32,12,3,523,8.99%,4,Thursday,34,Weekday,8,,,,,,
21/08/2025,FCHBLRWHF01,6,8,12,14,6,11,6,5,4,5,10,15,11,9,6,7,3,0,138,10.87%,4,Thursday,34,Weekday,8,,,,,,
20/08/2025,FCHBLRSJR01,12,25,40,39,28,22,16,15,14,13,22,29,26,32,19,20,7,2,381,10.50%,3,Wednesday,34,Weekday,8,,,,,,
20/08/2025,all,17,39,53,54,36,30,25,22,22,23,31,41,31,45,31,23,10,7,540,10.00%,3,Wednesday,34,Weekday,8,,,,,,
20/08/2025,FCHBLRWHF01,5,14,13,15,8,8,9,7,8,10,9,12,5,13,12,3,3,5,159,9.43%,3,Wednesday,34,Weekday,8,,,,,,
19/08/2025,FCHBLRSJR01,15,19,23,34,27,19,13,12,15,16,27,31,21,36,17,21,6,6,358,10.06%,2,Tuesday,34,Weekday,8,,,,,,
19/08/2025,all,15,31,33,44,32,24,21,14,19,21,39,47,37,49,25,26,6,7,490,10.00%,2,Tuesday,34,Weekday,8,,,,,,
19/08/2025,FCHBLRWHF01,0,12,10,10,5,5,8,2,4,5,12,16,16,13,8,5,0,1,132,12.12%,2,Tuesday,34,Weekday,8,,,,,,
18/08/2025,FCHBLRSJR01,5,32,38,35,19,18,18,16,12,20,35,30,29,25,22,19,8,4,385,9.87%,1,Monday,34,Weekday,8,,,,,,
18/08/2025,all,10,39,48,51,28,30,26,19,20,26,43,43,42,36,28,23,12,8,532,9.59%,1,Monday,34,Weekday,8,,,,,,
18/08/2025,FCHBLRWHF01,5,7,10,16,9,12,8,3,8,6,8,13,13,11,6,4,4,4,147,10.88%,1,Monday,34,Weekday,8,,,,,,
17/08/2025,FCHBLRSJR01,3,16,34,36,43,26,25,24,14,18,30,28,36,33,31,22,7,1,427,10.07%,7,Sunday,33,Weekend,8,,,,,,
17/08/2025,all,4,22,44,50,60,44,41,35,20,25,35,39,52,47,36,29,10,1,594,10.10%,7,Sunday,33,Weekend,8,,,,,,
17/08/2025,FCHBLRWHF01,1,6,10,14,17,18,16,11,6,7,5,11,16,14,5,7,3,0,167,10.78%,7,Sunday,33,Weekend,8,,,,,,
16/08/2025,FCHBLRSJR01,6,19,48,41,50,30,34,21,17,28,25,34,23,27,16,14,6,2,441,11.34%,6,Saturday,33,Weekend,8,,,,,,
16/08/2025,all,9,31,61,58,60,45,53,23,23,39,34,44,34,38,20,17,8,3,600,10.17%,6,Saturday,33,Weekend,8,,,,,,
16/08/2025,FCHBLRWHF01,3,12,13,17,10,15,19,2,6,11,9,10,11,11,4,3,2,1,159,11.95%,6,Saturday,33,Weekend,8,,,,,,
15/08/2025,FCHBLRSJR01,5,18,28,32,34,23,16,13,17,25,22,33,19,22,17,18,11,1,354,9.60%,5,Friday,33,Weekday,8,,,,,,
15/08/2025,all,8,26,41,45,45,37,23,22,20,28,31,45,27,30,22,21,13,3,487,9.24%,5,Friday,33,Weekday,8,,,,,,
15/08/2025,FCHBLRWHF01,3,8,13,13,11,14,7,9,3,3,9,12,8,8,5,3,2,2,133,10.53%,5,Friday,33,Weekday,8,,,,,,
14/08/2025,all,19,35,46,36,36,26,24,14,21,22,35,25,33,32,22,20,11,4,461,9.98%,4,Thursday,33,Weekday,8,,,,,,
14/08/2025,FCHBLRWHF01,5,12,11,9,8,11,11,5,8,9,16,5,9,5,7,6,2,1,140,11.43%,4,Thursday,33,Weekday,8,,,,,,
14/08/2025,FCHBLRSJR01,14,23,35,27,28,15,13,9,13,13,19,20,24,27,15,14,9,3,321,10.90%,4,Thursday,33,Weekday,8,,,,,,
13/08/2025,all,20,37,40,44,23,18,25,12,14,22,29,31,45,29,24,20,8,5,446,10.09%,3,Wednesday,33,Weekday,8,,,,,,
13/08/2025,FCHBLRWHF01,5,10,9,15,6,8,7,3,4,7,8,9,13,4,8,4,0,4,124,12.10%,3,Wednesday,33,Weekday,8,,,,,,
13/08/2025,FCHBLRSJR01,15,27,31,29,17,10,18,9,10,15,21,22,32,25,16,16,8,1,322,9.94%,3,Wednesday,33,Weekday,8,,,,,,
12/08/2025,FCHBLRSJR01,16,26,31,25,27,22,11,20,23,22,17,21,22,24,20,21,9,3,360,8.61%,2,Tuesday,33,Weekday,8,,,,,,
12/08/2025,all,20,34,43,38,37,28,13,27,27,35,23,39,32,40,34,33,10,5,518,8.30%,2,Tuesday,33,Weekday,8,,,,,,
12/08/2025,FCHBLRWHF01,4,8,12,13,10,6,2,7,4,13,6,18,10,16,14,12,1,2,158,11.39%,2,Tuesday,33,Weekday,8,,,,,,
11/08/2025,FCHBLRSJR01,12,28,42,41,31,27,21,17,14,13,24,18,26,31,25,23,7,6,406,10.34%,1,Monday,33,Weekday,8,,,,,,
11/08/2025,all,19,35,53,47,43,36,32,19,16,24,32,24,39,42,32,26,8,6,533,9.94%,1,Monday,33,Weekday,8,,,,,,
11/08/2025,FCHBLRWHF01,7,7,11,6,12,9,11,2,2,11,8,6,13,11,7,3,1,0,127,10.24%,1,Monday,33,Weekday,8,,,,,,
10/08/2025,FCHBLRSJR01,4,21,35,43,49,50,29,22,10,23,30,41,42,32,29,23,10,8,501,9.98%,7,Sunday,32,Weekend,8,,,,,,
10/08/2025,all,6,27,51,65,71,67,45,34,19,35,48,60,64,52,40,28,18,10,740,9.59%,7,Sunday,32,Weekend,8,,,,,,
10/08/2025,FCHBLRWHF01,2,6,16,22,22,17,16,12,9,12,18,19,22,20,11,5,8,2,239,9.21%,7,Sunday,32,Weekend,8,,,,,,
09/08/2025,FCHBLRSJR01,11,39,59,55,55,45,43,26,31,22,19,47,40,20,13,8,2,0,535,11.03%,6,Saturday,32,Weekend,8,,,,,,
09/08/2025,all,18,54,80,73,89,75,71,40,47,41,36,69,58,32,25,21,6,2,837,10.63%,6,Saturday,32,Weekend,8,,,,,,
09/08/2025,FCHBLRWHF01,7,15,21,18,34,30,28,14,16,19,17,22,18,12,12,13,4,2,302,11.26%,6,Saturday,32,Weekend,8,,,,,,
08/08/2025,FCHBLRSJR01,7,24,35,41,35,32,11,11,19,14,26,40,31,27,22,21,12,8,416,9.86%,5,Friday,32,Weekday,8,,,,,,
08/08/2025,all,11,30,54,53,45,40,18,15,24,19,32,48,39,33,29,35,16,11,552,9.78%,5,Friday,32,Weekday,8,,,,,,
08/08/2025,FCHBLRWHF01,4,6,19,12,10,8,7,4,5,5,6,8,8,6,7,14,4,3,136,13.97%,5,Friday,32,Weekday,8,,,,,,
07/08/2025,FCHBLRSJR01,13,24,30,33,22,28,28,18,9,11,25,27,33,29,25,18,13,2,388,8.51%,4,Thursday,32,Weekday,8,,,,,,
07/08/2025,all,16,30,40,45,23,33,34,20,13,12,31,33,37,35,30,23,15,3,473,9.51%,4,Thursday,32,Weekday,8,,,,,,
07/08/2025,FCHBLRWHF01,3,6,10,12,1,5,6,2,4,1,6,6,4,6,5,5,2,1,85,14.12%,4,Thursday,32,Weekday,8,,,,,,
06/08/2025,FCHBLRSJR01,9,38,38,27,21,16,16,7,11,7,15,18,31,35,22,13,8,4,336,11.31%,3,Wednesday,32,Weekday,8,,,,,,
06/08/2025,all,16,48,48,38,25,22,19,13,16,8,21,29,42,43,28,22,10,4,452,10.62%,3,Wednesday,32,Weekday,8,,,,,,
06/08/2025,FCHBLRWHF01,7,10,10,11,4,6,3,6,5,1,6,11,11,8,6,9,2,0,116,9.48%,3,Wednesday,32,Weekday,8,,,,,,
05/08/2025,FCHBLRSJR01,17,29,26,33,22,15,11,11,6,13,26,27,24,24,22,19,6,1,332,9.94%,2,Tuesday,32,Weekday,8,,,,,,
05/08/2025,all,21,38,36,44,32,20,18,16,8,19,29,35,30,30,27,21,9,3,436,10.09%,2,Tuesday,32,Weekday,8,,,,,,
05/08/2025,FCHBLRWHF01,4,9,10,11,10,5,7,5,2,6,3,8,6,6,5,2,3,2,104,10.58%,2,Tuesday,32,Weekday,8,,,,,,
04/08/2025,FCHBLRSJR01,9,29,32,30,29,12,18,15,10,14,22,23,22,27,16,9,9,3,329,9.73%,1,Monday,32,Weekday,8,,,,,,
04/08/2025,all,13,33,41,50,34,17,20,22,13,15,30,30,34,35,19,15,11,5,437,11.44%,1,Monday,32,Weekday,8,,,,,,
04/08/2025,FCHBLRWHF01,4,4,9,20,5,5,2,7,3,1,8,7,12,8,3,6,2,2,108,18.52%,1,Monday,32,Weekday,8,,,,,,
03/08/2025,FCHBLRSJR01,8,15,40,39,40,36,30,23,19,21,15,25,45,28,25,20,14,5,448,10.04%,7,Sunday,31,Weekend,8,,,,,,
03/08/2025,all,8,23,56,69,62,59,42,34,28,24,24,43,63,44,36,29,18,6,668,10.33%,7,Sunday,31,Weekend,8,,,,,,
03/08/2025,FCHBLRWHF01,0,8,16,30,22,23,12,11,9,3,9,18,18,16,11,9,4,1,220,13.64%,7,Sunday,31,Weekend,8,,,,,,
02/08/2025,FCHBLRSJR01,7,21,46,37,35,26,27,26,22,21,25,25,32,27,16,8,3,10,414,11.11%,6,Saturday,31,Weekend,8,,,,,,
02/08/2025,all,15,40,81,77,61,53,50,35,30,29,36,42,50,46,28,9,4,12,698,11.60%,6,Saturday,31,Weekend,8,,,,,,
02/08/2025,FCHBLRWHF01,8,19,35,40,26,27,23,9,8,8,11,17,18,19,12,1,1,2,284,14.08%,6,Saturday,31,Weekend,8,,,,,,
01/08/2025,FCHBLRSJR01,11,27,37,28,13,20,26,11,10,13,21,20,22,35,14,14,8,5,335,11.04%,5,Friday,31,Weekday,8,,,,,,
01/08/2025,all,16,32,48,42,24,21,28,13,12,17,22,26,31,40,17,15,9,6,419,11.46%,5,Friday,31,Weekday,8,,,,,,
01/08/2025,FCHBLRWHF01,5,5,11,14,11,1,2,2,2,4,1,6,9,5,3,1,1,1,84,16.67%,5,Friday,31,Weekday,8,,,,,,
31/07/2025,FCHBLRSJR01,6,31,42,33,17,19,14,13,16,10,17,27,23,26,20,14,8,5,341,12.32%,4,Thursday,31,Weekday,7,,,,,,
31/07/2025,all,6,35,47,46,25,22,21,16,20,14,20,34,29,31,25,16,10,5,422,11.14%,4,Thursday,31,Weekday,7,,,,,,
31/07/2025,FCHBLRWHF01,0,4,5,13,8,3,7,3,4,4,3,7,6,5,5,2,2,0,81,16.05%,4,Thursday,31,Weekday,7,,,,,,
30/07/2025,FCHBLRSJR01,13,34,42,15,22,17,9,19,8,22,15,17,26,23,14,21,5,5,327,12.84%,3,Wednesday,31,Weekday,7,,,,,,
30/07/2025,all,17,39,48,20,27,21,16,24,9,27,17,24,32,32,27,23,6,5,414,11.59%,3,Wednesday,31,Weekday,7,,,,,,
30/07/2025,FCHBLRWHF01,4,5,6,5,5,4,7,5,1,5,2,7,6,9,13,2,1,0,87,14.94%,3,Wednesday,31,Weekday,7,,,,,,
29/07/2025,all,15,38,43,35,21,25,16,16,11,15,17,15,31,30,31,14,4,3,380,11.32%,2,Tuesday,31,Weekday,7,,,,,,
29/07/2025,FCHBLRWHF01,2,7,12,3,6,4,3,3,2,1,1,1,8,7,7,2,1,0,70,17.14%,2,Tuesday,31,Weekday,7,,,,,,
29/07/2025,FCHBLRSJR01,13,31,31,32,15,21,13,13,9,14,16,14,23,23,24,12,3,3,310,10.32%,2,Tuesday,31,Weekday,7,,,,,,
28/07/2025,FCHBLRSJR01,10,20,41,33,21,19,19,18,14,14,22,21,22,30,29,14,10,0,357,11.48%,1,Monday,31,Weekday,7,,,,,,
28/07/2025,all,14,24,46,34,26,23,20,19,16,18,32,25,25,32,34,21,13,0,422,10.90%,1,Monday,31,Weekday,7,,,,,,
28/07/2025,FCHBLRWHF01,4,4,5,1,5,4,1,1,2,4,10,4,3,2,5,7,3,0,65,15.38%,1,Monday,31,Weekday,7,,,,,,
27/07/2025,FCHBLRSJR01,4,9,40,53,49,45,43,29,22,15,21,19,30,32,25,20,11,4,471,11.25%,7,Sunday,30,Weekend,7,,,,,,
27/07/2025,all,4,10,47,71,61,59,56,31,32,23,29,29,48,41,34,22,12,6,615,11.54%,7,Sunday,30,Weekend,7,,,,,,
27/07/2025,FCHBLRWHF01,0,1,7,18,12,14,13,2,10,8,8,10,18,9,9,2,1,2,144,12.50%,7,Sunday,30,Weekend,7,,,,,,
26/07/2025,FCHBLRSJR01,12,19,29,33,34,29,31,22,21,18,19,29,24,18,16,12,4,2,372,9.14%,6,Saturday,30,Weekend,7,,,,,,
26/07/2025,all,12,20,42,42,54,37,39,35,29,26,29,36,37,35,18,17,5,3,516,10.47%,6,Saturday,30,Weekend,7,,,,,,
26/07/2025,FCHBLRWHF01,0,1,13,9,20,8,8,13,8,8,10,7,13,17,2,5,1,1,144,13.89%,6,Saturday,30,Weekend,7,,,,,,
25/07/2025,all,4,21,41,36,19,14,14,11,14,18,17,28,29,17,14,9,12,5,323,12.69%,5,Friday,30,Weekday,7,,,,,,
25/07/2025,FCHBLRWHF01,0,3,2,6,4,4,1,2,2,2,5,5,7,5,3,0,4,1,56,12.50%,5,Friday,30,Weekday,7,,,,,,
25/07/2025,FCHBLRSJR01,4,18,39,30,15,10,13,9,12,16,12,23,22,12,11,9,8,4,267,14.61%,5,Friday,30,Weekday,7,,,,,,
24/07/2025,all,16,30,27,34,28,19,11,13,15,17,19,22,19,22,15,18,6,6,337,10.09%,4,Thursday,30,Weekday,7,,,,,,
24/07/2025,FCHBLRWHF01,1,6,8,5,4,1,1,1,2,0,3,3,5,4,1,0,0,0,45,17.78%,4,Thursday,30,Weekday,7,,,,,,
24/07/2025,FCHBLRSJR01,15,24,19,29,24,18,10,12,13,17,16,19,14,18,14,18,6,6,292,9.93%,4,Thursday,30,Weekday,7,,,,,,
23/07/2025,FCHBLRSJR01,10,25,44,37,15,14,17,14,10,11,14,22,16,24,14,19,10,6,322,13.66%,3,Wednesday,30,Weekday,7,,,,,,
23/07/2025,all,10,30,51,40,18,16,20,15,11,13,16,26,23,28,16,20,11,6,370,13.78%,3,Wednesday,30,Weekday,7,,,,,,
23/07/2025,FCHBLRWHF01,0,5,7,3,3,2,3,1,1,2,2,4,7,4,2,1,1,0,48,14.58%,3,Wednesday,30,Weekday,7,,,,,,
22/07/2025,FCHBLRSJR01,15,21,23,29,21,16,12,14,20,9,18,21,22,17,20,15,10,6,309,9.39%,2,Tuesday,30,Weekday,7,,,,,,
22/07/2025,all,20,24,28,30,22,19,15,16,22,9,22,26,24,18,20,15,10,7,347,8.65%,2,Tuesday,30,Weekday,7,,,,,,
22/07/2025,FCHBLRWHF01,5,3,5,1,1,3,3,2,2,0,4,5,2,1,0,0,0,1,38,13.16%,2,Tuesday,30,Weekday,7,,,,,,
21/07/2025,all,8,30,35,24,30,28,11,11,9,10,19,22,13,33,21,11,8,2,325,10.77%,1,Monday,30,Weekday,7,,,,,,
21/07/2025,FCHBLRWHF01,0,1,3,4,4,5,1,1,0,1,3,2,2,3,2,0,1,1,34,14.71%,1,Monday,30,Weekday,7,,,,,,
21/07/2025,FCHBLRSJR01,8,29,32,20,26,23,10,10,9,9,16,20,11,30,19,11,7,1,291,11.00%,1,Monday,30,Weekday,7,,,,,,
20/07/2025,FCHBLRSJR01,4,24,31,31,35,36,28,21,14,18,26,24,32,28,22,17,5,1,397,9.07%,7,Sunday,29,Weekend,7,,,,,,
20/07/2025,all,4,27,36,38,37,41,35,26,17,24,30,29,41,37,28,19,5,1,475,8.63%,7,Sunday,29,Weekend,7,,,,,,
20/07/2025,FCHBLRWHF01,0,3,5,7,2,5,7,5,3,6,4,5,9,9,6,2,0,0,78,11.54%,7,Sunday,29,Weekend,7,,,,,,
19/07/2025,FCHBLRSJR01,6,25,36,41,32,39,23,18,22,14,20,32,21,18,15,5,6,3,376,10.90%,6,Saturday,29,Weekend,7,,,,,,
19/07/2025,all,6,27,41,46,50,49,26,24,26,23,26,37,29,25,16,9,8,4,472,10.59%,6,Saturday,29,Weekend,7,,,,,,
19/07/2025,FCHBLRWHF01,0,2,5,5,18,10,3,6,4,9,6,5,8,7,1,4,2,1,96,18.75%,6,Saturday,29,Weekend,7,,,,,,
18/07/2025,all,14,33,39,25,22,28,20,9,10,11,13,19,17,22,15,16,5,1,319,12.23%,5,Friday,29,Weekday,7,,,,,,
18/07/2025,FCHBLRWHF01,2,2,9,4,4,11,10,3,1,1,4,3,1,1,1,1,0,0,58,18.97%,5,Friday,29,Weekday,7,,,,,,
18/07/2025,FCHBLRSJR01,12,31,30,21,18,17,10,6,9,10,9,16,16,21,14,15,5,1,261,11.88%,5,Friday,29,Weekday,7,,,,,,
17/07/2025,all,20,28,35,25,25,17,20,10,11,11,20,26,28,31,12,16,9,5,349,10.03%,4,Thursday,29,Weekday,7,,,,,,
17/07/2025,FCHBLRSJR01,19,24,34,23,22,17,13,10,7,8,18,17,22,24,9,13,8,5,293,11.60%,4,Thursday,29,Weekday,7,,,,,,
17/07/2025,FCHBLRWHF01,1,4,1,2,3,0,7,0,4,3,2,9,6,7,3,3,1,0,56,16.07%,4,Thursday,29,Weekday,7,,,,,,
16/07/2025,FCHBLRSJR01,9,35,39,21,21,14,18,11,5,13,13,21,13,19,20,12,7,6,297,13.13%,3,Wednesday,29,Weekday,7,,,,,,
16/07/2025,all,10,37,50,25,24,16,22,17,13,17,17,29,18,22,24,17,9,7,374,13.37%,3,Wednesday,29,Weekday,7,,,,,,
16/07/2025,FCHBLRWHF01,1,2,11,4,3,2,4,6,8,4,4,8,5,3,4,5,2,1,77,14.29%,3,Wednesday,29,Weekday,7,,,,,,
15/07/2025,FCHBLRSJR01,12,28,37,27,25,13,20,14,13,13,20,16,12,21,11,18,6,0,306,12.09%,2,Tuesday,29,Weekday,7,,,,,,
15/07/2025,all,12,28,37,27,25,13,20,14,13,13,20,16,12,21,12,18,6,0,307,12.05%,2,Tuesday,29,Weekday,7,,,,,,
15/07/2025,FCHBLRWHF01,0,0,0,0,0,0,0,0,0,0,0,0,0,0,1,0,0,0,1,100.00%,2,Tuesday,29,Weekday,7,,,,,,
14/07/2025,all,4,20,26,29,25,11,17,14,13,15,19,14,19,22,13,10,4,7,282,10.28%,1,Monday,29,Weekday,7,,,,,,
14/07/2025,FCHBLRSJR01,4,20,26,29,25,11,17,14,13,15,19,14,19,22,13,10,4,7,282,10.28%,1,Monday,29,Weekday,7,,,,,,
13/07/2025,FCHBLRSJR01,1,19,32,42,37,49,38,25,26,14,24,26,25,28,17,13,7,3,426,11.50%,7,Sunday,28,Weekend,7,,,,,,
13/07/2025,all,1,19,32,42,37,49,38,25,26,14,24,26,25,28,17,13,7,3,426,11.50%,7,Sunday,28,Weekend,7,,,,,,
12/07/2025,FCHBLRSJR01,3,19,50,40,32,26,23,22,23,22,15,17,28,25,15,5,3,4,372,13.44%,6,Saturday,28,Weekend,7,,,,,,
12/07/2025,all,3,19,50,40,32,26,23,22,23,22,15,17,28,25,15,5,3,4,372,13.44%,6,Saturday,28,Weekend,7,,,,,,
11/07/2025,all,7,13,32,21,23,19,10,16,20,14,19,18,21,21,11,8,6,2,281,11.39%,5,Friday,28,Weekday,7,,,,,,
11/07/2025,FCHBLRSJR01,7,13,32,21,23,19,10,16,20,14,19,18,21,21,11,8,6,2,281,11.39%,5,Friday,28,Weekday,7,,,,,,
10/07/2025,all,9,18,34,27,23,14,15,8,8,13,12,16,20,16,25,13,4,1,276,12.32%,4,Thursday,28,Weekday,7,,,,,,
10/07/2025,FCHBLRSJR01,9,18,34,27,23,14,15,8,8,13,12,16,20,16,25,13,4,1,276,12.32%,4,Thursday,28,Weekday,7,,,,,,
09/07/2025,all,7,12,37,20,18,13,8,3,12,13,17,18,22,18,19,12,6,4,259,14.29%,3,Wednesday,28,Weekday,7,,,,,,
09/07/2025,FCHBLRSJR01,7,12,37,20,18,13,8,3,12,13,17,18,22,18,19,12,6,4,259,14.29%,3,Wednesday,28,Weekday,7,,,,,,
08/07/2025,FCHBLRSJR01,8,17,29,19,18,22,18,8,8,16,13,19,24,24,18,15,1,5,282,10.28%,2,Tuesday,28,Weekday,7,,,,,,
08/07/2025,all,8,17,29,19,18,22,18,8,8,16,13,19,24,24,18,15,1,5,282,10.28%,2,Tuesday,28,Weekday,7,,,,,,
07/07/2025,FCHBLRSJR01,10,23,34,24,19,9,16,17,14,15,8,20,14,31,20,6,10,2,292,11.64%,1,Monday,28,Weekday,7,,,,,,
07/07/2025,all,10,23,34,24,19,9,16,17,14,15,8,20,14,31,20,6,10,2,292,11.64%,1,Monday,28,Weekday,7,,,,,,
06/07/2025,FCHBLRSJR01,4,15,41,51,34,36,26,22,10,19,18,16,29,27,26,16,12,1,403,12.66%,7,Sunday,27,Weekend,7,,,,,,
06/07/2025,all,4,15,41,51,34,36,26,22,10,19,18,16,29,27,26,16,12,1,403,12.66%,7,Sunday,27,Weekend,7,,,,,,
05/07/2025,FCHBLRSJR01,2,20,33,29,32,27,29,13,16,16,18,25,20,21,15,10,7,1,334,9.88%,6,Saturday,27,Weekend,7,,,,,,
05/07/2025,all,2,20,33,29,32,27,29,13,16,16,18,25,20,21,15,10,7,1,334,9.88%,6,Saturday,27,Weekend,7,,,,,,
04/07/2025,all,6,20,24,18,17,22,7,8,5,9,7,15,14,19,12,8,5,4,220,10.91%,5,Friday,27,Weekday,7,,,,,,
04/07/2025,FCHBLRSJR01,6,20,24,18,17,22,7,8,5,9,7,15,14,19,12,8,5,4,220,10.91%,5,Friday,27,Weekday,7,,,,,,
03/07/2025,all,1,18,17,16,13,9,4,9,12,8,7,16,16,20,13,8,5,0,192,10.42%,4,Thursday,27,Weekday,7,,,,,,
03/07/2025,FCHBLRSJR01,1,18,17,16,13,9,4,9,12,8,7,16,16,20,13,8,5,0,192,10.42%,4,Thursday,27,Weekday,7,,,,,,
02/07/2025,all,7,15,30,22,6,8,16,14,12,7,17,12,11,13,14,14,3,1,222,13.51%,3,Wednesday,27,Weekday,7,,,,,,
02/07/2025,FCHBLRSJR01,7,15,30,22,6,8,16,14,12,7,17,12,11,13,14,14,3,1,222,13.51%,3,Wednesday,27,Weekday,7,,,,,,
01/07/2025,all,4,18,27,16,13,16,7,6,11,9,22,22,19,11,10,11,2,2,226,11.95%,2,Tuesday,27,Weekday,7,,,,,,
01/07/2025,FCHBLRSJR01,4,18,27,16,13,16,7,6,11,9,22,22,19,11,10,11,2,2,226,11.95%,2,Tuesday,27,Weekday,7,,,,,,
30/06/2025,FCHBLRSJR01,10,18,31,21,18,14,9,6,3,13,11,19,15,17,10,15,4,1,235,13.19%,1,Monday,27,Weekday,6,,,,,,
30/06/2025,all,10,18,31,21,18,14,9,6,3,13,11,19,15,17,10,15,4,1,235,13.19%,1,Monday,27,Weekday,6,,,,,,
29/06/2025,FCHBLRSJR01,6,12,32,30,34,20,22,14,8,14,14,23,16,23,10,15,2,8,303,11.22%,7,Sunday,26,Weekend,6,,,,,,
29/06/2025,all,6,12,32,30,34,20,22,14,8,14,14,23,16,23,10,15,2,8,303,11.22%,7,Sunday,26,Weekend,6,,,,,,
28/06/2025,FCHBLRSJR01,1,20,31,28,29,26,22,16,11,12,8,16,17,21,19,13,4,7,301,10.30%,6,Saturday,26,Weekend,6,,,,,,
28/06/2025,all,1,20,31,28,29,26,22,16,11,12,8,16,17,21,19,13,4,7,301,10.30%,6,Saturday,26,Weekend,6,,,,,,
27/06/2025,all,7,10,20,16,9,10,7,8,1,11,4,17,17,7,6,9,2,4,165,12.12%,5,Friday,26,Weekday,6,,,,,,
27/06/2025,FCHBLRSJR01,7,10,20,16,9,10,7,8,1,11,4,17,17,7,6,9,2,4,165,12.12%,5,Friday,26,Weekday,6,,,,,,
26/06/2025,all,3,21,14,22,7,10,13,3,5,5,15,10,9,14,13,7,7,3,181,12.15%,4,Thursday,26,Weekday,6,,,,,,
26/06/2025,FCHBLRSJR01,3,21,14,22,7,10,13,3,5,5,15,10,9,14,13,7,7,3,181,12.15%,4,Thursday,26,Weekday,6,,,,,,
25/06/2025,FCHBLRSJR01,4,11,22,13,12,12,7,11,13,6,12,20,11,16,14,7,1,1,193,11.40%,3,Wednesday,26,Weekday,6,,,,,,
25/06/2025,all,4,11,22,13,12,12,7,11,13,6,12,20,11,16,14,7,1,1,193,11.40%,3,Wednesday,26,Weekday,6,,,,,,
24/06/2025,all,3,15,21,13,5,6,13,4,11,8,9,7,10,15,10,11,4,1,166,12.65%,2,Tuesday,26,Weekday,6,,,,,,
24/06/2025,FCHBLRSJR01,3,15,21,13,5,6,13,4,11,8,9,7,10,15,10,11,4,1,166,12.65%,2,Tuesday,26,Weekday,6,,,,,,
23/06/2025,FCHBLRSJR01,4,13,21,17,10,8,8,15,4,9,9,15,11,15,10,14,2,3,188,11.17%,1,Monday,26,Weekday,6,,,,,,
23/06/2025,all,4,13,21,17,10,8,8,15,4,9,9,15,11,15,10,14,2,3,188,11.17%,1,Monday,26,Weekday,6,,,,,,
22/06/2025,FCHBLRSJR01,3,8,17,28,21,21,21,13,13,18,8,32,12,14,20,6,4,3,262,12.21%,7,Sunday,25,Weekend,6,,,,,,
22/06/2025,all,3,8,17,28,21,21,21,13,13,18,8,32,12,14,20,6,4,3,262,12.21%,7,Sunday,25,Weekend,6,,,,,,
21/06/2025,FCHBLRSJR01,2,8,10,23,15,11,20,13,19,15,16,16,14,19,9,11,1,2,224,10.27%,6,Saturday,25,Weekend,6,,,,,,
21/06/2025,all,2,8,10,23,15,11,20,13,19,15,16,16,14,19,9,11,1,2,224,10.27%,6,Saturday,25,Weekend,6,,,,,,
20/06/2025,all,4,6,17,17,9,4,9,5,0,7,9,11,9,14,17,4,3,2,147,11.56%,5,Friday,25,Weekday,6,,,,,,
20/06/2025,FCHBLRSJR01,4,6,17,17,9,4,9,5,0,7,9,11,9,14,17,4,3,2,147,11.56%,5,Friday,25,Weekday,6,,,,,,
19/06/2025,all,6,8,6,5,7,5,4,5,6,2,4,14,10,12,6,7,4,0,111,12.61%,4,Thursday,25,Weekday,6,,,,,,
19/06/2025,FCHBLRSJR01,6,8,6,5,7,5,4,5,6,2,4,14,10,12,6,7,4,0,111,12.61%,4,Thursday,25,Weekday,6,,,,,,
18/06/2025,all,1,6,18,6,9,7,1,5,3,4,7,6,11,6,10,4,8,2,114,15.79%,3,Wednesday,25,Weekday,6,,,,,,
18/06/2025,FCHBLRSJR01,1,6,18,6,9,7,1,5,3,4,7,6,11,6,10,4,8,2,114,15.79%,3,Wednesday,25,Weekday,6,,,,,,
17/06/2025,all,4,10,10,9,6,7,5,9,5,5,6,7,7,11,11,2,3,1,118,9.32%,2,Tuesday,25,Weekday,6,,,,,,
17/06/2025,FCHBLRSJR01,4,10,10,9,6,7,5,9,5,5,6,7,7,11,11,2,3,1,118,9.32%,2,Tuesday,25,Weekday,6,,,,,,
16/06/2025,FCHBLRSJR01,6,12,9,11,5,4,4,3,1,9,9,6,12,9,7,12,3,2,124,9.68%,1,Monday,25,Weekday,6,,,,,,
16/06/2025,all,6,12,9,11,5,4,4,3,1,9,9,6,12,9,7,12,3,2,124,9.68%,1,Monday,25,Weekday,6,,,,,,
15/06/2025,FCHBLRSJR01,1,5,13,11,8,22,7,12,10,8,6,9,12,9,10,8,5,4,160,13.75%,7,Sunday,24,Weekend,6,,,,,,
15/06/2025,all,1,5,13,11,8,22,7,12,10,8,6,9,12,9,10,8,5,4,160,13.75%,7,Sunday,24,Weekend,6,,,,,,
14/06/2025,FCHBLRSJR01,3,7,14,12,16,7,14,14,9,8,11,10,15,7,9,4,3,0,163,9.82%,6,Saturday,24,Weekend,6,,,,,,
14/06/2025,all,3,7,14,12,16,7,14,14,9,8,11,10,15,7,9,4,3,0,163,9.82%,6,Saturday,24,Weekend,6,,,,,,
13/06/2025,all,4,6,9,10,7,9,2,3,6,4,5,6,2,9,3,4,1,3,93,10.75%,5,Friday,24,Weekday,6,,,,,,
13/06/2025,FCHBLRSJR01,4,6,9,10,7,9,2,3,6,4,5,6,2,9,3,4,1,3,93,10.75%,5,Friday,24,Weekday,6,,,,,,
12/06/2025,all,1,6,13,4,6,5,2,2,2,5,3,6,4,3,6,0,2,2,72,18.06%,4,Thursday,24,Weekday,6,,,,,,
12/06/2025,FCHBLRSJR01,1,6,13,4,6,5,2,2,2,5,3,6,4,3,6,0,2,2,72,18.06%,4,Thursday,24,Weekday,6,,,,,,
11/06/2025,all,1,6,8,14,10,4,7,2,7,6,7,4,6,3,1,6,2,2,96,14.58%,3,Wednesday,24,Weekday,6,,,,,,
11/06/2025,FCHBLRSJR01,1,6,8,14,10,4,7,2,7,6,7,4,6,3,1,6,2,2,96,14.58%,3,Wednesday,24,Weekday,6,,,,,,
10/06/2025,FCHBLRSJR01,6,4,5,8,5,10,2,4,5,6,6,6,4,7,18,5,3,1,105,17.14%,2,Tuesday,24,Weekday,6,,,,,,
10/06/2025,all,6,4,5,8,5,10,2,4,5,6,6,6,4,7,18,5,3,1,105,17.14%,2,Tuesday,24,Weekday,6,,,,,,
09/06/2025,all,2,3,10,7,1,3,1,1,3,3,4,4,3,4,3,5,3,1,61,16.39%,1,Monday,24,Weekday,6,,,,,,
09/06/2025,FCHBLRSJR01,2,3,10,7,1,3,1,1,3,3,4,4,3,4,3,5,3,1,61,16.39%,1,Monday,24,Weekday,6,,,,,,
08/06/2025,FCHBLRSJR01,0,3,7,10,5,7,5,6,8,6,7,6,9,13,6,9,1,2,110,11.82%,7,Sunday,23,Weekend,6,,,,,,
08/06/2025,all,0,3,7,10,5,7,5,6,8,6,7,6,9,13,6,9,1,2,110,11.82%,7,Sunday,23,Weekend,6,,,,,,
07/06/2025,FCHBLRSJR01,0,2,5,6,12,8,3,8,6,8,5,14,8,10,6,10,3,1,115,12.17%,6,Saturday,23,Weekend,6,,,,,,
07/06/2025,all,0,2,5,6,12,8,3,8,6,8,5,14,8,10,6,10,3,1,115,12.17%,6,Saturday,23,Weekend,6,,,,,,
06/06/2025,all,0,4,3,4,3,3,1,4,1,2,0,2,1,1,4,3,0,0,36,11.11%,5,Friday,23,Weekday,6,,,,,,
06/06/2025,FCHBLRSJR01,0,4,3,4,3,3,1,4,1,2,0,2,1,1,4,3,0,0,36,11.11%,5,Friday,23,Weekday,6,,,,,,
05/06/2025,FCHBLRSJR01,2,3,2,2,2,2,4,5,0,1,1,5,9,5,5,6,2,1,57,15.79%,4,Thursday,23,Weekday,6,,,,,,
05/06/2025,all,2,3,2,2,2,2,4,5,0,1,1,5,9,5,5,6,2,1,57,15.79%,4,Thursday,23,Weekday,6,,,,,,
04/06/2025,all,0,4,2,0,1,1,1,1,2,0,4,1,3,2,2,4,6,0,34,17.65%,3,Wednesday,23,Weekday,6,,,,,,
04/06/2025,FCHBLRSJR01,0,4,2,0,1,1,1,1,2,0,4,1,3,2,2,4,6,0,34,17.65%,3,Wednesday,23,Weekday,6,,,,,,
03/06/2025,all,0,1,2,2,0,8,1,1,1,3,0,4,0,1,6,5,1,0,36,22.22%,2,Tuesday,23,Weekday,6,,,,,,
03/06/2025,FCHBLRSJR01,0,1,2,2,0,8,1,1,1,3,0,4,0,1,6,5,1,0,36,22.22%,2,Tuesday,23,Weekday,6,,,,,,
02/06/2025,all,0,0,1,1,1,1,0,2,1,2,1,2,1,2,2,1,3,3,24,12.50%,1,Monday,23,Weekday,6,,,,,,
02/06/2025,FCHBLRSJR01,0,0,1,1,1,1,0,2,1,2,1,2,1,2,2,1,3,3,24,12.50%,1,Monday,23,Weekday,6,,,,,,
01/06/2025,all,0,1,0,5,2,1,0,2,2,0,1,2,0,1,1,1,5,0,24,20.83%,7,Sunday,22,Weekend,6,,,,,,
01/06/2025,FCHBLRSJR01,0,1,0,5,2,1,0,2,2,0,1,2,0,1,1,1,5,0,24,20.83%,7,Sunday,22,Weekend,6,,,,,,
31/05/2025,FCHBLRSJR01,0,1,0,2,3,1,9,3,0,4,7,3,2,0,7,2,0,0,44,20.45%,6,Saturday,22,Weekend,5,,,,,,
31/05/2025,all,0,1,0,2,3,1,9,3,0,4,7,3,2,0,7,2,0,0,44,20.45%,6,Saturday,22,Weekend,5,,,,,,
30/05/2025,all,0,0,0,2,0,1,2,2,0,3,1,0,0,1,1,1,1,0,15,20.00%,5,Friday,22,Weekday,5,,,,,,
30/05/2025,FCHBLRSJR01,0,0,0,2,0,1,2,2,0,3,1,0,0,1,1,1,1,0,15,20.00%,5,Friday,22,Weekday,5,,,,,,
29/05/2025,all,0,2,1,1,0,1,0,2,0,0,0,0,2,2,4,2,0,0,17,23.53%,4,Thursday,22,Weekday,5,,,,,,
29/05/2025,FCHBLRSJR01,0,2,1,1,0,1,0,2,0,0,0,0,2,2,4,2,0,0,17,23.53%,4,Thursday,22,Weekday,5,,,,,,
28/05/2025,all,0,0,2,0,0,2,2,1,0,1,0,1,3,5,0,2,0,0,19,26.32%,3,Wednesday,22,Weekday,5,,,,,,
28/05/2025,FCHBLRSJR01,0,0,2,0,0,2,2,1,0,1,0,1,3,5,0,2,0,0,19,26.32%,3,Wednesday,22,Weekday,5,,,,,,
27/05/2025,all,0,2,0,1,1,0,1,1,0,1,1,2,4,2,0,3,0,0,19,21.05%,2,Tuesday,22,Weekday,5,,,,,,
27/05/2025,FCHBLRSJR01,0,2,0,1,1,0,1,1,0,1,1,2,4,2,0,3,0,0,19,21.05%,2,Tuesday,22,Weekday,5,,,,,,
26/05/2025,all,2,0,3,0,0,0,0,0,5,0,1,2,2,1,2,1,0,0,19,26.32%,1,Monday,22,Weekday,5,,,,,,
26/05/2025,FCHBLRSJR01,2,0,3,0,0,0,0,0,5,0,1,2,2,1,2,1,0,0,19,26.32%,1,Monday,22,Weekday,5,,,,,,
25/05/2025,all,0,0,3,2,1,2,2,0,1,1,1,1,0,3,1,0,0,0,18,16.67%,7,Sunday,21,Weekend,5,,,,,,
25/05/2025,FCHBLRSJR01,0,0,3,2,1,2,2,0,1,1,1,1,0,3,1,0,0,0,18,16.67%,7,Sunday,21,Weekend,5,,,,,,
24/05/2025,FCHBLRSJR01,0,2,3,2,4,2,3,0,1,1,4,2,2,1,2,5,0,0,34,14.71%,6,Saturday,21,Weekend,5,,,,,,
24/05/2025,all,0,2,3,2,4,2,3,0,1,1,4,2,2,1,2,5,0,0,34,14.71%,6,Saturday,21,Weekend,5,,,,,,
23/05/2025,all,0,0,0,0,1,0,3,0,0,0,0,0,2,0,2,0,0,0,8,37.50%,5,Friday,21,Weekday,5,,,,,,
23/05/2025,FCHBLRSJR01,0,0,0,0,1,0,3,0,0,0,0,0,2,0,2,0,0,0,8,37.50%,5,Friday,21,Weekday,5,,,,,,
22/05/2025,all,0,0,0,0,0,0,0,1,0,4,0,1,1,0,5,1,0,0,13,38.46%,4,Thursday,21,Weekday,5,,,,,,
22/05/2025,FCHBLRSJR01,0,0,0,0,0,0,0,1,0,4,0,1,1,0,5,1,0,0,13,38.46%,4,Thursday,21,Weekday,5,,,,,,
21/05/2025,all,0,0,0,0,0,0,0,0,1,0,0,0,1,2,3,2,0,0,9,33.33%,3,Wednesday,21,Weekday,5,,,,,,
21/05/2025,FCHBLRSJR01,0,0,0,0,0,0,0,0,1,0,0,0,1,2,3,2,0,0,9,33.33%,3,Wednesday,21,Weekday,5,,,,,,
20/05/2025,all,0,0,1,0,0,0,0,0,1,0,0,1,0,1,1,0,0,0,5,20.00%,2,Tuesday,21,Weekday,5,,,,,,
20/05/2025,FCHBLRSJR01,0,0,1,0,0,0,0,0,1,0,0,1,0,1,1,0,0,0,5,20.00%,2,Tuesday,21,Weekday,5,,,,,,
19/05/2025,all,0,0,0,0,0,0,0,0,0,0,0,1,4,0,1,0,0,0,6,66.67%,1,Monday,21,Weekday,5,,,,,,
19/05/2025,FCHBLRSJR01,0,0,0,0,0,0,0,0,0,0,0,1,4,0,1,0,0,0,6,66.67%,1,Monday,21,Weekday,5,,,,,,
18/05/2025,all,0,0,1,1,0,1,1,1,0,0,1,1,0,0,0,0,0,0,7,14.29%,7,Sunday,20,Weekend,5,,,,,,
18/05/2025,FCHBLRSJR01,0,0,1,1,0,1,1,1,0,0,1,1,0,0,0,0,0,0,7,14.29%,7,Sunday,20,Weekend,5,,,,,,
17/05/2025,all,0,0,1,0,2,0,0,2,1,0,0,0,1,0,0,3,0,0,10,30.00%,6,Saturday,20,Weekend,5,,,,,,
17/05/2025,FCHBLRSJR01,0,0,1,0,2,0,0,2,1,0,0,0,1,0,0,3,0,0,10,30.00%,6,Saturday,20,Weekend,5,,,,,,
16/05/2025,FCHBLRSJR01,0,0,0,0,1,0,0,1,1,1,1,2,0,3,0,1,0,0,11,27.27%,5,Friday,20,Weekday,5,,,,,,
16/05/2025,all,0,0,0,0,1,0,0,1,1,1,1,2,0,3,0,1,0,0,11,27.27%,5,Friday,20,Weekday,5,,,,,,
15/05/2025,all,0,0,0,2,1,1,0,2,0,0,2,0,0,0,0,1,0,0,9,22.22%,4,Thursday,20,Weekday,5,,,,,,
15/05/2025,FCHBLRSJR01,0,0,0,2,1,1,0,2,0,0,2,0,0,0,0,1,0,0,9,22.22%,4,Thursday,20,Weekday,5,,,,,,
14/05/2025,FCHBLRSJR01,0,0,1,0,1,0,1,0,0,0,2,3,3,2,2,1,0,0,16,18.75%,3,Wednesday,20,Weekday,5,,,,,,
14/05/2025,all,0,0,1,0,1,0,1,0,0,0,2,3,3,2,2,1,0,0,16,18.75%,3,Wednesday,20,Weekday,5,,,,,,
13/05/2025,FCHBLRSJR01,0,0,4,0,2,1,2,2,1,0,1,4,1,4,3,0,0,0,25,16.00%,2,Tuesday,20,Weekday,5,,,,,,
13/05/2025,all,0,0,4,0,2,1,2,2,1,0,1,4,1,4,3,0,0,0,25,16.00%,2,Tuesday,20,Weekday,5,,,,,,
12/05/2025,all,0,0,0,0,0,0,0,0,0,1,0,0,1,1,1,2,0,0,6,33.33%,1,Monday,20,Weekday,5,,,,,,
12/05/2025,FCHBLRSJR01,0,0,0,0,0,0,0,0,0,1,0,0,1,1,1,2,0,0,6,33.33%,1,Monday,20,Weekday,5,,,,,,
11/05/2025,all,0,0,0,0,0,0,0,0,0,0,1,0,0,0,0,0,0,0,1,100.00%,7,Sunday,19,Weekend,5,,,,,,
11/05/2025,FCHBLRSJR01,0,0,0,0,0,0,0,0,0,0,1,0,0,0,0,0,0,0,1,100.00%,7,Sunday,19,Weekend,5,,,,,,
10/05/2025,all,0,0,0,0,0,0,0,0,0,1,0,2,1,0,0,0,0,0,4,50.00%,6,Saturday,19,Weekend,5,,,,,,
10/05/2025,FCHBLRSJR01,0,0,0,0,0,0,0,0,0,1,0,2,1,0,0,0,0,0,4,50.00%,6,Saturday,19,Weekend,5,,,,,,
09/05/2025,all,0,0,0,0,0,0,0,0,1,1,1,0,1,1,1,0,0,0,6,16.67%,5,Friday,19,Weekday,5,,,,,,
09/05/2025,FCHBLRSJR01,0,0,0,0,0,0,0,0,1,1,1,0,1,1,1,0,0,0,6,16.67%,5,Friday,19,Weekday,5,,,,,,
08/05/2025,all,0,0,0,0,0,0,0,0,0,1,1,0,0,1,3,0,0,0,6,50.00%,4,Thursday,19,Weekday,5,,,,,,
08/05/2025,FCHBLRSJR01,0,0,0,0,0,0,0,0,0,1,1,0,0,1,3,0,0,0,6,50.00%,4,Thursday,19,Weekday,5,,,,,,
07/05/2025,all,0,0,0,0,0,0,0,0,0,0,1,1,1,2,1,0,0,0,6,33.33%,3,Wednesday,19,Weekday,5,,,,,,
07/05/2025,FCHBLRSJR01,0,0,0,0,0,0,0,0,0,0,1,1,1,2,1,0,0,0,6,33.33%,3,Wednesday,19,Weekday,5,,,,,,
06/05/2025,FCHBLRSJR01,0,0,0,0,0,2,2,0,1,3,2,0,1,1,0,0,0,0,12,25.00%,2,Tuesday,19,Weekday,5,,,,,,
06/05/2025,all,0,0,0,0,0,2,2,0,1,3,2,0,1,1,0,0,0,0,12,25.00%,2,Tuesday,19,Weekday,5,,,,,,
05/05/2025,FCHBLRSJR01,0,0,1,0,0,0,0,0,2,0,0,0,4,8,1,8,0,0,24,33.33%,1,Monday,19,Weekday,5,,,,,,
05/05/2025,all,0,0,1,0,0,0,0,0,2,0,0,0,4,8,1,8,0,0,24,33.33%,1,Monday,19,Weekday,5,,,,,,
04/05/2025,FCHBLRSJR01,0,0,0,0,0,4,2,1,3,0,6,2,0,0,1,0,0,0,19,31.58%,7,Sunday,18,Weekend,5,,,,,,
04/05/2025,all,0,0,0,0,0,4,2,1,3,0,6,2,0,0,1,0,0,0,19,31.58%,7,Sunday,18,Weekend,5,,,,,,
03/05/2025,all,0,0,0,0,0,0,0,0,0,0,0,0,0,0,0,1,0,0,1,100.00%,6,Saturday,18,Weekend,5,,,,,,
03/05/2025,FCHBLRSJR01,0,0,0,0,0,0,0,0,0,0,0,0,0,0,0,1,0,0,1,100.00%,6,Saturday,18,Weekend,5,,,,,,
01/05/2025,FCHBLRSJR01,0,0,0,0,0,0,0,2,1,0,0,0,0,0,0,0,0,0,3,66.67%,4,Thursday,18,Weekday,5,,,,,,
01/05/2025,all,0,0,0,0,0,0,0,2,1,0,0,0,0,0,0,0,0,0,3,66.67%,4,Thursday,18,Weekday,5,,,,,,