event_date,event_hour,ch_id,orders_created,units_requested,active_pickers,orders_picked,units_picked,active_packers,orders_packed,units_packed
2026-04-29,0,FCHBLRDOD01,0,0,1,1,7,1,1,7
2026-04-29,0,FCHBLRHSR01,0,0,2,2,22,2,2,22
2026-04-29,0,FCHBLRKOR01,0,0,1,1,4,1,1,4
2026-04-29,6,FCHBLRAECS01,15,144,4,15,157,3,15,144
2026-04-29,6,FCHBLRBEN01,18,157,3,17,150,4,17,157
2026-04-29,6,FCHBLRBHO01,12,120,3,11,112,3,11,112
2026-04-29,6,FCHBLRDOD01,6,82,2,5,60,2,5,60
2026-04-29,6,FCHBLRELC01,9,99,2,9,99,4,9,102
2026-04-29,6,FCHBLRHAR01,18,180,4,14,140,4,14,145
2026-04-29,6,FCHBLRHEB01,26,299,5,23,239,5,23,239
2026-04-29,6,FCHBLRHOO01,26,265,4,20,203,5,17,167
2026-04-29,6,FCHBLRHSAF01,11,102,4,8,74,5,8,82
2026-04-29,6,FCHBLRHSR01,15,155,5,15,176,4,15,155
2026-04-29,6,FCHBLRJPN01,22,197,6,19,195,5,18,172
2026-04-29,6,FCHBLRKNP01,8,48,2,8,48,2,8,48
2026-04-29,6,FCHBLRKOR01,22,218,5,21,201,5,21,205
2026-04-29,6,FCHBLRRAJ01,1,10,1,1,10,1,1,10
2026-04-29,6,FCHBLRSJR01,23,253,5,16,172,5,16,169
2026-04-29,6,FCHBLRTHA01,8,95,4,8,95,4,8,95
2026-04-29,6,FCHBLRVAR01,9,70,4,9,70,5,9,74
2026-04-29,6,FCHBLRWHF01,17,141,4,17,141,3,17,141
2026-04-29,7,FCHBLRAECS01,31,279,5,30,287,5,30,285
2026-04-29,7,FCHBLRBEN01,27,266,5,27,268,5,26,265
2026-04-29,7,FCHBLRBHO01,26,245,4,27,253,5,27,285
2026-04-29,7,FCHBLRDOD01,20,217,5,20,232,6,19,224
2026-04-29,7,FCHBLRELC01,25,267,6,24,307,6,22,243
2026-04-29,7,FCHBLRHAR01,35,365,5,39,466,5,39,441
2026-04-29,7,FCHBLRHEB01,38,379,5,39,451,5,38,394
2026-04-29,7,FCHBLRHOO01,51,520,5,53,539,5,56,580
2026-04-29,7,FCHBLRHSAF01,17,154,5,17,167,5,17,162
2026-04-29,7,FCHBLRHSR01,40,365,5,39,327,6,38,340
2026-04-29,7,FCHBLRJPN01,47,545,5,40,496,5,40,434
2026-04-29,7,FCHBLRKNP01,16,245,3,14,188,3,14,188
2026-04-29,7,FCHBLRKOR01,55,513,6,48,446,7,48,452
2026-04-29,7,FCHBLRRAJ01,1,9,1,1,9,1,1,9
2026-04-29,7,FCHBLRSJR01,54,548,8,52,674,9,52,525
2026-04-29,7,FCHBLRTHA01,12,95,4,12,95,4,12,95
2026-04-29,7,FCHBLRVAR01,18,211,4,17,201,5,17,212
2026-04-29,7,FCHBLRWHF01,44,438,4,44,438,5,44,445
2026-04-29,8,FCHBLRAECS01,38,282,5,36,293,5,35,265
2026-04-29,8,FCHBLRBEN01,48,427,5,47,415,5,46,409
2026-04-29,8,FCHBLRBHO01,23,166,3,23,166,4,23,172
2026-04-29,8,FCHBLRDOD01,29,254,6,30,268,6,31,296
2026-04-29,8,FCHBLRELC01,23,242,5,23,225,5,25,250
2026-04-29,8,FCHBLRHAR01,46,472,5,38,409,5,38,419
2026-04-29,8,FCHBLRHEB01,47,499,6,46,491,5,46,499
2026-04-29,8,FCHBLRHOO01,58,609,3,58,597,3,58,597
2026-04-29,8,FCHBLRHSAF01,33,307,5,36,337,5,36,346
2026-04-29,8,FCHBLRHSR01,48,388,6,48,471,6,49,439
2026-04-29,8,FCHBLRJPN01,47,469,7,45,481,6,46,479
2026-04-29,8,FCHBLRKNP01,11,100,2,13,157,2,13,157
2026-04-29,8,FCHBLRKOR01,56,536,6,61,603,6,61,601
2026-04-29,8,FCHBLRRAJ01,5,43,3,4,38,3,4,38
2026-04-29,8,FCHBLRSJR01,63,561,5,59,651,7,58,548
2026-04-29,8,FCHBLRTHA01,24,230,5,24,230,6,24,251
2026-04-29,8,FCHBLRVAR01,31,289,5,32,352,5,31,309
2026-04-29,8,FCHBLRWHF01,52,594,6,50,577,6,48,606
2026-04-29,9,FCHBLRAECS01,31,311,5,32,341,5,32,298
2026-04-29,9,FCHBLRBEN01,40,372,5,37,357,5,39,382
2026-04-29,9,FCHBLRBHO01,33,353,3,31,335,4,30,335
2026-04-29,9,FCHBLRDOD01,37,401,5,36,394,6,36,396
2026-04-29,9,FCHBLRELC01,21,196,4,22,234,4,22,250
2026-04-29,9,FCHBLRHAR01,49,465,5,51,490,4,49,449
2026-04-29,9,FCHBLRHEB01,39,433,3,40,457,4,41,488
2026-04-29,9,FCHBLRHOO01,55,501,3,49,485,4,47,479
2026-04-29,9,FCHBLRHSAF01,34,394,6,31,369,5,29,318
2026-04-29,9,FCHBLRHSR01,41,327,5,41,318,6,41,330
2026-04-29,9,FCHBLRJPN01,44,334,7,50,444,7,50,413
2026-04-29,9,FCHBLRKNP01,11,128,3,11,128,3,11,128
2026-04-29,9,FCHBLRKOR01,63,658,5,61,639,6,60,660
2026-04-29,9,FCHBLRRAJ01,2,18,2,3,23,2,3,23
2026-04-29,9,FCHBLRSJR01,70,694,7,61,621,7,61,560
2026-04-29,9,FCHBLRTHA01,14,161,5,13,154,5,13,154
2026-04-29,9,FCHBLRVAR01,28,337,5,25,322,5,24,285
2026-04-29,9,FCHBLRWHF01,51,537,5,53,553,5,54,564
2026-04-29,10,FCHBLRAECS01,22,187,4,24,206,4,26,250
2026-04-29,10,FCHBLRBEN01,25,199,5,29,234,6,29,238
2026-04-29,10,FCHBLRBHO01,24,250,3,26,268,4,27,287
2026-04-29,10,FCHBLRDOD01,23,225,7,22,235,6,22,245
2026-04-29,10,FCHBLRELC01,19,162,3,19,162,4,19,174
2026-04-29,10,FCHBLRHAR01,28,207,4,30,264,5,32,297
2026-04-29,10,FCHBLRHEB01,33,374,3,28,291,4,28,300
2026-04-29,10,FCHBLRHOO01,34,352,5,41,395,5,43,422
2026-04-29,10,FCHBLRHSAF01,19,182,5,22,242,4,24,258
2026-04-29,10,FCHBLRHSR01,40,338,6,37,342,6,37,332
2026-04-29,10,FCHBLRJPN01,38,359,6,39,362,6,38,367
2026-04-29,10,FCHBLRKNP01,6,73,2,5,51,2,5,51
2026-04-29,10,FCHBLRKOR01,62,539,5,64,552,5,64,537
2026-04-29,10,FCHBLRRAJ01,3,14,2,3,14,3,3,14
2026-04-29,10,FCHBLRSJR01,42,478,9,37,516,7,38,464
2026-04-29,10,FCHBLRTHA01,16,157,4,16,149,4,15,141
2026-04-29,10,FCHBLRVAR01,23,224,4,26,253,4,27,281
2026-04-29,10,FCHBLRWHF01,36,468,6,33,478,5,32,410
2026-04-29,11,FCHBLRAECS01,25,238,4,24,239,4,24,268
2026-04-29,11,FCHBLRBEN01,23,235,4,22,227,5,22,233
2026-04-29,11,FCHBLRBHO01,10,109,4,10,109,5,10,117
2026-04-29,11,FCHBLRDOD01,21,146,5,23,157,7,23,166
2026-04-29,11,FCHBLRELC01,19,184,4,18,169,5,18,173
2026-04-29,11,FCHBLRHAR01,37,329,5,40,352,5,40,334
2026-04-29,11,FCHBLRHEB01,24,242,5,31,370,5,31,352
2026-04-29,11,FCHBLRHOO01,31,295,4,34,336,5,34,352
2026-04-29,11,FCHBLRHSAF01,19,168,4,16,139,4,16,132
2026-04-29,11,FCHBLRHSR01,30,269,6,31,287,6,31,285
2026-04-29,11,FCHBLRJPN01,39,357,7,40,397,5,40,337
2026-04-29,11,FCHBLRKNP01,6,99,3,7,116,2,7,121
2026-04-29,11,FCHBLRKOR01,48,428,4,47,403,4,48,427
2026-04-29,11,FCHBLRRAJ01,2,15,1,2,15,2,2,20
2026-04-29,11,FCHBLRSJR01,48,412,10,58,517,9,57,508
2026-04-29,11,FCHBLRTHA01,14,148,4,15,163,3,16,176
2026-04-29,11,FCHBLRVAR01,28,291,3,27,280,4,27,291
2026-04-29,11,FCHBLRWHF01,34,402,5,36,416,6,36,433
2026-04-29,12,FCHBLRAECS01,24,235,3,25,244,5,25,255
2026-04-29,12,FCHBLRBEN01,19,213,4,21,235,5,21,238
2026-04-29,12,FCHBLRBHO01,17,197,3,16,193,3,15,179
2026-04-29,12,FCHBLRDOD01,21,208,6,20,223,6,20,213
2026-04-29,12,FCHBLRELC01,18,138,4,18,145,5,18,164
2026-04-29,12,FCHBLRHAR01,17,169,4,15,181,4,14,171
2026-04-29,12,FCHBLRHEB01,23,287,4,20,226,5,20,242
2026-04-29,12,FCHBLRHOO01,21,222,5,20,215,5,20,220
2026-04-29,12,FCHBLRHSAF01,19,156,4,19,188,4,18,164
2026-04-29,12,FCHBLRHSR01,31,226,4,33,255,3,33,245
2026-04-29,12,FCHBLRJPN01,34,330,5,36,400,5,36,367
2026-04-29,12,FCHBLRKNP01,5,46,2,4,45,1,4,37
2026-04-29,12,FCHBLRKOR01,33,357,4,32,348,5,32,352
2026-04-29,12,FCHBLRSJR01,34,317,8,44,413,6,39,359
2026-04-29,12,FCHBLRTHA01,10,119,4,8,83,3,8,83
2026-04-29,12,FCHBLRVAR01,12,95,3,13,117,3,14,118
2026-04-29,12,FCHBLRWHF01,31,280,5,30,267,6,32,317
2026-04-29,13,FCHBLRAECS01,11,89,3,10,78,4,10,84
2026-04-29,13,FCHBLRBEN01,20,203,5,19,203,4,18,181
2026-04-29,13,FCHBLRBHO01,12,97,3,11,90,3,12,106
2026-04-29,13,FCHBLRDOD01,11,112,3,11,112,3,11,112
2026-04-29,13,FCHBLRELC01,8,72,3,8,69,4,8,73
2026-04-29,13,FCHBLRHAR01,18,184,4,19,205,4,20,194
2026-04-29,13,FCHBLRHEB01,18,176,5,20,234,5,20,230
2026-04-29,13,FCHBLRHOO01,18,186,3,18,166,3,18,166
2026-04-29,13,FCHBLRHSAF01,26,213,4,28,240,5,29,257
2026-04-29,13,FCHBLRHSR01,18,104,4,19,114,5,19,142
2026-04-29,13,FCHBLRJPN01,31,296,5,29,357,4,29,298
2026-04-29,13,FCHBLRKNP01,10,88,2,11,97,2,11,97
2026-04-29,13,FCHBLRKOR01,33,268,6,34,295,6,34,306
2026-04-29,13,FCHBLRSJR01,23,249,8,26,349,5,25,285
2026-04-29,13,FCHBLRTHA01,10,98,5,12,145,5,12,145
2026-04-29,13,FCHBLRVAR01,10,80,1,10,80,2,10,80
2026-04-29,13,FCHBLRWHF01,31,265,5,31,259,6,31,266
2026-04-29,13,FCHHYDNAR01,1,2,1,1,2,1,1,2
2026-04-29,14,FCHBLRAECS01,17,150,5,18,165,5,17,162
2026-04-29,14,FCHBLRBEN01,20,187,6,19,175,5,20,181
2026-04-29,14,FCHBLRBHO01,16,153,4,17,181,4,17,176
2026-04-29,14,FCHBLRDOD01,13,109,4,14,130,4,13,106
2026-04-29,14,FCHBLRELC01,10,109,3,11,120,4,10,135
2026-04-29,14,FCHBLRHAR01,19,175,1,20,201,1,20,201
2026-04-29,14,FCHBLRHEB01,19,183,4,20,194,5,19,199
2026-04-29,14,FCHBLRHOO01,17,137,6,16,138,5,16,131
2026-04-29,14,FCHBLRHSAF01,14,159,4,14,151,4,14,151
2026-04-29,14,FCHBLRHSR01,20,126,3,18,113,3,17,105
2026-04-29,14,FCHBLRJPN01,28,216,6,30,255,5,29,228
2026-04-29,14,FCHBLRKNP01,5,33,2,5,33,2,5,33
2026-04-29,14,FCHBLRKOR01,26,228,2,26,229,3,26,234
2026-04-29,14,FCHBLRRAJ01,1,8,1,1,8,1,1,8
2026-04-29,14,FCHBLRSJR01,12,85,7,15,131,6,16,132
2026-04-29,14,FCHBLRTHA01,8,72,2,8,72,3,8,72
2026-04-29,14,FCHBLRVAR01,8,53,2,8,53,3,8,58
2026-04-29,14,FCHBLRWHF01,24,188,4,25,206,4,25,206
2026-04-29,15,FCHBLRAECS01,11,100,3,11,100,3,11,86
2026-04-29,15,FCHBLRBEN01,13,146,6,15,174,6,14,154
2026-04-29,15,FCHBLRBHO01,10,76,4,9,88,4,9,85
2026-04-29,15,FCHBLRDOD01,11,98,4,11,98,4,11,106
2026-04-29,15,FCHBLRELC01,6,57,3,6,57,3,6,48
2026-04-29,15,FCHBLRHAR01,17,141,4,17,153,2,16,129
2026-04-29,15,FCHBLRHEB01,17,136,7,17,162,7,18,156
2026-04-29,15,FCHBLRHOO01,19,137,5,19,146,6,19,179
2026-04-29,15,FCHBLRHSAF01,16,124,5,14,99,5,13,108
2026-04-29,15,FCHBLRHSR01,15,72,4,17,92,3,18,93
2026-04-29,15,FCHBLRJPN01,23,184,5,21,140,7,22,147
2026-04-29,15,FCHBLRKNP01,6,58,2,5,55,2,5,49
2026-04-29,15,FCHBLRKOR01,23,187,5,23,214,5,23,200
2026-04-29,15,FCHBLRRAJ01,1,9,1,1,9,1,1,9
2026-04-29,15,FCHBLRSJR01,29,254,6,22,189,6,23,188
2026-04-29,15,FCHBLRTHA01,4,31,2,3,26,2,3,26
2026-04-29,15,FCHBLRVAR01,11,107,3,10,104,3,9,93
2026-04-29,15,FCHBLRWHF01,31,261,6,28,223,7,28,229
2026-04-29,16,FCHBLRAECS01,18,132,3,15,88,4,16,125
2026-04-29,16,FCHBLRBEN01,20,196,6,19,181,7,20,204
2026-04-29,16,FCHBLRBHO01,23,204,4,21,198,4,21,165
2026-04-29,16,FCHBLRDOD01,15,154,7,15,159,6,16,161
2026-04-29,16,FCHBLRELC01,12,115,3,12,115,5,12,126
2026-04-29,16,FCHBLRHAR01,22,205,3,22,192,4,23,215
2026-04-29,16,FCHBLRHEB01,22,212,5,21,189,5,21,185
2026-04-29,16,FCHBLRHOO01,17,129,4,18,134,5,18,144
2026-04-29,16,FCHBLRHSAF01,11,131,5,14,159,5,13,144
2026-04-29,16,FCHBLRHSR01,30,233,5,29,226,5,29,232
2026-04-29,16,FCHBLRJPN01,37,357,4,29,325,4,28,294
2026-04-29,16,FCHBLRKNP01,2,34,2,3,42,1,3,43
2026-04-29,16,FCHBLRKOR01,29,216,3,28,205,3,28,205
2026-04-29,16,FCHBLRSJR01,18,204,6,24,287,6,25,280
2026-04-29,16,FCHBLRTHA01,10,72,4,9,58,5,9,64
2026-04-29,16,FCHBLRVAR01,22,201,2,22,203,2,23,210
2026-04-29,16,FCHBLRWHF01,29,252,5,31,286,5,31,286
2026-04-29,17,FCHBLRAECS01,5,42,3,7,66,2,7,66
2026-04-29,17,FCHBLRBEN01,16,126,3,16,134,4,16,129
2026-04-29,17,FCHBLRBHO01,4,26,2,6,62,2,6,62
2026-04-29,17,FCHBLRDOD01,8,97,3,8,97,3,8,97
2026-04-29,17,FCHBLRELC01,14,133,4,13,122,5,14,162
2026-04-29,17,FCHBLRHAR01,9,65,2,9,63,3,9,63
2026-04-29,17,FCHBLRHEB01,13,113,6,13,134,5,13,131
2026-04-29,17,FCHBLRHOO01,22,167,5,21,161,6,21,165
2026-04-29,17,FCHBLRHSAF01,8,62,3,8,65,3,9,87
2026-04-29,17,FCHBLRHSR01,11,65,4,12,72,4,12,72
2026-04-29,17,FCHBLRJPN01,14,128,4,22,215,4,22,199
2026-04-29,17,FCHBLRKNP01,2,23,1,2,23,1,2,23
2026-04-29,17,FCHBLRKOR01,9,69,3,10,83,3,10,83
2026-04-29,17,FCHBLRSJR01,21,227,6,16,160,5,16,152
2026-04-29,17,FCHBLRTHA01,12,95,4,14,114,5,14,117
2026-04-29,17,FCHBLRVAR01,9,86,4,10,91,4,10,91
2026-04-29,17,FCHBLRWHF01,15,169,4,16,173,4,16,173
2026-04-28,0,FCHBLRJPN01,0,0,1,1,13,1,1,13
2026-04-28,0,FCHBLRKOR01,1,6,1,1,6,1,1,6
2026-04-28,6,FCHBLRAECS01,8,47,2,8,60,2,8,55
2026-04-28,6,FCHBLRBEN01,12,141,3,9,81,4,9,86
2026-04-28,6,FCHBLRBHO01,14,136,3,14,136,3,14,136
2026-04-28,6,FCHBLRDOD01,7,94,3,7,94,3,7,94
2026-04-28,6,FCHBLRELC01,3,28,2,3,28,2,3,28
2026-04-28,6,FCHBLRHAR01,7,62,2,7,70,1,7,62
2026-04-28,6,FCHBLRHEB01,12,92,5,12,100,5,12,92
2026-04-28,6,FCHBLRHOO01,27,240,5,27,252,5,27,249
2026-04-28,6,FCHBLRHSAF01,11,124,5,11,124,4,11,124
2026-04-28,6,FCHBLRHSR01,10,63,4,10,63,4,10,66
2026-04-28,6,FCHBLRJPN01,23,219,3,17,147,3,16,160
2026-04-28,6,FCHBLRKNP01,7,74,2,7,74,3,7,78
2026-04-28,6,FCHBLRKOR01,31,323,5,30,317,6,29,312
2026-04-28,6,FCHBLRRAJ01,2,27,2,2,27,2,2,27
2026-04-28,6,FCHBLRSJR01,27,306,10,23,271,9,21,215
2026-04-28,6,FCHBLRTHA01,12,125,4,10,78,5,10,88
2026-04-28,6,FCHBLRVAR01,11,109,2,11,109,3,11,120
2026-04-28,6,FCHBLRWHF01,25,210,3,25,210,4,25,219
2026-04-28,7,FCHBLRAECS01,27,220,7,25,216,7,25,201
2026-04-28,7,FCHBLRBEN01,29,263,6,30,317,5,28,292
2026-04-28,7,FCHBLRBHO01,30,306,2,28,279,3,28,283
2026-04-28,7,FCHBLRDOD01,25,377,4,22,336,5,22,339
2026-04-28,7,FCHBLRELC01,27,282,6,26,288,6,26,274
2026-04-28,7,FCHBLRHAR01,36,354,5,34,375,5,33,339
2026-04-28,7,FCHBLRHEB01,32,368,6,29,323,6,27,290
2026-04-28,7,FCHBLRHOO01,58,708,5,48,600,5,47,558
2026-04-28,7,FCHBLRHSAF01,23,262,7,21,272,7,21,241
2026-04-28,7,FCHBLRHSR01,39,415,4,37,421,4,37,390
2026-04-28,7,FCHBLRJPN01,44,461,5,29,324,5,29,312
2026-04-28,7,FCHBLRKNP01,11,164,2,9,113,3,8,112
2026-04-28,7,FCHBLRKOR01,66,621,4,63,591,4,64,600
2026-04-28,7,FCHBLRRAJ01,3,31,3,3,31,2,2,11
2026-04-28,7,FCHBLRSJR01,40,435,7,42,541,10,43,485
2026-04-28,7,FCHBLRTHA01,18,167,5,20,214,5,20,214
2026-04-28,7,FCHBLRVAR01,28,325,4,26,290,4,26,290
2026-04-28,7,FCHBLRWHF01,33,356,6,32,347,6,31,337
2026-04-28,8,FCHBLRAECS01,32,345,6,33,363,6,33,376
2026-04-28,8,FCHBLRBEN01,53,550,4,44,461,5,45,477
2026-04-28,8,FCHBLRBHO01,27,280,2,28,293,3,28,316
2026-04-28,8,FCHBLRDOD01,33,349,4,33,356,5,33,360
2026-04-28,8,FCHBLRELC01,30,262,5,30,295,5,31,286
2026-04-28,8,FCHBLRHAR01,43,400,5,44,431,4,42,383
2026-04-28,8,FCHBLRHEB01,48,527,6,49,600,5,51,601
2026-04-28,8,FCHBLRHOO01,47,592,4,52,655,5,50,647
2026-04-28,8,FCHBLRHSAF01,31,361,5,29,370,6,28,351
2026-04-28,8,FCHBLRHSR01,55,539,4,49,588,4,49,506
2026-04-28,8,FCHBLRJPN01,50,566,5,39,544,5,39,449
2026-04-28,8,FCHBLRKNP01,14,126,1,16,177,4,17,191
2026-04-28,8,FCHBLRKOR01,70,880,6,71,885,6,68,841
2026-04-28,8,FCHBLRRAJ01,1,6,1,1,6,2,2,26
2026-04-28,8,FCHBLRSJR01,77,900,10,58,687,10,57,625
2026-04-28,8,FCHBLRTHA01,29,336,3,29,336,4,29,362
2026-04-28,8,FCHBLRVAR01,39,375,5,40,436,5,40,422
2026-04-28,8,FCHBLRWHF01,54,491,5,53,469,7,54,513
2026-04-28,8,FCHHYDNAR01,1,9,1,1,9,1,1,9
2026-04-28,9,FCHBLRAECS01,24,195,5,23,194,7,23,201
2026-04-28,9,FCHBLRBEN01,42,469,4,48,482,5,49,495
2026-04-28,9,FCHBLRBHO01,35,413,3,34,391,4,34,407
2026-04-28,9,FCHBLRDOD01,36,337,4,37,355,5,35,359
2026-04-28,9,FCHBLRELC01,25,332,5,22,283,4,21,237
2026-04-28,9,FCHBLRHAR01,42,400,3,42,398,4,43,439
2026-04-28,9,FCHBLRHEB01,31,383,6,32,379,6,32,394
2026-04-28,9,FCHBLRHOO01,58,660,4,57,673,4,60,719
2026-04-28,9,FCHBLRHSAF01,25,318,4,26,311,5,27,329
2026-04-28,9,FCHBLRHSR01,63,600,4,67,650,4,65,609
2026-04-28,9,FCHBLRJPN01,45,417,6,64,598,6,64,648
2026-04-28,9,FCHBLRKNP01,8,81,2,8,81,1,8,81
2026-04-28,9,FCHBLRKOR01,63,631,6,60,610,5,63,650
2026-04-28,9,FCHBLRSJR01,54,606,7,60,857,8,61,731
2026-04-28,9,FCHBLRTHA01,29,255,4,25,217,4,25,214
2026-04-28,9,FCHBLRVAR01,24,246,5,22,199,4,22,191
2026-04-28,9,FCHBLRWHF01,49,443,5,51,474,5,51,474
2026-04-28,10,FCHBLRAECS01,30,272,4,31,276,4,30,308
2026-04-28,10,FCHBLRBEN01,29,292,7,30,361,6,29,345
2026-04-28,10,FCHBLRBHO01,28,253,4,28,280,4,26,261
2026-04-28,10,FCHBLRDOD01,26,262,4,28,278,5,30,302
2026-04-28,10,FCHBLRELC01,22,329,6,22,412,7,22,343
2026-04-28,10,FCHBLRHAR01,30,239,4,28,238,3,29,243
2026-04-28,10,FCHBLRHEB01,41,448,5,38,428,5,36,393
2026-04-28,10,FCHBLRHOO01,45,539,4,49,563,4,49,563
2026-04-28,10,FCHBLRHSAF01,28,263,6,26,271,5,25,238
2026-04-28,10,FCHBLRHSR01,47,336,4,45,372,4,45,379
2026-04-28,10,FCHBLRJPN01,43,474,4,49,555,4,48,500
2026-04-28,10,FCHBLRKNP01,8,66,2,8,66,2,8,66
2026-04-28,10,FCHBLRKOR01,63,610,5,64,627,5,62,604
2026-04-28,10,FCHBLRRAJ01,3,25,3,3,25,2,3,25
2026-04-28,10,FCHBLRSJR01,51,479,9,53,548,7,52,528
2026-04-28,10,FCHBLRTHA01,22,164,5,26,222,4,26,210
2026-04-28,10,FCHBLRVAR01,20,214,3,20,232,4,20,238
2026-04-28,10,FCHBLRWHF01,35,434,6,33,418,6,33,418
2026-04-28,10,FCHHYDNAR01,1,12,1,1,12,1,1,12
2026-04-28,11,FCHBLRAECS01,25,210,5,26,279,5,27,238
2026-04-28,11,FCHBLRBEN01,14,160,3,17,155,4,18,169
2026-04-28,11,FCHBLRBHO01,22,227,2,22,230,3,24,261
2026-04-28,11,FCHBLRDOD01,20,216,4,17,180,4,17,180
2026-04-28,11,FCHBLRELC01,25,269,6,27,344,5,28,318
2026-04-28,11,FCHBLRHAR01,17,178,4,20,212,4,20,214
2026-04-28,11,FCHBLRHEB01,23,244,5,26,285,4,27,304
2026-04-28,11,FCHBLRHOO01,26,234,5,28,282,5,26,255
2026-04-28,11,FCHBLRHSAF01,19,187,6,21,246,5,20,223
2026-04-28,11,FCHBLRHSR01,34,246,3,38,250,4,40,307
2026-04-28,11,FCHBLRJPN01,39,372,5,35,336,4,35,368
2026-04-28,11,FCHBLRKNP01,16,210,2,16,210,2,16,210
2026-04-28,11,FCHBLRKOR01,58,619,5,58,621,6,60,648
2026-04-28,11,FCHBLRRAJ01,2,16,1,1,13,1,1,13
2026-04-28,11,FCHBLRSJR01,35,354,8,43,482,6,44,425
2026-04-28,11,FCHBLRTHA01,16,209,3,15,195,3,13,163
2026-04-28,11,FCHBLRVAR01,20,179,3,23,223,4,23,226
2026-04-28,11,FCHBLRWHF01,40,450,6,41,435,7,40,464
2026-04-28,12,FCHBLRAECS01,19,153,3,17,139,3,16,118
2026-04-28,12,FCHBLRBEN01,19,202,4,20,248,4,20,271
2026-04-28,12,FCHBLRBHO01,15,162,3,17,189,4,17,193
2026-04-28,12,FCHBLRDOD01,14,122,3,17,158,4,17,165
2026-04-28,12,FCHBLRELC01,16,216,6,15,260,6,15,251
2026-04-28,12,FCHBLRHAR01,21,174,4,18,157,4,19,154
2026-04-28,12,FCHBLRHEB01,23,230,6,21,226,6,22,216
2026-04-28,12,FCHBLRHOO01,21,219,3,18,146,5,20,179
2026-04-28,12,FCHBLRHSAF01,9,61,5,12,95,4,12,88
2026-04-28,12,FCHBLRHSR01,22,169,5,24,214,5,24,205
2026-04-28,12,FCHBLRJPN01,23,194,4,35,310,5,37,332
2026-04-28,12,FCHBLRKNP01,4,39,3,4,49,2,4,39
2026-04-28,12,FCHBLRKOR01,37,370,8,40,401,8,39,381
2026-04-28,12,FCHBLRRAJ01,2,26,1,3,29,3,3,29
2026-04-28,12,FCHBLRSJR01,29,261,6,30,337,5,30,283
2026-04-28,12,FCHBLRTHA01,13,143,4,14,157,4,16,189
2026-04-28,12,FCHBLRVAR01,17,215,5,16,228,4,16,203
2026-04-28,12,FCHBLRWHF01,26,246,5,25,247,6,26,262
2026-04-28,12,FCHHYDNAR01,2,19,2,2,19,1,2,19
2026-04-28,13,FCHBLRAECS01,18,143,5,20,166,5,21,181
2026-04-28,13,FCHBLRBEN01,16,178,3,15,169,4,15,173
2026-04-28,13,FCHBLRBHO01,13,173,3,13,173,3,13,173
2026-04-28,13,FCHBLRDOD01,7,85,3,5,70,3,5,70
2026-04-28,13,FCHBLRELC01,13,127,2,16,155,3,16,157
2026-04-28,13,FCHBLRHAR01,12,106,2,15,139,3,15,146
2026-04-28,13,FCHBLRHEB01,20,240,6,22,292,6,22,292
2026-04-28,13,FCHBLRHOO01,25,220,3,27,285,2,25,260
2026-04-28,13,FCHBLRHSAF01,21,207,8,20,196,7,20,207
2026-04-28,13,FCHBLRHSR01,22,172,3,21,168,3,20,156
2026-04-28,13,FCHBLRJPN01,31,289,7,30,291,6,30,282
2026-04-28,13,FCHBLRKNP01,6,52,2,6,52,2,6,52
2026-04-28,13,FCHBLRKOR01,35,237,6,34,249,5,34,221
2026-04-28,13,FCHBLRRAJ01,1,10,1,1,10,1,1,10
2026-04-28,13,FCHBLRSJR01,28,232,9,29,253,7,29,246
2026-04-28,13,FCHBLRTHA01,8,103,3,8,103,3,8,103
2026-04-28,13,FCHBLRVAR01,13,133,4,14,145,4,14,145
2026-04-28,13,FCHBLRWHF01,29,221,6,30,255,5,30,247
2026-04-28,14,FCHBLRAECS01,20,242,4,20,242,5,20,250
2026-04-28,14,FCHBLRBEN01,14,145,2,15,154,3,15,157
2026-04-28,14,FCHBLRBHO01,15,142,2,14,131,2,14,131
2026-04-28,14,FCHBLRDOD01,17,157,4,19,172,4,19,172
2026-04-28,14,FCHBLRELC01,9,107,3,9,107,3,8,71
2026-04-28,14,FCHBLRHAR01,19,193,1,18,186,3,18,201
2026-04-28,14,FCHBLRHEB01,17,145,4,16,139,4,15,137
2026-04-28,14,FCHBLRHOO01,16,152,4,16,151,5,18,171
2026-04-28,14,FCHBLRHSAF01,7,72,2,8,87,3,8,97
2026-04-28,14,FCHBLRHSR01,22,180,4,21,155,5,21,154
2026-04-28,14,FCHBLRJPN01,37,304,4,36,295,5,35,296
2026-04-28,14,FCHBLRKNP01,4,24,2,4,24,2,4,24
2026-04-28,14,FCHBLRKOR01,30,304,6,31,331,6,31,297
2026-04-28,14,FCHBLRSJR01,23,188,8,25,223,6,23,196
2026-04-28,14,FCHBLRTHA01,9,82,3,9,82,4,9,82
2026-04-28,14,FCHBLRVAR01,16,142,4,16,142,4,16,142
2026-04-28,14,FCHBLRWHF01,17,102,3,18,106,3,18,106
2026-04-28,14,FCHHYDNAR01,1,6,1,1,6,1,1,6
2026-04-28,15,FCHBLRAECS01,13,119,3,13,119,5,13,122
2026-04-28,15,FCHBLRBEN01,19,151,4,19,151,5,19,161
2026-04-28,15,FCHBLRBHO01,12,116,4,13,144,3,12,102
2026-04-28,15,FCHBLRDOD01,19,271,6,18,268,5,18,263
2026-04-28,15,FCHBLRELC01,10,83,4,8,63,5,9,96
2026-04-28,15,FCHBLRHAR01,17,120,2,16,103,4,16,108
2026-04-28,15,FCHBLRHEB01,20,168,7,20,163,8,20,168
2026-04-28,15,FCHBLRHOO01,15,130,5,15,142,5,15,132
2026-04-28,15,FCHBLRHSAF01,9,90,3,7,62,3,7,62
2026-04-28,15,FCHBLRHSR01,10,40,6,11,85,6,12,83
2026-04-28,15,FCHBLRJPN01,18,165,7,20,188,7,20,179
2026-04-28,15,FCHBLRKNP01,3,28,1,3,28,1,3,28
2026-04-28,15,FCHBLRKOR01,27,218,5,27,241,5,27,241
2026-04-28,15,FCHBLRRAJ01,2,11,2,2,11,1,2,11
2026-04-28,15,FCHBLRSJR01,27,210,8,27,210,8,27,217
2026-04-28,15,FCHBLRTHA01,13,120,5,12,113,6,12,116
2026-04-28,15,FCHBLRVAR01,14,183,5,13,209,3,12,159
2026-04-28,15,FCHBLRWHF01,12,144,6,12,144,4,12,144
2026-04-28,16,FCHBLRAECS01,20,155,3,19,139,3,19,139
2026-04-28,16,FCHBLRBEN01,18,133,4,17,120,4,17,120
2026-04-28,16,FCHBLRBHO01,23,195,2,19,171,2,18,156
2026-04-28,16,FCHBLRDOD01,20,183,5,19,157,6,19,177
2026-04-28,16,FCHBLRELC01,22,223,6,20,195,7,20,208
2026-04-28,16,FCHBLRHAR01,20,170,6,22,207,5,22,203
2026-04-28,16,FCHBLRHEB01,20,239,4,21,223,5,22,239
2026-04-28,16,FCHBLRHOO01,25,216,5,25,244,4,25,223
2026-04-28,16,FCHBLRHSAF01,11,90,4,13,122,4,13,122
2026-04-28,16,FCHBLRHSR01,25,214,4,25,228,4,24,195
2026-04-28,16,FCHBLRJPN01,37,302,3,32,258,4,33,272
2026-04-28,16,FCHBLRKNP01,4,30,2,4,28,2,4,37
2026-04-28,16,FCHBLRKOR01,39,360,4,37,415,3,37,361
2026-04-28,16,FCHBLRRAJ01,1,10,1,1,10,1,1,10
2026-04-28,16,FCHBLRSJR01,30,280,5,25,226,7,26,234
2026-04-28,16,FCHBLRTHA01,13,141,4,13,118,6,13,124
2026-04-28,16,FCHBLRVAR01,22,228,6,21,234,5,21,228
2026-04-28,16,FCHBLRWHF01,25,199,5,25,199,5,24,197
2026-04-28,17,FCHBLRAECS01,20,143,4,20,143,5,20,152
2026-04-28,17,FCHBLRBEN01,22,252,3,22,235,4,21,231
2026-04-28,17,FCHBLRBHO01,24,246,3,28,292,2,29,315
2026-04-28,17,FCHBLRDOD01,19,202,7,20,220,8,20,223
2026-04-28,17,FCHBLRELC01,18,158,3,22,213,3,22,213
2026-04-28,17,FCHBLRHAR01,22,211,4,21,200,5,21,205
2026-04-28,17,FCHBLRHEB01,34,308,4,34,322,6,34,330
2026-04-28,17,FCHBLRHOO01,42,388,7,42,401,7,40,375
2026-04-28,17,FCHBLRHSAF01,23,207,2,20,194,4,20,203
2026-04-28,17,FCHBLRHSR01,35,278,4,34,295,4,34,289
2026-04-28,17,FCHBLRJPN01,41,395,4,40,365,3,38,333
2026-04-28,17,FCHBLRKNP01,5,38,2,5,38,2,5,38
2026-04-28,17,FCHBLRKOR01,33,257,5,34,268,5,34,270
2026-04-28,17,FCHBLRRAJ01,2,13,1,2,13,1,2,13
2026-04-28,17,FCHBLRSJR01,36,375,5,32,335,5,31,331
2026-04-28,17,FCHBLRTHA01,14,140,4,15,200,4,15,174
2026-04-28,17,FCHBLRVAR01,11,118,4,12,129,3,12,128
2026-04-28,17,FCHBLRWHF01,39,318,4,38,311,5,39,336
2026-04-28,18,FCHBLRAECS01,27,217,5,27,225,6,27,257
2026-04-28,18,FCHBLRBEN01,23,171,3,23,184,3,24,193
2026-04-28,18,FCHBLRBHO01,27,232,3,25,236,3,25,223
2026-04-28,18,FCHBLRDOD01,24,238,6,24,273,6,24,269
2026-04-28,18,FCHBLRELC01,16,166,3,16,171,2,16,166
2026-04-28,18,FCHBLRHAR01,49,451,6,44,419,6,43,431
2026-04-28,18,FCHBLRHEB01,31,258,5,31,265,6,31,284
2026-04-28,18,FCHBLRHOO01,31,221,5,29,187,7,30,212
2026-04-28,18,FCHBLRHSAF01,19,180,3,20,178,3,19,164
2026-04-28,18,FCHBLRHSR01,42,299,4,41,320,3,41,281
2026-04-28,18,FCHBLRJPN01,35,269,5,35,324,5,37,357
2026-04-28,18,FCHBLRKNP01,5,59,2,5,59,2,4,43
2026-04-28,18,FCHBLRKOR01,54,506,6,53,462,5,53,476
2026-04-28,18,FCHBLRRAJ01,1,6,1,1,6,1,1,6
2026-04-28,18,FCHBLRSJR01,42,411,4,39,334,3,38,313
2026-04-28,18,FCHBLRTHA01,19,163,4,18,145,4,18,145
2026-04-28,18,FCHBLRVAR01,15,124,5,16,142,5,17,149
2026-04-28,18,FCHBLRWHF01,32,284,4,32,286,4,32,286
2026-04-28,19,FCHBLRAECS01,32,235,4,29,212,5,30,240
2026-04-28,19,FCHBLRBEN01,31,294,4,29,274,4,29,274
2026-04-28,19,FCHBLRBHO01,21,149,4,20,155,3,20,147
2026-04-28,19,FCHBLRDOD01,21,174,6,21,169,6,20,179
2026-04-28,19,FCHBLRELC01,15,159,3,13,149,2,12,129
2026-04-28,19,FCHBLRHAR01,38,290,5,43,340,6,44,355
2026-04-28,19,FCHBLRHEB01,28,243,4,26,217,5,25,202
2026-04-28,19,FCHBLRHOO01,35,274,6,38,314,7,38,313
2026-04-28,19,FCHBLRHSAF01,26,186,4,27,204,4,28,220
2026-04-28,19,FCHBLRHSR01,38,301,5,39,313,4,36,308
2026-04-28,19,FCHBLRJPN01,32,223,7,36,256,7,36,249
2026-04-28,19,FCHBLRKNP01,3,17,2,3,17,2,4,44
2026-04-28,19,FCHBLRKOR01,50,438,3,52,482,4,51,492
2026-04-28,19,FCHBLRRAJ01,1,9,1,1,9,1,1,9
2026-04-28,19,FCHBLRSJR01,30,247,5,38,411,6,39,420
2026-04-28,19,FCHBLRTHA01,19,177,6,19,195,6,19,192
2026-04-28,19,FCHBLRVAR01,21,208,3,21,208,4,20,197
2026-04-28,19,FCHBLRWHF01,40,368,5,40,360,6,40,368
2026-04-28,19,FCHHYDNAR01,1,4,1,1,4,1,1,4
2026-04-28,20,FCHBLRAECS01,25,173,4,27,174,4,28,182
2026-04-28,20,FCHBLRBEN01,28,276,6,28,272,5,26,263
2026-04-28,20,FCHBLRBHO01,16,99,2,18,113,3,18,124
2026-04-28,20,FCHBLRDOD01,25,220,5,24,205,6,23,210
2026-04-28,20,FCHBLRELC01,24,237,4,15,145,4,15,145
2026-04-28,20,FCHBLRHAR01,41,329,6,40,326,5,39,286
2026-04-28,20,FCHBLRHEB01,24,178,3,26,202,3,27,214
2026-04-28,20,FCHBLRHOO01,24,188,3,22,175,5,23,191
2026-04-28,20,FCHBLRHSAF01,18,213,3,15,171,3,14,150
2026-04-28,20,FCHBLRHSR01,26,202,6,26,217,6,30,214
2026-04-28,20,FCHBLRJPN01,27,241,4,20,210,4,19,208
2026-04-28,20,FCHBLRKNP01,8,66,2,8,66,2,8,66
2026-04-28,20,FCHBLRKOR01,53,442,3,54,476,4,54,542
2026-04-28,20,FCHBLRRAJ01,2,30,2,2,30,1,2,30
2026-04-28,20,FCHBLRSJR01,49,497,4,38,366,4,38,371
2026-04-28,20,FCHBLRTHA01,11,156,4,12,161,4,12,161
2026-04-28,20,FCHBLRVAR01,22,238,4,20,202,5,20,214
2026-04-28,20,FCHBLRWHF01,35,292,4,33,268,4,33,268
2026-04-28,21,FCHBLRAECS01,19,129,3,18,136,3,18,136
2026-04-28,21,FCHBLRBEN01,22,177,5,25,198,5,25,198
2026-04-28,21,FCHBLRBHO01,19,196,3,20,207,3,20,228
2026-04-28,21,FCHBLRDOD01,19,216,6,21,272,6,23,254
2026-04-28,21,FCHBLRELC01,16,143,6,26,250,4,25,235
2026-04-28,21,FCHBLRHAR01,27,263,5,27,258,6,28,314
2026-04-28,21,FCHBLRHEB01,11,35,3,12,47,3,12,47
2026-04-28,21,FCHBLRHOO01,20,138,4,20,129,5,20,137
2026-04-28,21,FCHBLRHSAF01,8,41,3,11,85,4,12,108
2026-04-28,21,FCHBLRHSR01,32,215,7,34,250,7,33,222
2026-04-28,21,FCHBLRJPN01,18,127,6,24,156,7,25,169
2026-04-28,21,FCHBLRKNP01,5,52,3,5,51,2,4,36
2026-04-28,21,FCHBLRKOR01,25,199,3,23,194,4,23,206
2026-04-28,21,FCHBLRRAJ01,1,4,1,1,4,1,1,4
2026-04-28,21,FCHBLRSJR01,28,212,4,43,363,4,44,366
2026-04-28,21,FCHBLRTHA01,12,86,4,12,86,5,12,99
2026-04-28,21,FCHBLRVAR01,9,87,3,9,113,3,9,113
2026-04-28,21,FCHBLRWHF01,15,122,6,18,159,6,18,159
2026-04-28,22,FCHBLRAECS01,5,61,3,8,84,4,8,87
2026-04-28,22,FCHBLRBEN01,5,43,3,5,43,3,5,43
2026-04-28,22,FCHBLRBHO01,16,107,2,16,107,3,16,111
2026-04-28,22,FCHBLRDOD01,12,122,3,12,143,4,12,128
2026-04-28,22,FCHBLRELC01,6,71,4,6,71,5,6,91
2026-04-28,22,FCHBLRHAR01,14,124,6,14,133,5,13,126
2026-04-28,22,FCHBLRHEB01,11,68,3,11,68,4,10,57
2026-04-28,22,FCHBLRHOO01,11,86,4,13,108,4,13,108
2026-04-28,22,FCHBLRHSAF01,6,70,5,7,108,4,6,50
2026-04-28,22,FCHBLRHSR01,16,137,2,15,133,2,16,143
2026-04-28,22,FCHBLRJPN01,8,68,4,9,84,5,9,87
2026-04-28,22,FCHBLRKOR01,18,116,3,21,132,3,22,135
2026-04-28,22,FCHBLRSJR01,10,76,4,10,83,4,10,83
2026-04-28,22,FCHBLRTHA01,7,53,3,7,53,4,7,56
2026-04-28,22,FCHBLRVAR01,9,72,2,11,82,4,12,102
2026-04-28,22,FCHBLRWHF01,15,119,6,15,119,5,15,119
2026-04-28,23,FCHBLRAECS01,5,55,1,5,55,2,5,76
2026-04-28,23,FCHBLRBEN01,4,54,3,4,54,3,4,54
2026-04-28,23,FCHBLRBHO01,6,61,1,6,61,2,6,73
2026-04-28,23,FCHBLRDOD01,5,36,2,4,29,3,4,29
2026-04-28,23,FCHBLRELC01,2,8,1,2,8,1,2,8
2026-04-28,23,FCHBLRHAR01,3,14,1,5,22,1,5,22
2026-04-28,23,FCHBLRHEB01,3,19,3,4,37,2,4,37
2026-04-28,23,FCHBLRHOO01,6,45,2,6,45,2,6,45
2026-04-28,23,FCHBLRHSAF01,3,39,3,3,52,2,4,71
2026-04-28,23,FCHBLRHSR01,13,67,3,12,49,3,12,49
2026-04-28,23,FCHBLRJPN01,17,83,4,17,105,3,17,77
2026-04-28,23,FCHBLRKOR01,11,76,4,10,72,5,10,76
2026-04-28,23,FCHBLRSJR01,6,36,4,7,43,4,7,43
2026-04-28,23,FCHBLRTHA01,2,15,2,2,15,2,2,15
2026-04-28,23,FCHBLRVAR01,6,59,4,6,59,3,6,59
2026-04-28,23,FCHBLRWHF01,4,16,2,4,16,2,4,16
2026-04-27,0,FCHBLRBHO01,0,0,1,1,21,1,1,21
2026-04-27,0,FCHBLRKOR01,0,0,1,1,10,1,1,10
2026-04-27,6,FCHBLRAECS01,7,65,1,6,57,3,6,65
2026-04-27,6,FCHBLRBEN01,24,188,6,23,195,6,22,182
2026-04-27,6,FCHBLRBHO01,15,160,3,15,160,4,15,167
2026-04-27,6,FCHBLRDOD01,11,122,5,11,122,6,11,127
2026-04-27,6,FCHBLRELC01,6,68,2,6,68,2,6,68
2026-04-27,6,FCHBLRHAR01,19,240,2,15,218,2,15,194
2026-04-27,6,FCHBLRHEB01,20,209,5,18,175,4,18,168
2026-04-27,6,FCHBLRHOO01,33,369,5,32,356,5,31,346
2026-04-27,6,FCHBLRHSAF01,17,157,2,15,128,3,15,130
2026-04-27,6,FCHBLRHSR01,21,171,4,19,155,5,19,177
2026-04-27,6,FCHBLRJPN01,29,337,6,21,275,5,21,250
2026-04-27,6,FCHBLRKNP01,9,89,3,9,96,2,8,69
2026-04-27,6,FCHBLRKOR01,30,435,5,27,363,6,24,306
2026-04-27,6,FCHBLRRAJ01,1,6,1,1,6,1,1,6
2026-04-27,6,FCHBLRSJR01,24,241,7,19,183,6,16,114
2026-04-27,6,FCHBLRTHA01,11,103,4,11,103,4,11,103
2026-04-27,6,FCHBLRVAR01,11,148,4,10,110,4,10,114
2026-04-27,6,FCHBLRWHF01,26,256,4,25,248,5,24,233
2026-04-27,7,FCHBLRAECS01,37,394,4,36,382,4,34,359
2026-04-27,7,FCHBLRBEN01,43,386,4,38,330,5,37,304
2026-04-27,7,FCHBLRBHO01,41,370,3,38,357,4,37,361
2026-04-27,7,FCHBLRDOD01,23,262,6,21,280,5,21,243
2026-04-27,7,FCHBLRELC01,26,277,6,26,277,7,26,289
2026-04-27,7,FCHBLRHAR01,30,335,4,31,376,4,30,385
2026-04-27,7,FCHBLRHEB01,34,376,5,35,449,5,35,396
2026-04-27,7,FCHBLRHOO01,47,541,6,44,513,6,43,460
2026-04-27,7,FCHBLRHSAF01,25,255,4,27,284,5,27,295
2026-04-27,7,FCHBLRHSR01,33,361,7,34,373,6,33,357
2026-04-27,7,FCHBLRJPN01,40,465,6,37,439,6,37,419
2026-04-27,7,FCHBLRKNP01,12,105,3,10,102,2,11,111
2026-04-27,7,FCHBLRKOR01,65,678,8,63,706,8,65,755
2026-04-27,7,FCHBLRRAJ01,2,28,2,2,28,2,2,28
2026-04-27,7,FCHBLRSJR01,49,665,12,47,671,10,47,600
2026-04-27,7,FCHBLRTHA01,17,133,3,17,133,3,17,133
2026-04-27,7,FCHBLRVAR01,26,233,4,26,265,5,26,272
2026-04-27,7,FCHBLRWHF01,45,455,5,44,442,6,42,439
2026-04-27,8,FCHBLRAECS01,43,447,5,41,490,5,42,464
2026-04-27,8,FCHBLRBEN01,52,549,6,54,611,5,54,550
2026-04-27,8,FCHBLRBHO01,36,341,3,37,311,4,38,341
2026-04-27,8,FCHBLRDOD01,36,324,4,37,340,5,37,342
2026-04-27,8,FCHBLRELC01,22,210,5,21,219,3,20,199
2026-04-27,8,FCHBLRHAR01,58,627,4,56,638,4,57,619
2026-04-27,8,FCHBLRHEB01,49,445,4,42,394,4,42,394
2026-04-27,8,FCHBLRHOO01,65,574,7,64,575,6,65,614
2026-04-27,8,FCHBLRHSAF01,40,395,4,31,371,4,28,319
2026-04-27,8,FCHBLRHSR01,54,471,5,54,540,5,55,493
2026-04-27,8,FCHBLRJPN01,47,506,7,42,485,7,41,474
2026-04-27,8,FCHBLRKNP01,11,181,3,12,181,2,11,157
2026-04-27,8,FCHBLRKOR01,70,773,8,64,780,7,60,699
2026-04-27,8,FCHBLRRAJ01,2,8,2,2,8,2,2,8
2026-04-27,8,FCHBLRSJR01,65,747,10,60,823,11,59,681
2026-04-27,8,FCHBLRTHA01,21,197,4,19,170,4,19,170
2026-04-27,8,FCHBLRVAR01,37,364,4,35,342,3,35,335
2026-04-27,8,FCHBLRWHF01,58,618,4,52,547,5,55,613
2026-04-27,9,FCHBLRAECS01,32,351,5,35,389,5,35,368
2026-04-27,9,FCHBLRBEN01,34,344,5,36,371,4,36,393
2026-04-27,9,FCHBLRBHO01,27,276,3,27,310,4,27,325
2026-04-27,9,FCHBLRDOD01,32,362,5,31,397,5,30,351
2026-04-27,9,FCHBLRELC01,17,172,5,17,181,6,18,190
2026-04-27,9,FCHBLRHAR01,47,507,5,50,573,4,48,553
2026-04-27,9,FCHBLRHEB01,45,545,6,50,656,5,47,565
2026-04-27,9,FCHBLRHOO01,52,591,6,51,554,6,50,524
2026-04-27,9,FCHBLRHSAF01,37,334,4,28,248,4,29,252
2026-04-27,9,FCHBLRHSR01,56,456,4,53,421,5,53,430
2026-04-27,9,FCHBLRJPN01,58,612,7,45,494,7,44,442
2026-04-27,9,FCHBLRKNP01,11,121,3,12,129,2,13,159
2026-04-27,9,FCHBLRKOR01,75,1009,7,75,963,6,79,975
2026-04-27,9,FCHBLRRAJ01,2,23,2,2,23,2,2,23
2026-04-27,9,FCHBLRSJR01,60,673,10,58,732,8,57,588
2026-04-27,9,FCHBLRTHA01,24,280,3,26,307,3,25,300
2026-04-27,9,FCHBLRVAR01,32,383,4,32,414,3,31,365
2026-04-27,9,FCHBLRWHF01,40,316,5,48,408,6,48,413
2026-04-27,9,FCHHYDNAR01,1,12,1,1,21,1,1,10
2026-04-27,10,FCHBLRAECS01,25,209,5,23,209,5,24,223
2026-04-27,10,FCHBLRBEN01,31,385,6,29,368,6,30,369
2026-04-27,10,FCHBLRBHO01,28,308,4,29,302,5,29,306
2026-04-27,10,FCHBLRDOD01,32,323,5,34,361,4,35,354
2026-04-27,10,FCHBLRELC01,22,243,5,23,257,5,23,259
2026-04-27,10,FCHBLRHAR01,35,325,3,37,354,4,39,388
2026-04-27,10,FCHBLRHEB01,33,356,4,31,343,5,32,338
2026-04-27,10,FCHBLRHOO01,38,401,5,42,490,5,43,506
2026-04-27,10,FCHBLRHSAF01,26,258,6,38,335,5,29,251
2026-04-27,10,FCHBLRHSR01,44,497,4,44,493,4,44,493
2026-04-27,10,FCHBLRJPN01,39,371,9,50,596,8,52,578
2026-04-27,10,FCHBLRKNP01,6,63,2,6,61,3,6,71
2026-04-27,10,FCHBLRKOR01,60,531,6,66,674,7,66,691
2026-04-27,10,FCHBLRRAJ01,2,36,1,2,36,1,2,36
2026-04-27,10,FCHBLRSJR01,57,551,9,65,703,10,65,697
2026-04-27,10,FCHBLRTHA01,14,138,3,13,123,4,14,137
2026-04-27,10,FCHBLRVAR01,30,321,3,30,311,3,31,334
2026-04-27,10,FCHBLRWHF01,33,356,5,33,356,6,33,371
2026-04-27,11,FCHBLRAECS01,23,228,3,25,231,4,25,240
2026-04-27,11,FCHBLRBEN01,27,256,4,31,319,4,30,306
2026-04-27,11,FCHBLRBHO01,13,122,3,14,137,4,14,143
2026-04-27,11,FCHBLRDOD01,19,179,4,19,179,5,19,183
2026-04-27,11,FCHBLRELC01,22,266,6,20,247,7,20,253
2026-04-27,11,FCHBLRHAR01,32,307,3,30,294,3,30,294
2026-04-27,11,FCHBLRHEB01,21,209,5,24,264,4,24,263
2026-04-27,11,FCHBLRHOO01,32,333,5,28,234,6,28,251
2026-04-27,11,FCHBLRHSAF01,19,199,4,22,243,3,22,231
2026-04-27,11,FCHBLRHSR01,26,230,5,30,294,5,30,289
2026-04-27,11,FCHBLRJPN01,51,524,7,54,498,7,54,484
2026-04-27,11,FCHBLRKNP01,6,58,2,6,58,2,6,58
2026-04-27,11,FCHBLRKOR01,57,612,7,54,592,6,54,561
2026-04-27,11,FCHBLRRAJ01,2,17,1,2,17,2,2,17
2026-04-27,11,FCHBLRSJR01,28,274,8,30,342,7,31,325
2026-04-27,11,FCHBLRTHA01,22,177,3,23,192,5,23,209
2026-04-27,11,FCHBLRVAR01,19,165,4,22,218,3,22,205
2026-04-27,11,FCHBLRWHF01,33,306,4,30,268,4,30,268
2026-04-27,11,FCHHYDNAR01,1,12,1,1,12,1,1,12
2026-04-27,12,FCHBLRAECS01,26,208,3,27,228,4,27,235
2026-04-27,12,FCHBLRBEN01,30,373,3,29,350,4,30,364
2026-04-27,12,FCHBLRBHO01,15,160,3,15,160,3,14,133
2026-04-27,12,FCHBLRDOD01,23,334,5,20,330,5,20,287
2026-04-27,12,FCHBLRELC01,14,150,4,14,134,5,13,129
2026-04-27,12,FCHBLRHAR01,19,143,3,21,191,3,20,166
2026-04-27,12,FCHBLRHEB01,32,346,5,34,372,4,33,358
2026-04-27,12,FCHBLRHOO01,38,431,6,42,516,6,43,549
2026-04-27,12,FCHBLRHSAF01,21,229,5,19,246,2,14,181
2026-04-27,12,FCHBLRHSR01,25,197,2,25,197,2,25,197
2026-04-27,12,FCHBLRJPN01,39,413,7,34,458,6,34,411
2026-04-27,12,FCHBLRKNP01,7,58,4,7,49,3,7,58
2026-04-27,12,FCHBLRKOR01,32,322,6,39,395,7,40,433
2026-04-27,12,FCHBLRRAJ01,1,3,1,1,3,1,1,3
2026-04-27,12,FCHBLRSJR01,34,268,7,32,274,7,31,243
2026-04-27,12,FCHBLRTHA01,13,120,3,12,105,3,12,105
2026-04-27,12,FCHBLRVAR01,21,202,5,21,244,4,21,202
2026-04-27,12,FCHBLRWHF01,25,223,3,28,261,3,28,261
2026-04-27,13,FCHBLRAECS01,18,128,3,16,114,3,16,114
2026-04-27,13,FCHBLRBEN01,19,221,4,19,230,4,19,250
2026-04-27,13,FCHBLRBHO01,9,103,3,9,103,4,10,133
2026-04-27,13,FCHBLRDOD01,12,86,5,15,155,5,15,148
2026-04-27,13,FCHBLRELC01,10,100,2,11,108,4,12,123
2026-04-27,13,FCHBLRHAR01,19,171,3,18,174,3,20,180
2026-04-27,13,FCHBLRHEB01,18,223,4,18,223,4,19,232
2026-04-27,13,FCHBLRHOO01,21,212,4,22,234,4,22,234
2026-04-27,13,FCHBLRHSAF01,12,108,4,16,142,3,19,169
2026-04-27,13,FCHBLRHSR01,26,169,2,23,160,2,22,174
2026-04-27,13,FCHBLRJPN01,31,299,6,47,489,6,46,476
2026-04-27,13,FCHBLRKNP01,5,48,3,5,44,1,5,48
2026-04-27,13,FCHBLRKOR01,39,409,9,35,319,8,34,298
2026-04-27,13,FCHBLRRAJ01,5,46,3,4,29,4,4,35
2026-04-27,13,FCHBLRSJR01,21,205,8,20,208,6,20,181
2026-04-27,13,FCHBLRTHA01,16,129,2,17,144,4,17,149
2026-04-27,13,FCHBLRVAR01,15,132,5,14,148,4,14,129
2026-04-27,13,FCHBLRWHF01,21,245,5,21,245,5,21,245
2026-04-27,13,FCHHYDNAR01,1,2,1,1,2,2,1,4
2026-04-27,14,FCHBLRAECS01,14,120,4,15,140,3,15,130
2026-04-27,14,FCHBLRBEN01,14,129,2,15,172,3,12,130
2026-04-27,14,FCHBLRBHO01,14,128,3,12,101,4,12,112
2026-04-27,14,FCHBLRDOD01,10,130,4,10,130,4,10,130
2026-04-27,14,FCHBLRELC01,8,63,3,9,95,2,9,90
2026-04-27,14,FCHBLRHAR01,20,157,3,21,174,3,21,167
2026-04-27,14,FCHBLRHEB01,23,207,4,22,203,4,22,203
2026-04-27,14,FCHBLRHOO01,15,138,3,15,140,4,15,145
2026-04-27,14,FCHBLRHSAF01,12,109,3,12,93,3,11,88
2026-04-27,14,FCHBLRHSR01,18,157,3,20,191,2,21,171
2026-04-27,14,FCHBLRJPN01,27,181,6,29,188,7,30,207
2026-04-27,14,FCHBLRKNP01,4,28,2,3,19,2,3,19
2026-04-27,14,FCHBLRKOR01,22,170,6,27,275,7,28,296
2026-04-27,14,FCHBLRRAJ01,0,0,1,1,17,1,1,17
2026-04-27,14,FCHBLRSJR01,21,193,7,20,202,6,20,178
2026-04-27,14,FCHBLRTHA01,7,69,3,7,69,4,7,99
2026-04-27,14,FCHBLRVAR01,12,148,5,12,123,5,12,123
2026-04-27,14,FCHBLRWHF01,22,246,4,21,220,4,21,220
2026-04-27,14,FCHHYDNAR01,1,7,1,1,7,1,1,7
2026-04-27,15,FCHBLRAECS01,16,95,4,16,91,4,16,90
2026-04-27,15,FCHBLRBEN01,24,265,2,22,211,3,25,305
2026-04-27,15,FCHBLRBHO01,12,71,3,14,98,4,14,101
2026-04-27,15,FCHBLRDOD01,11,147,4,10,107,6,10,115
2026-04-27,15,FCHBLRELC01,10,93,3,8,58,3,7,60
2026-04-27,15,FCHBLRHAR01,22,227,3,21,229,3,21,230
2026-04-27,15,FCHBLRHEB01,19,194,4,20,198,4,19,169
2026-04-27,15,FCHBLRHOO01,25,268,6,23,240,6,23,240
2026-04-27,15,FCHBLRHSAF01,8,79,3,8,99,2,7,70
2026-04-27,15,FCHBLRHSR01,20,116,3,20,113,4,20,119
2026-04-27,15,FCHBLRJPN01,19,185,6,20,194,6,20,201
2026-04-27,15,FCHBLRKNP01,4,47,2,5,70,2,5,56
2026-04-27,15,FCHBLRKOR01,27,187,8,26,203,8,26,187
2026-04-27,15,FCHBLRSJR01,27,273,7,22,254,7,22,239
2026-04-27,15,FCHBLRTHA01,11,86,5,11,86,5,11,86
2026-04-27,15,FCHBLRVAR01,7,52,4,8,80,5,8,83
2026-04-27,15,FCHBLRWHF01,28,275,6,29,301,7,29,313
2026-04-27,16,FCHBLRAECS01,23,168,3,20,124,4,20,141
2026-04-27,16,FCHBLRBEN01,14,115,6,16,167,5,15,141
2026-04-27,16,FCHBLRBHO01,13,96,1,13,96,2,13,104
2026-04-27,16,FCHBLRDOD01,11,117,5,12,178,5,10,128
2026-04-27,16,FCHBLRELC01,14,132,7,16,167,8,17,182
2026-04-27,16,FCHBLRHAR01,20,184,2,19,169,3,19,178
2026-04-27,16,FCHBLRHEB01,22,196,2,21,182,3,22,229
2026-04-27,16,FCHBLRHOO01,31,280,4,32,283,5,30,277
2026-04-27,16,FCHBLRHSAF01,15,93,3,15,105,3,15,100
2026-04-27,16,FCHBLRHSR01,25,233,4,21,188,5,21,208
2026-04-27,16,FCHBLRJPN01,32,291,5,31,282,6,31,285
2026-04-27,16,FCHBLRKNP01,5,48,1,5,48,1,5,48
2026-04-27,16,FCHBLRKOR01,47,411,5,42,402,5,42,386
2026-04-27,16,FCHBLRRAJ01,2,11,1,1,4,1,1,4
2026-04-27,16,FCHBLRSJR01,30,247,8,34,260,8,34,288
2026-04-27,16,FCHBLRTHA01,13,139,3,13,139,3,13,139
2026-04-27,16,FCHBLRVAR01,17,164,4,17,176,4,16,154
2026-04-27,16,FCHBLRWHF01,30,263,3,29,260,4,29,271
2026-04-27,17,FCHBLRAECS01,24,196,4,27,223,5,26,216
2026-04-27,17,FCHBLRBEN01,17,160,3,16,149,5,17,163
2026-04-27,17,FCHBLRBHO01,21,188,1,19,153,2,19,159
2026-04-27,17,FCHBLRDOD01,25,206,4,23,197,3,24,183
2026-04-27,17,FCHBLRELC01,20,140,5,19,138,4,19,133
2026-04-27,17,FCHBLRHAR01,31,266,3,32,303,3,32,278
2026-04-27,17,FCHBLRHEB01,19,186,3,19,257,3,19,198
2026-04-27,17,FCHBLRHOO01,47,528,4,44,513,5,44,476
2026-04-27,17,FCHBLRHSAF01,25,305,4,22,245,2,22,238
2026-04-27,17,FCHBLRHSR01,28,298,6,30,383,5,28,308
2026-04-27,17,FCHBLRJPN01,37,357,5,31,303,6,29,295
2026-04-27,17,FCHBLRKNP01,7,57,2,6,59,1,6,52
2026-04-27,17,FCHBLRKOR01,54,504,5,50,441,5,49,431
2026-04-27,17,FCHBLRRAJ01,3,15,2,4,22,3,4,29
2026-04-27,17,FCHBLRSJR01,52,436,10,45,351,10,42,349
2026-04-27,17,FCHBLRTHA01,18,130,4,16,118,5,16,131
2026-04-27,17,FCHBLRVAR01,17,161,5,17,167,4,18,173
2026-04-27,17,FCHBLRWHF01,30,263,3,29,241,3,28,214
2026-04-27,17,FCHHYDNAR01,1,7,1,1,7,0,0,0
2026-04-27,18,FCHBLRAECS01,28,210,3,28,230,4,29,277
2026-04-27,18,FCHBLRBEN01,29,247,4,29,246,5,29,265
2026-04-27,18,FCHBLRBHO01,19,224,2,20,294,2,20,259
2026-04-27,18,FCHBLRDOD01,23,232,4,24,234,5,25,286
2026-04-27,18,FCHBLRELC01,28,285,7,27,305,6,26,279
2026-04-27,18,FCHBLRHAR01,31,284,4,29,280,3,26,249
2026-04-27,18,FCHBLRHEB01,31,233,2,29,203,3,29,217
2026-04-27,18,FCHBLRHOO01,47,401,5,47,404,5,49,484
2026-04-27,18,FCHBLRHSAF01,21,187,6,21,237,6,21,241
2026-04-27,18,FCHBLRHSR01,49,427,6,49,459,7,51,469
2026-04-27,18,FCHBLRJPN01,39,365,5,40,347,7,42,373
2026-04-27,18,FCHBLRKNP01,9,74,3,10,75,2,10,79
2026-04-27,18,FCHBLRKOR01,55,511,4,61,563,4,59,532
2026-04-27,18,FCHBLRRAJ01,4,33,3,4,33,2,4,33
2026-04-27,18,FCHBLRSJR01,49,460,6,49,413,7,46,408
2026-04-27,18,FCHBLRTHA01,22,161,5,24,173,6,24,177
2026-04-27,18,FCHBLRVAR01,26,232,4,23,204,5,23,206
2026-04-27,18,FCHBLRWHF01,43,342,4,43,355,5,43,389
2026-04-27,18,FCHHYDNAR01,0,0,0,0,0,1,1,7
2026-04-27,19,FCHBLRAECS01,36,336,3,32,290,4,31,290
2026-04-27,19,FCHBLRBEN01,22,192,5,21,200,4,20,166
2026-04-27,19,FCHBLRBHO01,25,196,2,25,192,3,24,194
2026-04-27,19,FCHBLRDOD01,24,198,3,25,216,4,25,224
2026-04-27,19,FCHBLRELC01,23,236,5,24,252,6,25,265
2026-04-27,19,FCHBLRHAR01,37,356,4,35,371,4,38,390
2026-04-27,19,FCHBLRHEB01,24,219,3,23,230,3,23,220
2026-04-27,19,FCHBLRHOO01,22,241,4,26,260,5,25,241
2026-04-27,19,FCHBLRHSAF01,24,203,3,25,216,4,25,225
2026-04-27,19,FCHBLRHSR01,43,368,6,46,449,6,45,390
2026-04-27,19,FCHBLRJPN01,37,332,6,35,327,5,32,339
2026-04-27,19,FCHBLRKNP01,7,43,2,6,38,2,6,38
2026-04-27,19,FCHBLRKOR01,45,383,4,46,415,4,49,454
2026-04-27,19,FCHBLRRAJ01,2,6,1,2,6,1,2,6
2026-04-27,19,FCHBLRSJR01,43,361,4,41,423,5,41,400
2026-04-27,19,FCHBLRTHA01,11,107,4,11,107,4,10,91
2026-04-27,19,FCHBLRVAR01,23,226,4,25,245,4,25,245
2026-04-27,19,FCHBLRWHF01,40,350,4,40,352,5,41,369
2026-04-27,19,FCHHYDNAR01,2,18,2,2,18,2,2,18
2026-04-27,20,FCHBLRAECS01,17,141,4,21,187,3,21,162
2026-04-27,20,FCHBLRBEN01,33,253,4,33,233,5,33,254
2026-04-27,20,FCHBLRBHO01,17,107,1,17,107,2,18,121
2026-04-27,20,FCHBLRDOD01,23,205,4,20,159,5,19,157
2026-04-27,20,FCHBLRELC01,26,246,5,27,290,5,27,292
2026-04-27,20,FCHBLRHAR01,30,227,4,33,258,3,32,229
2026-04-27,20,FCHBLRHEB01,21,207,3,21,211,2,21,200
2026-04-27,20,FCHBLRHOO01,30,323,4,30,337,5,31,388
2026-04-27,20,FCHBLRHSAF01,23,162,4,18,166,3,18,149
2026-04-27,20,FCHBLRHSR01,38,303,6,38,355,6,38,306
2026-04-27,20,FCHBLRJPN01,37,297,7,38,302,7,40,336
2026-04-27,20,FCHBLRKNP01,6,65,3,7,69,3,6,33
2026-04-27,20,FCHBLRKOR01,39,338,5,38,354,6,36,323
2026-04-27,20,FCHBLRRAJ01,3,47,2,3,47,2,3,47
2026-04-27,20,FCHBLRSJR01,48,371,8,46,390,7,46,389
2026-04-27,20,FCHBLRTHA01,20,156,3,20,166,3,21,174
2026-04-27,20,FCHBLRVAR01,14,138,4,12,115,4,11,100
2026-04-27,20,FCHBLRWHF01,23,165,4,25,175,4,25,175
2026-04-27,21,FCHBLRAECS01,19,166,3,17,152,4,17,164
2026-04-27,21,FCHBLRBEN01,21,143,3,23,178,3,24,190
2026-04-27,21,FCHBLRBHO01,23,192,2,24,202,3,24,211
2026-04-27,21,FCHBLRDOD01,22,211,4,24,240,4,25,250
2026-04-27,21,FCHBLRELC01,13,95,4,13,95,4,13,113
2026-04-27,21,FCHBLRHAR01,25,180,3,25,181,3,26,195
2026-04-27,21,FCHBLRHEB01,13,127,3,15,142,3,15,157
2026-04-27,21,FCHBLRHOO01,20,184,3,21,193,4,21,204
2026-04-27,21,FCHBLRHSAF01,12,116,4,19,150,3,19,155
2026-04-27,21,FCHBLRHSR01,38,254,5,37,249,5,38,261
2026-04-27,21,FCHBLRJPN01,27,226,7,31,281,6,30,219
2026-04-27,21,FCHBLRKNP01,4,30,2,4,30,3,4,32
2026-04-27,21,FCHBLRKOR01,32,310,6,32,282,5,34,318
2026-04-27,21,FCHBLRRAJ01,1,9,1,1,9,1,1,9
2026-04-27,21,FCHBLRSJR01,35,266,4,36,299,3,33,271
2026-04-27,21,FCHBLRTHA01,9,57,2,9,57,3,9,68
2026-04-27,21,FCHBLRVAR01,18,145,5,20,178,4,21,177
2026-04-27,21,FCHBLRWHF01,14,111,4,13,108,4,13,108
2026-04-27,21,FCHHYDNAR01,1,16,1,1,16,1,1,16
2026-04-27,22,FCHBLRAECS01,11,94,3,13,104,3,13,104
2026-04-27,22,FCHBLRBEN01,10,65,1,9,52,2,9,57
2026-04-27,22,FCHBLRBHO01,6,41,3,6,56,2,6,41
2026-04-27,22,FCHBLRDOD01,13,89,4,14,135,4,14,133
2026-04-27,22,FCHBLRELC01,5,35,3,5,35,3,5,35
2026-04-27,22,FCHBLRHAR01,19,118,3,19,138,3,19,138
2026-04-27,22,FCHBLRHEB01,9,88,3,9,112,2,8,100
2026-04-27,22,FCHBLRHOO01,9,67,4,9,67,4,9,67
2026-04-27,22,FCHBLRHSAF01,7,54,1,7,52,2,7,52
2026-04-27,22,FCHBLRHSR01,22,133,4,21,146,3,21,135
2026-04-27,22,FCHBLRJPN01,13,115,4,17,167,4,17,167
2026-04-27,22,FCHBLRKNP01,1,17,1,1,17,1,1,17
2026-04-27,22,FCHBLRKOR01,22,148,5,25,189,5,25,194
2026-04-27,22,FCHBLRSJR01,23,154,4,32,201,4,33,215
2026-04-27,22,FCHBLRTHA01,8,85,3,7,78,4,7,78
2026-04-27,22,FCHBLRVAR01,10,82,2,10,84,2,10,84
2026-04-27,22,FCHBLRWHF01,14,73,4,15,76,4,15,76
2026-04-27,23,FCHBLRAECS01,4,22,3,5,28,3,5,32
2026-04-27,23,FCHBLRBEN01,3,46,3,4,59,3,4,59
2026-04-27,23,FCHBLRBHO01,3,21,2,3,21,2,3,21
2026-04-27,23,FCHBLRDOD01,6,53,3,6,70,3,6,56
2026-04-27,23,FCHBLRELC01,1,9,1,1,9,1,1,9
2026-04-27,23,FCHBLRHAR01,6,55,3,8,65,3,8,65
2026-04-27,23,FCHBLRHEB01,2,23,3,4,35,4,5,55
2026-04-27,23,FCHBLRHOO01,8,41,4,8,41,5,8,51
2026-04-27,23,FCHBLRHSAF01,5,36,2,6,60,3,6,64
2026-04-27,23,FCHBLRHSR01,4,24,2,6,32,2,6,32
2026-04-27,23,FCHBLRJPN01,16,96,5,15,97,4,15,83
2026-04-27,23,FCHBLRKOR01,12,99,4,13,126,4,13,105
2026-04-27,23,FCHBLRSJR01,5,53,3,5,57,2,6,59
2026-04-27,23,FCHBLRTHA01,4,36,3,5,43,4,5,50
2026-04-27,23,FCHBLRVAR01,1,8,1,2,21,1,2,21
2026-04-27,23,FCHBLRWHF01,6,32,3,6,32,4,6,37
2026-04-26,0,FCHBLRHOO01,0,0,1,1,4,1,1,4
2026-04-26,0,FCHBLRHSAF01,0,0,1,1,3,1,1,3
2026-04-26,0,FCHBLRHSR01,0,0,1,1,4,1,1,4
2026-04-26,0,FCHBLRSJR01,0,0,2,3,9,1,2,8
2026-04-26,0,FCHBLRVAR01,0,0,1,1,47,1,1,47
2026-04-26,0,FCHBLRWHF01,0,0,2,2,15,2,2,15
2026-04-26,6,FCHBLRAECS01,11,182,2,8,112,2,8,112
2026-04-26,6,FCHBLRBEN01,5,36,3,5,36,3,5,36
2026-04-26,6,FCHBLRDOD01,7,100,4,6,93,4,6,93
2026-04-26,6,FCHBLRELC01,3,26,2,3,26,2,3,26
2026-04-26,6,FCHBLRHAR01,8,77,2,7,71,2,7,71
2026-04-26,6,FCHBLRHEB01,9,137,3,9,137,2,8,118
2026-04-26,6,FCHBLRHOO01,12,107,5,12,107,5,12,107
2026-04-26,6,FCHBLRHSAF01,9,112,5,6,92,5,6,81
2026-04-26,6,FCHBLRHSR01,4,88,3,3,60,2,2,19
2026-04-26,6,FCHBLRJPN01,17,192,4,14,151,4,14,139
2026-04-26,6,FCHBLRKNP01,6,78,1,5,64,1,4,39
2026-04-26,6,FCHBLRKOR01,11,127,4,10,108,4,9,90
2026-04-26,6,FCHBLRSJR01,8,72,5,7,69,5,7,64
2026-04-26,6,FCHBLRTHA01,2,11,2,2,11,2,2,11
2026-04-26,6,FCHBLRVAR01,9,85,2,9,85,2,9,85
2026-04-26,6,FCHBLRWHF01,7,64,4,7,64,4,7,68
2026-04-26,7,FCHBLRAECS01,18,255,4,19,348,3,17,285
2026-04-26,7,FCHBLRBEN01,30,308,8,28,289,8,27,285
2026-04-26,7,FCHBLRBHO01,10,167,2,6,100,2,4,54
2026-04-26,7,FCHBLRDOD01,15,184,3,14,182,3,14,182
2026-04-26,7,FCHBLRELC01,30,432,9,28,412,8,28,400
2026-04-26,7,FCHBLRHAR01,23,339,3,19,304,3,18,232
2026-04-26,7,FCHBLRHEB01,28,255,7,25,229,7,25,262
2026-04-26,7,FCHBLRHOO01,36,472,5,31,385,6,31,399
2026-04-26,7,FCHBLRHSAF01,30,331,7,25,270,7,25,281
2026-04-26,7,FCHBLRHSR01,28,280,4,28,327,5,29,359
2026-04-26,7,FCHBLRJPN01,50,558,7,45,507,6,44,482
2026-04-26,7,FCHBLRKNP01,9,105,1,8,87,1,9,112
2026-04-26,7,FCHBLRKOR01,34,402,6,34,411,7,35,436
2026-04-26,7,FCHBLRRAJ01,4,44,4,4,44,4,4,44
2026-04-26,7,FCHBLRSJR01,55,828,9,36,733,11,31,419
2026-04-26,7,FCHBLRTHA01,13,176,4,12,157,4,12,157
2026-04-26,7,FCHBLRVAR01,28,315,5,25,272,5,25,272
2026-04-26,7,FCHBLRWHF01,27,291,5,26,289,6,26,307
2026-04-26,8,FCHBLRAECS01,46,543,4,45,506,4,46,506
2026-04-26,8,FCHBLRBEN01,41,468,6,41,552,6,39,456
2026-04-26,8,FCHBLRBHO01,39,440,3,34,394,4,35,424
2026-04-26,8,FCHBLRDOD01,39,405,5,39,391,6,39,400
2026-04-26,8,FCHBLRELC01,33,482,7,33,532,6,32,491
2026-04-26,8,FCHBLRHAR01,62,644,4,52,636,3,49,557
2026-04-26,8,FCHBLRHEB01,54,561,8,55,585,8,56,597
2026-04-26,8,FCHBLRHOO01,62,748,5,60,745,5,58,671
2026-04-26,8,FCHBLRHSAF01,44,519,7,44,479,6,42,453
2026-04-26,8,FCHBLRHSR01,37,371,3,35,315,3,33,297
2026-04-26,8,FCHBLRJPN01,64,764,8,47,790,8,47,640
2026-04-26,8,FCHBLRKNP01,18,238,4,19,249,2,19,248
2026-04-26,8,FCHBLRKOR01,56,666,7,56,644,7,56,644
2026-04-26,8,FCHBLRRAJ01,4,43,3,4,41,4,4,41
2026-04-26,8,FCHBLRSJR01,57,844,11,58,1116,10,32,360
2026-04-26,8,FCHBLRTHA01,30,448,6,29,456,5,27,399
2026-04-26,8,FCHBLRVAR01,46,611,6,38,494,5,37,464
2026-04-26,8,FCHBLRWHF01,70,820,9,68,787,10,65,775
2026-04-26,8,FCHHYDNAR01,1,4,1,1,4,1,1,4
2026-04-26,9,FCHBLRAECS01,53,573,4,47,537,5,48,583
2026-04-26,9,FCHBLRBEN01,62,803,8,52,670,7,55,681
2026-04-26,9,FCHBLRBHO01,31,381,3,35,425,4,36,495
2026-04-26,9,FCHBLRDOD01,55,772,8,42,570,8,40,496
2026-04-26,9,FCHBLRELC01,51,577,7,46,501,7,46,501
2026-04-26,9,FCHBLRHAR01,59,672,3,62,656,4,63,676
2026-04-26,9,FCHBLRHEB01,66,930,8,61,881,8,60,861
2026-04-26,9,FCHBLRHOO01,58,612,6,61,675,6,62,762
2026-04-26,9,FCHBLRHSAF01,34,393,5,38,551,5,38,513
2026-04-26,9,FCHBLRHSR01,45,460,4,43,504,4,43,431
2026-04-26,9,FCHBLRJPN01,48,563,8,61,694,8,58,571
2026-04-26,9,FCHBLRKNP01,10,138,4,10,123,2,10,121
2026-04-26,9,FCHBLRKOR01,73,805,6,67,747,6,67,747
2026-04-26,9,FCHBLRRAJ01,3,41,1,2,18,1,2,18
2026-04-26,9,FCHBLRSJR01,81,1020,12,65,1142,7,9,92
2026-04-26,9,FCHBLRTHA01,42,496,5,43,515,5,45,553
2026-04-26,9,FCHBLRVAR01,52,659,6,62,835,6,62,811
2026-04-26,9,FCHBLRWHF01,65,618,9,64,619,10,67,664
2026-04-26,9,FCHHYDNAR01,1,5,1,1,5,1,1,5
2026-04-26,10,FCHBLRAECS01,56,566,4,54,583,4,53,554
2026-04-26,10,FCHBLRBEN01,53,587,9,53,652,7,47,566
2026-04-26,10,FCHBLRBHO01,44,612,3,33,417,4,33,426
2026-04-26,10,FCHBLRDOD01,51,592,7,55,799,7,54,786
2026-04-26,10,FCHBLRELC01,31,440,7,33,438,7,30,451
2026-04-26,10,FCHBLRHAR01,52,579,5,56,671,6,56,636
2026-04-26,10,FCHBLRHEB01,49,593,7,52,590,7,53,623
2026-04-26,10,FCHBLRHOO01,64,683,5,60,633,5,61,646
2026-04-26,10,FCHBLRHSAF01,45,633,5,35,506,5,33,445
2026-04-26,10,FCHBLRHSR01,56,558,4,56,626,4,57,586
2026-04-26,10,FCHBLRJPN01,54,522,6,64,662,6,65,685
2026-04-26,10,FCHBLRKNP01,13,132,3,13,129,3,13,141
2026-04-26,10,FCHBLRKOR01,67,710,7,73,814,6,72,788
2026-04-26,10,FCHBLRRAJ01,4,63,2,3,53,1,3,53
2026-04-26,10,FCHBLRSJR01,73,874,11,83,1092,5,8,47
2026-04-26,10,FCHBLRTHA01,25,322,4,25,310,4,25,310
2026-04-26,10,FCHBLRVAR01,46,436,5,44,429,5,44,433
2026-04-26,10,FCHBLRWHF01,69,786,9,72,792,10,72,823
2026-04-26,10,FCHHYDNAR01,1,4,1,1,4,0,0,0
2026-04-26,11,FCHBLRAECS01,53,667,4,51,690,4,52,615
2026-04-26,11,FCHBLRBEN01,42,461,8,49,569,7,50,552
2026-04-26,11,FCHBLRBHO01,40,532,4,48,666,5,47,664
2026-04-26,11,FCHBLRDOD01,41,471,6,48,570,6,51,571
2026-04-26,11,FCHBLRELC01,36,356,5,38,422,6,39,466
2026-04-26,11,FCHBLRHAR01,58,729,6,55,661,6,51,507
2026-04-26,11,FCHBLRHEB01,45,527,6,47,584,7,47,628
2026-04-26,11,FCHBLRHOO01,74,784,6,68,729,6,64,689
2026-04-26,11,FCHBLRHSAF01,36,435,5,47,585,5,48,636
2026-04-26,11,FCHBLRHSR01,51,478,3,49,556,2,48,473
2026-04-26,11,FCHBLRJPN01,64,730,7,55,603,6,54,608
2026-04-26,11,FCHBLRKNP01,6,44,2,6,57,2,6,57
2026-04-26,11,FCHBLRKOR01,67,639,7,66,640,6,66,612
2026-04-26,11,FCHBLRRAJ01,5,69,4,6,94,2,5,72
2026-04-26,11,FCHBLRSJR01,75,844,11,49,575,3,9,61
2026-04-26,11,FCHBLRTHA01,23,249,5,21,221,5,20,217
2026-04-26,11,FCHBLRVAR01,38,526,6,39,589,6,40,565
2026-04-26,11,FCHBLRWHF01,61,712,8,61,725,8,60,712
2026-04-26,11,FCHHYDNAR01,0,0,0,0,0,1,1,4
2026-04-26,12,FCHBLRAECS01,47,537,4,54,607,5,54,572
2026-04-26,12,FCHBLRBEN01,44,425,8,47,494,6,46,453
2026-04-26,12,FCHBLRBHO01,35,313,4,40,428,5,41,468
2026-04-26,12,FCHBLRDOD01,28,293,5,30,367,6,30,375
2026-04-26,12,FCHBLRELC01,24,259,5,26,306,4,27,296
2026-04-26,12,FCHBLRHAR01,45,538,5,40,508,6,36,422
2026-04-26,12,FCHBLRHEB01,37,434,6,35,390,5,35,383
2026-04-26,12,FCHBLRHOO01,48,596,7,59,735,6,61,756
2026-04-26,12,FCHBLRHSAF01,31,374,5,24,302,5,25,328
2026-04-26,12,FCHBLRHSR01,56,518,3,53,562,3,55,527
2026-04-26,12,FCHBLRJPN01,45,525,6,47,597,6,47,564
2026-04-26,12,FCHBLRKNP01,11,93,2,12,98,3,12,106
2026-04-26,12,FCHBLRKOR01,63,681,7,61,654,7,62,668
2026-04-26,12,FCHBLRRAJ01,6,66,4,6,70,2,6,66
2026-04-26,12,FCHBLRSJR01,54,701,10,56,580,4,10,65
2026-04-26,12,FCHBLRTHA01,27,294,6,30,352,6,30,351
2026-04-26,12,FCHBLRVAR01,25,397,5,26,399,5,26,399
2026-04-26,12,FCHBLRWHF01,64,709,8,62,699,8,62,698
2026-04-26,12,FCHHYDNAR01,1,10,1,1,10,1,1,10
2026-04-26,13,FCHBLRAECS01,44,434,5,45,526,5,44,499
2026-04-26,13,FCHBLRBEN01,30,348,6,28,358,6,27,333
2026-04-26,13,FCHBLRBHO01,17,199,2,19,208,3,18,191
2026-04-26,13,FCHBLRDOD01,28,339,5,30,349,5,31,364
2026-04-26,13,FCHBLRELC01,17,241,5,15,220,4,15,203
2026-04-26,13,FCHBLRHAR01,28,341,6,43,639,6,35,348
2026-04-26,13,FCHBLRHEB01,29,325,5,32,387,7,32,405
2026-04-26,13,FCHBLRHOO01,36,473,5,35,457,5,35,457
2026-04-26,13,FCHBLRHSAF01,20,231,5,28,392,5,28,403
2026-04-26,13,FCHBLRHSR01,38,334,4,44,464,4,43,432
2026-04-26,13,FCHBLRJPN01,39,354,6,47,458,5,47,455
2026-04-26,13,FCHBLRKNP01,6,46,2,6,46,2,6,46
2026-04-26,13,FCHBLRKOR01,55,542,6,55,543,7,55,547
2026-04-26,13,FCHBLRRAJ01,5,57,3,6,81,5,7,109
2026-04-26,13,FCHBLRSJR01,52,570,9,37,468,5,13,149
2026-04-26,13,FCHBLRTHA01,16,235,4,12,173,4,13,183
2026-04-26,13,FCHBLRVAR01,24,251,5,25,289,4,24,251
2026-04-26,13,FCHBLRWHF01,41,389,9,44,422,8,43,409
2026-04-26,13,FCHHYDNAR01,2,25,2,2,25,2,2,25
2026-04-26,14,FCHBLRAECS01,26,258,5,28,270,5,29,285
2026-04-26,14,FCHBLRBEN01,27,283,6,31,313,5,32,320
2026-04-26,14,FCHBLRBHO01,20,207,2,19,180,4,20,227
2026-04-26,14,FCHBLRDOD01,21,241,5,20,225,6,20,235
2026-04-26,14,FCHBLRELC01,16,193,6,18,211,6,18,210
2026-04-26,14,FCHBLRHAR01,28,308,6,27,271,4,27,269
2026-04-26,14,FCHBLRHEB01,19,243,5,20,259,5,21,270
2026-04-26,14,FCHBLRHOO01,36,305,7,36,317,6,35,318
2026-04-26,14,FCHBLRHSAF01,15,163,5,16,190,5,16,182
2026-04-26,14,FCHBLRHSR01,34,270,5,36,306,4,37,307
2026-04-26,14,FCHBLRJPN01,40,394,5,36,309,5,37,312
2026-04-26,14,FCHBLRKNP01,2,4,1,2,4,1,2,4
2026-04-26,14,FCHBLRKOR01,44,478,7,47,522,7,47,522
2026-04-26,14,FCHBLRRAJ01,4,35,4,4,35,4,4,43
2026-04-26,14,FCHBLRSJR01,42,365,9,53,463,4,13,86
2026-04-26,14,FCHBLRTHA01,16,171,4,18,206,4,18,206
2026-04-26,14,FCHBLRVAR01,25,360,4,25,360,4,26,373
2026-04-26,14,FCHBLRWHF01,24,265,9,22,246,9,22,254
2026-04-26,14,FCHHYDNAR01,2,16,2,2,16,2,2,16
2026-04-26,15,FCHBLRAECS01,26,254,4,25,208,5,24,197
2026-04-26,15,FCHBLRBEN01,23,160,4,22,151,5,22,164
2026-04-26,15,FCHBLRBHO01,18,159,3,19,178,4,19,195
2026-04-26,15,FCHBLRDOD01,16,170,7,15,170,7,14,168
2026-04-26,15,FCHBLRELC01,19,208,6,20,253,6,20,260
2026-04-26,15,FCHBLRHAR01,33,327,5,32,354,5,31,363
2026-04-26,15,FCHBLRHEB01,21,200,5,19,189,6,19,205
2026-04-26,15,FCHBLRHOO01,40,434,5,37,356,5,37,356
2026-04-26,15,FCHBLRHSAF01,12,82,3,13,103,3,13,91
2026-04-26,15,FCHBLRHSR01,21,191,6,22,187,5,22,180
2026-04-26,15,FCHBLRJPN01,34,321,8,24,298,7,24,288
2026-04-26,15,FCHBLRKNP01,4,47,3,4,58,2,4,47
2026-04-26,15,FCHBLRKOR01,41,491,4,41,518,4,39,466
2026-04-26,15,FCHBLRRAJ01,5,54,3,5,54,2,4,33
2026-04-26,15,FCHBLRSJR01,36,324,9,29,261,9,22,147
2026-04-26,15,FCHBLRTHA01,13,144,5,13,158,4,11,137
2026-04-26,15,FCHBLRVAR01,22,203,5,22,203,5,22,203
2026-04-26,15,FCHBLRWHF01,20,150,9,22,169,9,22,171
2026-04-26,16,FCHBLRAECS01,25,194,6,24,275,6,24,257
2026-04-26,16,FCHBLRBEN01,18,160,4,17,139,5,18,159
2026-04-26,16,FCHBLRBHO01,12,82,2,12,90,3,12,97
2026-04-26,16,FCHBLRDOD01,25,319,5,21,283,5,22,293
2026-04-26,16,FCHBLRELC01,15,115,7,15,115,7,15,139
2026-04-26,16,FCHBLRHAR01,23,199,6,25,224,6,26,233
2026-04-26,16,FCHBLRHEB01,24,191,7,26,216,7,26,205
2026-04-26,16,FCHBLRHOO01,34,387,6,38,488,5,38,474
2026-04-26,16,FCHBLRHSAF01,15,124,4,11,88,3,11,83
2026-04-26,16,FCHBLRHSR01,21,192,6,21,187,6,20,162
2026-04-26,16,FCHBLRJPN01,36,377,5,30,287,5,30,287
2026-04-26,16,FCHBLRKNP01,6,54,2,4,41,2,4,41
2026-04-26,16,FCHBLRKOR01,58,712,5,53,721,5,52,662
2026-04-26,16,FCHBLRSJR01,42,454,10,30,317,7,20,124
2026-04-26,16,FCHBLRTHA01,12,169,5,13,173,8,14,174
2026-04-26,16,FCHBLRVAR01,18,184,5,18,189,4,18,186
2026-04-26,16,FCHBLRWHF01,31,325,7,31,349,6,30,299
2026-04-26,16,FCHHYDNAR01,1,16,1,1,16,1,1,16
2026-04-26,17,FCHBLRAECS01,24,248,3,25,189,4,26,227
2026-04-26,17,FCHBLRBEN01,37,365,5,35,361,5,35,359
2026-04-26,17,FCHBLRBHO01,17,141,3,17,135,4,17,142
2026-04-26,17,FCHBLRDOD01,23,330,5,29,431,5,28,432
2026-04-26,17,FCHBLRELC01,19,189,4,19,189,5,19,192
2026-04-26,17,FCHBLRHAR01,29,198,4,29,214,4,28,191
2026-04-26,17,FCHBLRHEB01,24,231,4,21,210,4,21,210
2026-04-26,17,FCHBLRHOO01,48,517,6,41,374,6,40,398
2026-04-26,17,FCHBLRHSAF01,26,274,3,26,244,4,25,228
2026-04-26,17,FCHBLRHSR01,28,242,5,29,310,5,29,279
2026-04-26,17,FCHBLRJPN01,23,303,5,42,512,5,39,340
2026-04-26,17,FCHBLRKNP01,7,63,4,9,82,2,9,76
2026-04-26,17,FCHBLRKOR01,55,635,4,49,554,4,47,518
2026-04-26,17,FCHBLRRAJ01,1,10,1,1,10,1,1,10
2026-04-26,17,FCHBLRSJR01,38,452,8,32,362,6,16,117
2026-04-26,17,FCHBLRTHA01,7,83,3,7,83,3,8,114
2026-04-26,17,FCHBLRVAR01,23,252,5,18,247,4,18,195
2026-04-26,17,FCHBLRWHF01,27,259,7,27,259,9,27,270
2026-04-26,17,FCHHYDNAR01,3,24,3,3,31,1,3,24
2026-04-26,18,FCHBLRAECS01,32,343,2,31,370,3,31,407
2026-04-26,18,FCHBLRBEN01,24,214,4,28,256,5,27,238
2026-04-26,18,FCHBLRBHO01,25,298,3,24,317,3,23,254
2026-04-26,18,FCHBLRDOD01,26,351,5,25,384,5,26,443
2026-04-26,18,FCHBLRELC01,23,259,4,18,187,5,18,193
2026-04-26,18,FCHBLRHAR01,34,350,5,33,314,4,33,307
2026-04-26,18,FCHBLRHEB01,28,267,4,31,312,4,30,310
2026-04-26,18,FCHBLRHOO01,28,302,6,34,452,7,34,470
2026-04-26,18,FCHBLRHSAF01,25,251,4,22,262,4,22,264
2026-04-26,18,FCHBLRHSR01,34,281,6,33,295,6,34,296
2026-04-26,18,FCHBLRJPN01,41,370,7,35,326,8,36,339
2026-04-26,18,FCHBLRKNP01,5,63,2,4,51,2,4,51
2026-04-26,18,FCHBLRKOR01,49,474,4,57,611,5,62,665
2026-04-26,18,FCHBLRRAJ01,2,13,2,2,13,2,2,13
2026-04-26,18,FCHBLRSJR01,29,391,8,32,497,5,7,39
2026-04-26,18,FCHBLRTHA01,18,174,6,18,193,7,18,184
2026-04-26,18,FCHBLRVAR01,20,240,4,25,293,3,22,257
2026-04-26,18,FCHBLRWHF01,33,369,5,33,369,5,33,398
2026-04-26,18,FCHHYDNAR01,2,12,2,2,12,1,2,12
2026-04-26,19,FCHBLRAECS01,33,245,6,33,269,6,32,269
2026-04-26,19,FCHBLRBEN01,41,404,4,35,334,4,36,351
2026-04-26,19,FCHBLRBHO01,19,122,2,21,141,3,21,194
2026-04-26,19,FCHBLRDOD01,17,125,5,18,152,6,19,170
2026-04-26,19,FCHBLRELC01,26,263,4,28,307,5,28,312
2026-04-26,19,FCHBLRHAR01,42,447,3,40,472,5,38,421
2026-04-26,19,FCHBLRHEB01,27,309,4,26,311,4,26,327
2026-04-26,19,FCHBLRHOO01,48,506,6,46,426,6,47,441
2026-04-26,19,FCHBLRHSAF01,20,157,3,27,239,3,27,247
2026-04-26,19,FCHBLRHSR01,48,451,7,49,517,7,48,480
2026-04-26,19,FCHBLRJPN01,41,536,6,38,465,7,38,487
2026-04-26,19,FCHBLRKNP01,2,12,2,3,24,2,3,24
2026-04-26,19,FCHBLRKOR01,50,517,3,51,530,4,51,578
2026-04-26,19,FCHBLRRAJ01,1,5,1,1,5,1,1,5
2026-04-26,19,FCHBLRSJR01,53,508,8,33,433,3,5,25
2026-04-26,19,FCHBLRTHA01,21,186,4,20,175,4,20,175
2026-04-26,19,FCHBLRVAR01,11,71,4,12,83,4,14,113
2026-04-26,19,FCHBLRWHF01,45,469,6,40,380,7,39,389
2026-04-26,19,FCHHYDNAR01,2,11,1,2,11,1,1,6
2026-04-26,20,FCHBLRAECS01,25,274,3,29,322,4,30,340
2026-04-26,20,FCHBLRBEN01,26,382,4,30,428,6,30,446
2026-04-26,20,FCHBLRBHO01,18,164,3,17,147,4,18,174
2026-04-26,20,FCHBLRDOD01,32,291,5,29,276,5,29,269
2026-04-26,20,FCHBLRELC01,20,176,5,23,210,4,23,204
2026-04-26,20,FCHBLRHAR01,20,208,4,24,246,4,24,232
2026-04-26,20,FCHBLRHEB01,19,178,4,20,186,4,20,171
2026-04-26,20,FCHBLRHOO01,31,272,6,34,361,6,33,380
2026-04-26,20,FCHBLRHSAF01,17,181,3,16,167,3,17,181
2026-04-26,20,FCHBLRHSR01,32,389,7,28,410,7,28,340
2026-04-26,20,FCHBLRJPN01,31,321,8,40,441,7,39,398
2026-04-26,20,FCHBLRKNP01,7,44,2,7,44,2,7,44
2026-04-26,20,FCHBLRKOR01,39,368,5,36,349,6,36,357
2026-04-26,20,FCHBLRRAJ01,2,11,1,1,3,1,1,3
2026-04-26,20,FCHBLRSJR01,46,447,7,49,418,3,7,19
2026-04-26,20,FCHBLRTHA01,14,155,6,13,142,5,13,143
2026-04-26,20,FCHBLRVAR01,16,108,3,16,108,3,16,108
2026-04-26,20,FCHBLRWHF01,30,363,8,35,470,6,35,451
2026-04-26,20,FCHHYDNAR01,2,21,2,2,21,1,3,26
2026-04-26,21,FCHBLRAECS01,19,218,3,16,174,4,16,177
2026-04-26,21,FCHBLRBEN01,22,204,2,22,239,2,21,229
2026-04-26,21,FCHBLRBHO01,13,103,2,14,120,3,14,128
2026-04-26,21,FCHBLRDOD01,17,174,4,20,213,4,20,213
2026-04-26,21,FCHBLRELC01,13,131,4,13,131,4,13,131
2026-04-26,21,FCHBLRHAR01,28,309,3,26,280,3,27,303
2026-04-26,21,FCHBLRHEB01,15,165,4,16,175,4,16,189
2026-04-26,21,FCHBLRHOO01,22,206,4,21,203,6,22,227
2026-04-26,21,FCHBLRHSAF01,14,94,4,15,122,3,15,108
2026-04-26,21,FCHBLRHSR01,27,273,7,30,417,6,31,341
2026-04-26,21,FCHBLRJPN01,26,299,6,26,280,6,26,274
2026-04-26,21,FCHBLRKNP01,2,14,2,2,14,2,2,14
2026-04-26,21,FCHBLRKOR01,31,282,6,35,320,6,35,320
2026-04-26,21,FCHBLRRAJ01,4,30,2,5,38,3,5,38
2026-04-26,21,FCHBLRSJR01,32,320,7,30,376,1,1,3
2026-04-26,21,FCHBLRTHA01,10,95,5,12,118,5,12,143
2026-04-26,21,FCHBLRVAR01,12,100,3,11,88,4,10,91
2026-04-26,21,FCHBLRWHF01,28,245,4,27,234,4,27,234
2026-04-26,21,FCHHYDNAR01,1,3,1,1,3,2,1,6
2026-04-26,22,FCHBLRAECS01,12,97,6,15,149,4,15,141
2026-04-26,22,FCHBLRBEN01,12,115,2,13,134,2,14,144
2026-04-26,22,FCHBLRBHO01,10,64,3,10,74,3,10,67
2026-04-26,22,FCHBLRDOD01,3,20,2,3,20,2,3,20
2026-04-26,22,FCHBLRELC01,9,103,3,9,103,3,8,94
2026-04-26,22,FCHBLRHAR01,11,72,2,13,101,2,13,101
2026-04-26,22,FCHBLRHEB01,10,92,4,9,75,4,9,96
2026-04-26,22,FCHBLRHOO01,10,86,3,13,110,3,13,110
2026-04-26,22,FCHBLRHSAF01,9,74,3,8,65,4,8,69
2026-04-26,22,FCHBLRHSR01,22,158,5,21,157,5,21,157
2026-04-26,22,FCHBLRJPN01,9,69,4,9,92,4,9,92
2026-04-26,22,FCHBLRKNP01,3,28,1,3,28,1,3,28
2026-04-26,22,FCHBLRKOR01,17,210,5,18,229,5,16,183
2026-04-26,22,FCHBLRRAJ01,1,5,1,1,5,1,1,5
2026-04-26,22,FCHBLRSJR01,16,110,6,17,86,3,4,12
2026-04-26,22,FCHBLRTHA01,6,41,3,6,41,4,6,43
2026-04-26,22,FCHBLRVAR01,2,32,3,3,44,3,4,48
2026-04-26,22,FCHBLRWHF01,13,129,4,14,140,4,14,140
2026-04-26,22,FCHHYDNAR01,1,3,1,1,3,1,1,3
2026-04-26,23,FCHBLRAECS01,1,5,1,1,5,1,1,5
2026-04-26,23,FCHBLRBEN01,4,25,1,5,33,1,5,33
2026-04-26,23,FCHBLRBHO01,2,33,1,1,12,1,1,12
2026-04-26,23,FCHBLRDOD01,1,15,1,1,15,1,1,15
2026-04-26,23,FCHBLRELC01,8,98,3,8,105,3,9,113
2026-04-26,23,FCHBLRHAR01,4,25,2,4,25,2,4,25
2026-04-26,23,FCHBLRHEB01,1,15,2,2,31,3,2,47
2026-04-26,23,FCHBLRHOO01,4,20,2,4,20,3,4,30
2026-04-26,23,FCHBLRHSAF01,2,15,2,3,28,2,3,24
2026-04-26,23,FCHBLRHSR01,15,114,5,17,139,4,17,137
2026-04-26,23,FCHBLRJPN01,2,6,2,4,20,2,4,20
2026-04-26,23,FCHBLRKOR01,11,122,5,11,126,6,13,178
2026-04-26,23,FCHBLRRAJ01,1,21,1,1,21,1,1,21
2026-04-26,23,FCHBLRSJR01,11,64,3,6,33,1,1,1
2026-04-26,23,FCHBLRTHA01,2,8,2,2,8,2,2,8
2026-04-26,23,FCHBLRVAR01,2,26,1,2,26,2,2,43
2026-04-26,23,FCHBLRWHF01,9,61,3,9,61,4,9,61
2026-04-25,0,FCHBLRHSR01,1,16,2,2,25,2,2,25
2026-04-25,0,FCHBLRSJR01,0,0,2,2,12,1,1,3
2026-04-25,6,FCHBLRAECS01,2,15,1,2,15,1,2,15
2026-04-25,6,FCHBLRBEN01,15,140,3,12,98,3,12,98
2026-04-25,6,FCHBLRBHO01,8,118,2,7,110,2,7,110
2026-04-25,6,FCHBLRDOD01,3,14,2,3,14,2,3,14
2026-04-25,6,FCHBLRELC01,7,52,4,7,52,4,7,52
2026-04-25,6,FCHBLRHAR01,7,63,2,7,63,2,7,63
2026-04-25,6,FCHBLRHEB01,16,111,5,16,123,6,16,111
2026-04-25,6,FCHBLRHOO01,18,196,4,15,149,4,15,173
2026-04-25,6,FCHBLRHSAF01,7,69,2,7,69,3,7,76
2026-04-25,6,FCHBLRHSR01,8,93,4,7,68,5,7,78
2026-04-25,6,FCHBLRJPN01,17,159,4,13,112,5,13,115
2026-04-25,6,FCHBLRKNP01,1,5,1,1,5,1,1,5
2026-04-25,6,FCHBLRKOR01,12,145,4,11,113,4,10,107
2026-04-25,6,FCHBLRRAJ01,2,46,1,1,19,1,1,19
2026-04-25,6,FCHBLRSJR01,23,238,7,22,264,6,20,215
2026-04-25,6,FCHBLRTHA01,4,66,3,4,65,2,3,43
2026-04-25,6,FCHBLRVAR01,6,68,3,6,68,3,6,68
2026-04-25,6,FCHBLRWHF01,10,145,4,10,145,5,10,145
2026-04-25,6,FCHHYDNAR01,1,3,1,1,3,1,1,3
2026-04-25,7,FCHBLRAECS01,17,217,4,14,188,3,14,188
2026-04-25,7,FCHBLRBEN01,28,301,5,30,363,4,30,328
2026-04-25,7,FCHBLRBHO01,25,248,3,23,208,4,23,260
2026-04-25,7,FCHBLRDOD01,28,363,7,25,293,8,24,301
2026-04-25,7,FCHBLRELC01,28,373,7,22,360,6,20,312
2026-04-25,7,FCHBLRHAR01,32,383,4,30,418,4,28,322
2026-04-25,7,FCHBLRHEB01,45,525,7,41,504,6,40,488
2026-04-25,7,FCHBLRHOO01,63,708,6,57,665,6,57,655
2026-04-25,7,FCHBLRHSAF01,23,247,5,19,216,5,19,219
2026-04-25,7,FCHBLRHSR01,32,290,5,32,328,5,30,292
2026-04-25,7,FCHBLRJPN01,54,637,6,36,507,6,36,425
2026-04-25,7,FCHBLRKNP01,11,118,1,8,95,1,8,95
2026-04-25,7,FCHBLRKOR01,55,620,6,48,566,5,44,482
2026-04-25,7,FCHBLRRAJ01,9,103,5,10,129,4,8,88
2026-04-25,7,FCHBLRSJR01,51,668,11,41,650,11,42,480
2026-04-25,7,FCHBLRTHA01,18,218,4,17,204,5,17,233
2026-04-25,7,FCHBLRVAR01,30,419,6,25,381,5,24,352
2026-04-25,7,FCHBLRWHF01,41,525,6,41,525,7,41,529
2026-04-25,7,FCHHYDNAR01,1,9,1,1,9,1,1,9
2026-04-25,8,FCHBLRAECS01,59,577,4,52,546,5,51,539
2026-04-25,8,FCHBLRBEN01,61,642,7,59,743,7,57,596
2026-04-25,8,FCHBLRBHO01,46,434,3,44,427,4,44,439
2026-04-25,8,FCHBLRDOD01,49,607,9,50,701,9,51,680
2026-04-25,8,FCHBLRELC01,27,316,8,32,409,8,34,407
2026-04-25,8,FCHBLRHAR01,49,602,4,44,580,4,45,615
2026-04-25,8,FCHBLRHEB01,45,461,6,48,479,8,47,490
2026-04-25,8,FCHBLRHOO01,70,857,6,73,895,7,69,846
2026-04-25,8,FCHBLRHSAF01,43,502,6,42,611,6,41,527
2026-04-25,8,FCHBLRHSR01,56,509,6,53,511,6,50,458
2026-04-25,8,FCHBLRJPN01,63,655,8,59,712,7,59,670
2026-04-25,8,FCHBLRKNP01,15,222,2,18,243,1,17,216
2026-04-25,8,FCHBLRKOR01,77,849,6,80,860,6,82,898
2026-04-25,8,FCHBLRRAJ01,8,111,4,8,111,6,8,124
2026-04-25,8,FCHBLRSJR01,93,1075,14,79,1131,14,78,1008
2026-04-25,8,FCHBLRTHA01,27,308,6,28,360,5,28,328
2026-04-25,8,FCHBLRVAR01,48,607,6,51,674,5,52,655
2026-04-25,8,FCHBLRWHF01,64,589,8,63,575,8,61,565
2026-04-25,8,FCHHYDNAR01,2,30,2,2,30,2,2,30
2026-04-25,9,FCHBLRAECS01,51,537,5,56,563,5,55,531
2026-04-25,9,FCHBLRBEN01,72,837,6,54,666,5,53,617
2026-04-25,9,FCHBLRBHO01,44,450,3,46,481,4,46,509
2026-04-25,9,FCHBLRDOD01,46,612,8,43,576,7,40,487
2026-04-25,9,FCHBLRELC01,43,450,8,43,496,7,42,468
2026-04-25,9,FCHBLRHAR01,50,499,5,53,515,5,52,504
2026-04-25,9,FCHBLRHEB01,74,934,7,61,752,6,63,762
2026-04-25,9,FCHBLRHOO01,67,709,5,66,674,6,69,724
2026-04-25,9,FCHBLRHSAF01,62,739,7,51,598,6,51,561
2026-04-25,9,FCHBLRHSR01,64,610,7,64,624,7,57,405
2026-04-25,9,FCHBLRJPN01,57,571,7,69,698,9,69,681
2026-04-25,9,FCHBLRKNP01,14,183,2,13,161,2,14,196
2026-04-25,9,FCHBLRKOR01,86,939,4,76,816,4,78,872
2026-04-25,9,FCHBLRRAJ01,6,60,5,6,59,5,7,71
2026-04-25,9,FCHBLRSJR01,98,1294,11,95,1174,11,90,1008
2026-04-25,9,FCHBLRTHA01,47,441,4,42,381,5,42,386
2026-04-25,9,FCHBLRVAR01,47,532,6,47,556,6,46,506
2026-04-25,9,FCHBLRWHF01,91,917,7,88,893,8,90,934
2026-04-25,9,FCHHYDNAR01,2,21,2,2,21,1,2,21
2026-04-25,10,FCHBLRAECS01,65,667,5,53,568,4,52,557
2026-04-25,10,FCHBLRBEN01,55,720,6,58,840,6,59,750
2026-04-25,10,FCHBLRBHO01,55,585,3,42,425,3,41,418
2026-04-25,10,FCHBLRDOD01,48,604,7,50,679,7,52,712
2026-04-25,10,FCHBLRELC01,24,259,8,23,266,7,23,255
2026-04-25,10,FCHBLRHAR01,46,560,6,43,506,4,45,515
2026-04-25,10,FCHBLRHEB01,57,554,6,67,714,6,67,714
2026-04-25,10,FCHBLRHOO01,68,748,7,71,798,8,71,791
2026-04-25,10,FCHBLRHSAF01,39,475,6,50,596,6,48,619
2026-04-25,10,FCHBLRHSR01,55,563,7,52,547,7,32,204
2026-04-25,10,FCHBLRJPN01,58,695,8,48,594,9,47,563
2026-04-25,10,FCHBLRKNP01,14,180,2,13,184,1,11,146
2026-04-25,10,FCHBLRKOR01,94,1110,6,68,850,6,69,862
2026-04-25,10,FCHBLRRAJ01,9,136,5,8,119,7,8,99
2026-04-25,10,FCHBLRSJR01,82,1010,12,70,938,13,70,928
2026-04-25,10,FCHBLRTHA01,30,292,5,32,315,6,32,341
2026-04-25,10,FCHBLRVAR01,37,403,5,38,427,5,39,439
2026-04-25,10,FCHBLRWHF01,66,730,7,62,697,7,62,697
2026-04-25,10,FCHHYDNAR01,1,14,1,1,13,0,0,0
2026-04-25,11,FCHBLRAECS01,59,635,5,63,674,4,61,639
2026-04-25,11,FCHBLRBEN01,51,625,6,47,583,6,48,570
2026-04-25,11,FCHBLRBHO01,37,408,4,32,404,4,32,372
2026-04-25,11,FCHBLRDOD01,34,403,7,37,426,7,37,410
2026-04-25,11,FCHBLRELC01,37,336,7,38,374,6,38,374
2026-04-25,11,FCHBLRHAR01,53,541,5,46,523,5,45,472
2026-04-25,11,FCHBLRHEB01,44,465,4,43,472,5,41,432
2026-04-25,11,FCHBLRHOO01,57,542,6,59,589,7,59,619
2026-04-25,11,FCHBLRHSAF01,30,280,4,30,290,5,32,325
2026-04-25,11,FCHBLRHSR01,73,669,7,65,658,7,36,151
2026-04-25,11,FCHBLRJPN01,68,808,8,52,616,7,52,601
2026-04-25,11,FCHBLRKNP01,20,219,2,21,209,1,22,244
2026-04-25,11,FCHBLRKOR01,72,806,5,77,860,6,75,860
2026-04-25,11,FCHBLRRAJ01,6,37,4,6,48,3,6,48
2026-04-25,11,FCHBLRSJR01,79,929,11,63,940,11,48,525
2026-04-25,11,FCHBLRTHA01,32,297,6,35,359,5,35,334
2026-04-25,11,FCHBLRVAR01,39,461,6,39,501,6,39,468
2026-04-25,11,FCHBLRWHF01,55,569,8,52,487,7,52,490
2026-04-25,11,FCHHYDNAR01,2,20,2,2,20,2,3,34
2026-04-25,12,FCHBLRAECS01,37,370,4,46,502,3,46,516
2026-04-25,12,FCHBLRBEN01,29,317,5,46,563,5,46,564
2026-04-25,12,FCHBLRBHO01,29,302,4,33,333,4,33,356
2026-04-25,12,FCHBLRDOD01,33,391,8,31,389,6,30,371
2026-04-25,12,FCHBLRELC01,32,435,5,33,444,5,31,444
2026-04-25,12,FCHBLRHAR01,49,496,5,54,603,4,55,588
2026-04-25,12,FCHBLRHEB01,38,398,5,42,444,5,43,460
2026-04-25,12,FCHBLRHOO01,54,533,6,49,437,7,49,442
2026-04-25,12,FCHBLRHSAF01,20,244,7,22,345,7,22,324
2026-04-25,12,FCHBLRHSR01,53,512,7,64,771,6,28,140
2026-04-25,12,FCHBLRJPN01,47,403,9,34,400,9,32,343
2026-04-25,12,FCHBLRKNP01,7,60,2,8,81,1,8,83
2026-04-25,12,FCHBLRKOR01,61,692,6,67,772,6,68,755
2026-04-25,12,FCHBLRRAJ01,4,34,3,4,24,3,4,24
2026-04-25,12,FCHBLRSJR01,65,672,10,55,610,8,25,180
2026-04-25,12,FCHBLRTHA01,21,211,6,21,223,5,21,211
2026-04-25,12,FCHBLRVAR01,33,365,5,30,310,5,29,286
2026-04-25,12,FCHBLRWHF01,58,692,7,68,831,8,67,839
2026-04-25,12,FCHHYDNAR01,10,91,4,10,90,4,9,73
2026-04-25,13,FCHBLRAECS01,31,310,5,33,349,5,32,356
2026-04-25,13,FCHBLRBEN01,44,485,7,45,569,8,45,586
2026-04-25,13,FCHBLRBHO01,24,243,5,33,344,6,32,339
2026-04-25,13,FCHBLRDOD01,25,310,7,25,339,8,26,326
2026-04-25,13,FCHBLRELC01,14,91,4,13,87,4,14,121
2026-04-25,13,FCHBLRHAR01,32,353,6,40,428,4,39,415
2026-04-25,13,FCHBLRHEB01,35,313,4,35,322,4,36,345
2026-04-25,13,FCHBLRHOO01,47,681,8,44,705,7,44,681
2026-04-25,13,FCHBLRHSAF01,22,234,6,20,205,5,16,180
2026-04-25,13,FCHBLRHSR01,42,361,6,45,506,5,23,99
2026-04-25,13,FCHBLRJPN01,43,504,6,66,692,7,65,650
2026-04-25,13,FCHBLRKNP01,6,65,2,6,61,2,6,71
2026-04-25,13,FCHBLRKOR01,60,643,5,66,756,5,68,778
2026-04-25,13,FCHBLRRAJ01,6,66,5,7,79,4,7,79
2026-04-25,13,FCHBLRSJR01,35,336,12,54,572,6,12,94
2026-04-25,13,FCHBLRTHA01,20,243,5,19,234,5,19,234
2026-04-25,13,FCHBLRVAR01,31,279,5,35,346,6,36,377
2026-04-25,13,FCHBLRWHF01,38,358,8,38,372,8,38,389
2026-04-25,13,FCHHYDNAR01,3,23,1,3,23,2,3,23
2026-04-25,14,FCHBLRAECS01,30,276,4,33,292,4,31,273
2026-04-25,14,FCHBLRBEN01,25,265,5,25,311,5,26,357
2026-04-25,14,FCHBLRBHO01,23,223,4,29,301,5,31,355
2026-04-25,14,FCHBLRDOD01,24,266,6,26,288,7,26,302
2026-04-25,14,FCHBLRELC01,23,180,5,22,180,5,21,185
2026-04-25,14,FCHBLRHAR01,38,331,5,34,334,5,33,309
2026-04-25,14,FCHBLRHEB01,22,263,6,21,262,5,21,238
2026-04-25,14,FCHBLRHOO01,38,374,7,45,451,6,46,447
2026-04-25,14,FCHBLRHSAF01,26,270,7,28,290,5,28,298
2026-04-25,14,FCHBLRHSR01,30,340,4,27,315,3,26,273
2026-04-25,14,FCHBLRJPN01,39,339,8,35,405,7,38,454
2026-04-25,14,FCHBLRKNP01,6,91,2,5,58,1,5,62
2026-04-25,14,FCHBLRKOR01,47,442,5,66,676,6,66,679
2026-04-25,14,FCHBLRRAJ01,3,44,3,3,50,2,3,44
2026-04-25,14,FCHBLRSJR01,40,409,10,48,446,4,19,114
2026-04-25,14,FCHBLRTHA01,17,137,4,18,146,4,18,146
2026-04-25,14,FCHBLRVAR01,13,94,4,11,85,5,11,89
2026-04-25,14,FCHBLRWHF01,36,350,7,36,351,7,35,321
2026-04-25,14,FCHHYDNAR01,2,9,2,2,9,2,2,9
2026-04-25,15,FCHBLRAECS01,26,233,5,23,201,5,25,220
2026-04-25,15,FCHBLRBEN01,23,217,6,27,285,6,27,270
2026-04-25,15,FCHBLRBHO01,24,207,3,23,189,4,23,208
2026-04-25,15,FCHBLRDOD01,12,101,5,11,86,6,12,138
2026-04-25,15,FCHBLRELC01,11,143,4,13,156,5,14,175
2026-04-25,15,FCHBLRHAR01,19,147,3,22,149,4,23,170
2026-04-25,15,FCHBLRHEB01,30,300,7,26,263,6,26,242
2026-04-25,15,FCHBLRHOO01,45,561,7,37,481,6,37,467
2026-04-25,15,FCHBLRHSAF01,13,120,4,13,146,3,13,141
2026-04-25,15,FCHBLRHSR01,20,229,7,24,300,6,25,283
2026-04-25,15,FCHBLRJPN01,31,378,8,59,553,8,58,525
2026-04-25,15,FCHBLRKNP01,5,34,1,6,63,1,6,63
2026-04-25,15,FCHBLRKOR01,43,442,5,43,440,4,40,395
2026-04-25,15,FCHBLRRAJ01,2,16,1,2,16,2,2,16
2026-04-25,15,FCHBLRSJR01,40,443,16,59,593,12,24,148
2026-04-25,15,FCHBLRTHA01,24,285,6,22,258,6,22,258
2026-04-25,15,FCHBLRVAR01,26,316,4,27,309,4,27,309
2026-04-25,15,FCHBLRWHF01,21,194,7,21,198,8,23,249
2026-04-25,15,FCHHYDNAR01,4,16,2,4,16,2,4,16
2026-04-25,16,FCHBLRAECS01,28,258,6,28,249,7,27,247
2026-04-25,16,FCHBLRBEN01,27,294,4,25,269,4,25,239
2026-04-25,16,FCHBLRBHO01,25,204,4,27,233,4,27,241
2026-04-25,16,FCHBLRDOD01,26,308,8,23,317,8,21,257
2026-04-25,16,FCHBLRELC01,17,178,7,16,167,6,13,113
2026-04-25,16,FCHBLRHAR01,31,355,5,30,335,5,30,299
2026-04-25,16,FCHBLRHEB01,23,234,6,26,264,5,24,252
2026-04-25,16,FCHBLRHOO01,38,383,7,43,452,7,43,459
2026-04-25,16,FCHBLRHSAF01,23,259,4,21,211,3,21,185
2026-04-25,16,FCHBLRHSR01,26,277,6,27,317,5,26,298
2026-04-25,16,FCHBLRJPN01,43,462,9,28,395,9,28,386
2026-04-25,16,FCHBLRKNP01,3,61,1,1,7,1,1,7
2026-04-25,16,FCHBLRKOR01,49,634,5,45,615,5,48,628
2026-04-25,16,FCHBLRRAJ01,3,38,1,3,38,1,3,38
2026-04-25,16,FCHBLRSJR01,51,554,13,48,520,12,36,331
2026-04-25,16,FCHBLRTHA01,12,131,5,14,158,6,14,158
2026-04-25,16,FCHBLRVAR01,20,270,4,21,286,5,21,314
2026-04-25,16,FCHBLRWHF01,29,273,4,28,267,5,28,272
2026-04-25,16,FCHHYDNAR01,2,20,2,2,20,1,2,20
2026-04-25,17,FCHBLRAECS01,30,275,6,32,303,8,32,316
2026-04-25,17,FCHBLRBEN01,27,237,5,29,304,5,28,295
2026-04-25,17,FCHBLRBHO01,31,331,2,25,237,3,25,245
2026-04-25,17,FCHBLRDOD01,27,261,5,27,316,5,29,326
2026-04-25,17,FCHBLRELC01,18,245,6,18,293,6,21,333
2026-04-25,17,FCHBLRHAR01,20,213,4,21,228,5,22,273
2026-04-25,17,FCHBLRHEB01,37,416,6,36,417,7,37,431
2026-04-25,17,FCHBLRHOO01,41,496,6,42,503,7,42,527
2026-04-25,17,FCHBLRHSAF01,22,240,5,23,329,5,23,281
2026-04-25,17,FCHBLRHSR01,34,372,6,30,329,7,31,337
2026-04-25,17,FCHBLRJPN01,29,355,11,33,353,9,34,375
2026-04-25,17,FCHBLRKNP01,8,102,2,10,150,1,10,156
2026-04-25,17,FCHBLRKOR01,44,461,5,49,585,5,49,526
2026-04-25,17,FCHBLRRAJ01,1,4,1,1,4,1,1,4
2026-04-25,17,FCHBLRSJR01,40,514,9,33,448,5,10,68
2026-04-25,17,FCHBLRTHA01,18,175,5,18,175,6,18,179
2026-04-25,17,FCHBLRVAR01,21,289,5,18,230,5,18,211
2026-04-25,17,FCHBLRWHF01,51,623,5,47,547,5,47,539
2026-04-25,17,FCHHYDNAR01,3,14,2,3,14,2,2,10
2026-04-25,18,FCHBLRAECS01,21,168,4,21,175,5,22,205
2026-04-25,18,FCHBLRBEN01,20,225,5,20,233,4,21,229
2026-04-25,18,FCHBLRBHO01,23,270,3,28,353,3,28,368
2026-04-25,18,FCHBLRDOD01,28,279,4,24,267,4,24,258
2026-04-25,18,FCHBLRELC01,31,353,6,31,341,6,30,357
2026-04-25,18,FCHBLRHAR01,28,295,5,27,332,5,27,311
2026-04-25,18,FCHBLRHEB01,32,400,6,32,411,6,31,396
2026-04-25,18,FCHBLRHOO01,34,353,7,38,419,6,37,409
2026-04-25,18,FCHBLRHSAF01,23,227,3,18,184,3,18,184
2026-04-25,18,FCHBLRHSR01,37,350,6,39,368,6,38,362
2026-04-25,18,FCHBLRJPN01,35,395,4,36,437,6,35,441
2026-04-25,18,FCHBLRKNP01,6,40,2,6,40,2,6,40
2026-04-25,18,FCHBLRKOR01,50,488,5,51,571,5,50,530
2026-04-25,18,FCHBLRRAJ01,3,40,2,3,40,3,3,40
2026-04-25,18,FCHBLRSJR01,48,489,6,46,577,6,23,169
2026-04-25,18,FCHBLRTHA01,20,203,5,20,203,6,20,211
2026-04-25,18,FCHBLRVAR01,22,359,5,23,411,4,23,412
2026-04-25,18,FCHBLRWHF01,32,370,5,36,445,6,36,457
2026-04-25,18,FCHHYDNAR01,2,23,1,2,23,2,2,23
2026-04-25,19,FCHBLRAECS01,26,244,3,27,250,4,27,291
2026-04-25,19,FCHBLRBEN01,35,320,4,33,302,5,32,292
2026-04-25,19,FCHBLRBHO01,16,152,3,17,218,2,17,176
2026-04-25,19,FCHBLRDOD01,21,263,5,28,305,5,28,307
2026-04-25,19,FCHBLRELC01,16,160,6,16,172,5,17,202
2026-04-25,19,FCHBLRHAR01,33,386,6,34,397,5,33,388
2026-04-25,19,FCHBLRHEB01,26,333,6,24,288,6,25,308
2026-04-25,19,FCHBLRHOO01,35,419,7,34,426,6,35,452
2026-04-25,19,FCHBLRHSAF01,19,166,3,24,225,3,24,225
2026-04-25,19,FCHBLRHSR01,34,383,7,28,333,6,28,294
2026-04-25,19,FCHBLRJPN01,29,293,9,44,492,8,44,458
2026-04-25,19,FCHBLRKNP01,6,55,1,6,55,2,6,58
2026-04-25,19,FCHBLRKOR01,41,419,6,44,458,6,44,463
2026-04-25,19,FCHBLRRAJ01,5,59,3,5,59,3,5,59
2026-04-25,19,FCHBLRSJR01,37,471,6,37,533,2,10,80
2026-04-25,19,FCHBLRTHA01,20,214,6,16,134,5,16,128
2026-04-25,19,FCHBLRVAR01,23,223,4,23,229,5,22,218
2026-04-25,19,FCHBLRWHF01,31,283,5,31,281,5,31,272
2026-04-25,19,FCHHYDNAR01,4,54,2,4,54,3,3,46
2026-04-25,20,FCHBLRAECS01,32,210,4,25,158,4,25,177
2026-04-25,20,FCHBLRBEN01,22,224,4,20,188,4,20,196
2026-04-25,20,FCHBLRBHO01,15,187,2,15,190,3,15,204
2026-04-25,20,FCHBLRDOD01,22,324,4,21,317,4,20,288
2026-04-25,20,FCHBLRELC01,13,126,3,14,138,4,14,159
2026-04-25,20,FCHBLRHAR01,28,281,6,28,277,5,28,262
2026-04-25,20,FCHBLRHEB01,21,174,5,23,239,5,24,254
2026-04-25,20,FCHBLRHOO01,31,329,5,31,284,6,29,274
2026-04-25,20,FCHBLRHSAF01,16,195,4,19,198,5,19,204
2026-04-25,20,FCHBLRHSR01,24,288,7,32,441,8,32,402
2026-04-25,20,FCHBLRJPN01,24,224,3,26,235,4,27,263
2026-04-25,20,FCHBLRKNP01,1,10,1,1,10,1,1,10
2026-04-25,20,FCHBLRKOR01,27,261,3,23,195,4,24,246
2026-04-25,20,FCHBLRRAJ01,3,17,2,3,17,3,3,17
2026-04-25,20,FCHBLRSJR01,32,270,6,46,456,6,10,66
2026-04-25,20,FCHBLRTHA01,12,142,4,15,202,4,15,202
2026-04-25,20,FCHBLRVAR01,25,290,6,27,326,5,27,339
2026-04-25,20,FCHBLRWHF01,23,181,4,24,188,4,23,175
2026-04-25,20,FCHHYDNAR01,2,20,2,2,20,1,3,35
2026-04-25,21,FCHBLRAECS01,26,209,2,32,245,3,32,267
2026-04-25,21,FCHBLRBEN01,14,134,4,15,158,5,16,175
2026-04-25,21,FCHBLRBHO01,13,130,2,14,139,3,14,143
2026-04-25,21,FCHBLRDOD01,10,101,4,12,143,5,13,170
2026-04-25,21,FCHBLRELC01,19,223,5,15,198,5,15,202
2026-04-25,21,FCHBLRHAR01,18,172,6,20,230,5,21,213
2026-04-25,21,FCHBLRHEB01,14,107,4,17,139,5,16,141
2026-04-25,21,FCHBLRHOO01,22,225,6,23,270,4,24,233
2026-04-25,21,FCHBLRHSAF01,11,85,5,12,123,6,12,129
2026-04-25,21,FCHBLRHSR01,25,258,7,26,335,6,26,277
2026-04-25,21,FCHBLRJPN01,16,157,3,12,110,3,12,110
2026-04-25,21,FCHBLRKOR01,33,315,6,33,354,5,32,343
2026-04-25,21,FCHBLRRAJ01,3,31,2,3,31,3,3,31
2026-04-25,21,FCHBLRSJR01,27,232,6,29,216,4,10,44
2026-04-25,21,FCHBLRTHA01,4,29,3,5,55,2,5,55
2026-04-25,21,FCHBLRVAR01,10,80,3,8,61,4,8,71
2026-04-25,21,FCHBLRWHF01,16,133,3,17,161,5,17,146
2026-04-25,22,FCHBLRAECS01,18,158,5,19,175,5,19,189
2026-04-25,22,FCHBLRBEN01,9,79,3,11,109,3,11,109
2026-04-25,22,FCHBLRBHO01,9,84,1,9,84,2,8,82
2026-04-25,22,FCHBLRDOD01,7,76,2,7,76,3,7,78
2026-04-25,22,FCHBLRELC01,4,29,4,8,54,5,8,54
2026-04-25,22,FCHBLRHAR01,11,103,3,11,103,3,11,103
2026-04-25,22,FCHBLRHEB01,7,50,2,8,57,4,9,86
2026-04-25,22,FCHBLRHOO01,6,44,3,7,66,4,8,120
2026-04-25,22,FCHBLRHSAF01,2,12,2,2,12,1,2,12
2026-04-25,22,FCHBLRHSR01,14,109,5,14,113,5,14,109
2026-04-25,22,FCHBLRJPN01,1,3,3,5,50,3,5,50
2026-04-25,22,FCHBLRKOR01,15,120,4,18,155,4,19,188
2026-04-25,22,FCHBLRRAJ01,1,12,1,1,12,1,1,12
2026-04-25,22,FCHBLRSJR01,15,146,3,15,135,2,2,7
2026-04-25,22,FCHBLRTHA01,8,78,5,7,75,5,7,75
2026-04-25,22,FCHBLRVAR01,9,89,2,9,93,3,8,86
2026-04-25,22,FCHBLRWHF01,5,36,3,5,36,3,5,36
2026-04-25,23,FCHBLRAECS01,5,25,1,5,25,2,5,28
2026-04-25,23,FCHBLRBEN01,5,31,1,6,37,1,6,37
2026-04-25,23,FCHBLRBHO01,3,29,1,3,29,1,4,43
2026-04-25,23,FCHBLRDOD01,2,34,2,2,34,3,2,47
2026-04-25,23,FCHBLRELC01,3,18,1,3,18,1,3,18
2026-04-25,23,FCHBLRHAR01,4,16,1,4,16,2,4,16
2026-04-25,23,FCHBLRHEB01,2,15,1,2,15,1,2,15
2026-04-25,23,FCHBLRHOO01,5,19,3,4,15,2,4,15
2026-04-25,23,FCHBLRHSAF01,3,27,1,2,24,1,2,24
2026-04-25,23,FCHBLRHSR01,9,58,4,8,73,4,8,54
2026-04-25,23,FCHBLRJPN01,8,59,4,8,59,4,8,59
2026-04-25,23,FCHBLRKNP01,1,23,1,1,23,1,1,23
2026-04-25,23,FCHBLRKOR01,7,57,2,8,66,2,8,66
2026-04-25,23,FCHBLRSJR01,11,85,3,9,66,2,5,21
2026-04-25,23,FCHBLRTHA01,1,8,1,2,11,2,2,14
2026-04-25,23,FCHBLRVAR01,5,80,2,6,48,3,7,84
2026-04-25,23,FCHBLRWHF01,9,85,1,7,70,1,7,70
2026-04-25,23,FCHHYDNAR01,1,21,1,1,21,1,1,21
2026-04-24,0,FCHBLRDOD01,0,0,1,1,15,1,1,15
2026-04-24,0,FCHBLRKOR01,1,15,1,1,15,1,1,15
2026-04-24,6,FCHBLRAECS01,18,185,5,14,175,4,12,120
2026-04-24,6,FCHBLRBEN01,13,176,3,11,146,4,11,150
2026-04-24,6,FCHBLRBHO01,7,78,3,7,78,3,7,78
2026-04-24,6,FCHBLRDOD01,8,93,2,6,60,2,6,60
2026-04-24,6,FCHBLRELC01,6,106,3,4,73,3,4,73
2026-04-24,6,FCHBLRHAR01,10,95,2,9,81,2,9,81
2026-04-24,6,FCHBLRHEB01,11,107,5,10,114,5,10,102
2026-04-24,6,FCHBLRHOO01,19,183,4,18,174,4,17,166
2026-04-24,6,FCHBLRHSAF01,18,185,5,18,226,4,17,166
2026-04-24,6,FCHBLRHSR01,5,58,4,5,58,3,5,58
2026-04-24,6,FCHBLRJPN01,20,184,5,18,170,4,18,162
2026-04-24,6,FCHBLRKOR01,21,235,6,21,271,6,21,261
2026-04-24,6,FCHBLRSJR01,19,214,6,17,211,5,17,191
2026-04-24,6,FCHBLRTHA01,5,46,3,5,46,4,5,46
2026-04-24,6,FCHBLRVAR01,8,97,3,8,97,3,7,84
2026-04-24,6,FCHBLRWHF01,18,207,4,18,207,3,16,180
2026-04-24,7,FCHBLRAECS01,23,255,5,25,259,6,27,304
2026-04-24,7,FCHBLRBEN01,37,340,6,36,331,6,36,318
2026-04-24,7,FCHBLRBHO01,21,217,3,20,205,4,20,223
2026-04-24,7,FCHBLRDOD01,21,246,4,22,264,5,22,271
2026-04-24,7,FCHBLRELC01,14,139,7,16,172,5,15,167
2026-04-24,7,FCHBLRHAR01,26,257,4,24,242,4,23,238
2026-04-24,7,FCHBLRHEB01,27,283,6,28,296,5,26,256
2026-04-24,7,FCHBLRHOO01,42,509,6,41,514,5,41,491
2026-04-24,7,FCHBLRHSAF01,22,240,5,19,332,6,20,240
2026-04-24,7,FCHBLRHSR01,22,201,5,22,201,6,22,204
2026-04-24,7,FCHBLRJPN01,48,556,9,44,545,8,44,519
2026-04-24,7,FCHBLRKOR01,36,435,7,35,429,8,33,402
2026-04-24,7,FCHBLRSJR01,54,633,10,51,595,10,49,533
2026-04-24,7,FCHBLRTHA01,15,198,3,15,198,4,15,203
2026-04-24,7,FCHBLRVAR01,21,277,3,20,251,3,21,264
2026-04-24,7,FCHBLRWHF01,42,397,7,38,364,6,38,360
2026-04-24,8,FCHBLRAECS01,31,427,5,26,427,5,25,381
2026-04-24,8,FCHBLRBEN01,44,412,6,44,460,6,41,405
2026-04-24,8,FCHBLRBHO01,39,429,3,38,431,4,38,456
2026-04-24,8,FCHBLRDOD01,34,473,4,35,488,5,35,509
2026-04-24,8,FCHBLRELC01,20,263,5,20,321,5,21,279
2026-04-24,8,FCHBLRHAR01,34,354,5,35,381,4,34,337
2026-04-24,8,FCHBLRHEB01,49,539,7,41,470,6,43,490
2026-04-24,8,FCHBLRHOO01,58,543,5,58,550,6,57,539
2026-04-24,8,FCHBLRHSAF01,36,396,6,33,343,6,32,347
2026-04-24,8,FCHBLRHSR01,50,391,6,45,375,6,45,367
2026-04-24,8,FCHBLRJPN01,57,547,7,54,523,7,54,507
2026-04-24,8,FCHBLRKOR01,77,854,8,66,761,7,65,727
2026-04-24,8,FCHBLRSJR01,54,548,9,55,619,9,57,617
2026-04-24,8,FCHBLRTHA01,22,167,4,22,175,4,22,171
2026-04-24,8,FCHBLRVAR01,31,304,4,32,330,4,32,330
2026-04-24,8,FCHBLRWHF01,57,677,6,60,684,7,62,735
2026-04-24,9,FCHBLRAECS01,31,366,5,35,456,4,35,397
2026-04-24,9,FCHBLRBEN01,43,441,6,44,440,5,47,457
2026-04-24,9,FCHBLRBHO01,43,467,3,41,428,4,41,440
2026-04-24,9,FCHBLRDOD01,25,277,5,25,277,6,25,279
2026-04-24,9,FCHBLRELC01,30,361,5,27,343,3,27,291
2026-04-24,9,FCHBLRHAR01,40,429,5,41,500,5,43,473
2026-04-24,9,FCHBLRHEB01,36,435,5,42,483,5,42,470
2026-04-24,9,FCHBLRHOO01,49,510,5,49,502,6,50,515
2026-04-24,9,FCHBLRHSAF01,35,397,6,35,426,6,36,437
2026-04-24,9,FCHBLRHSR01,53,435,5,56,505,5,55,452
2026-04-24,9,FCHBLRJPN01,57,578,9,55,631,8,54,555
2026-04-24,9,FCHBLRKOR01,68,764,6,73,807,6,75,843
2026-04-24,9,FCHBLRSJR01,70,745,10,64,785,11,63,681
2026-04-24,9,FCHBLRTHA01,25,249,5,22,211,4,20,176
2026-04-24,9,FCHBLRVAR01,38,374,5,38,374,6,38,418
2026-04-24,9,FCHBLRWHF01,50,482,6,47,434,5,47,419
2026-04-24,10,FCHBLRAECS01,29,270,5,27,231,5,27,221
2026-04-24,10,FCHBLRBEN01,29,267,4,29,302,4,29,319
2026-04-24,10,FCHBLRBHO01,21,191,2,24,219,3,24,229
2026-04-24,10,FCHBLRDOD01,26,285,5,25,279,6,25,303
2026-04-24,10,FCHBLRELC01,21,186,5,24,266,4,23,249
2026-04-24,10,FCHBLRHAR01,25,222,3,23,198,4,23,210
2026-04-24,10,FCHBLRHEB01,29,249,5,28,276,4,28,268
2026-04-24,10,FCHBLRHOO01,42,406,5,41,405,6,42,431
2026-04-24,10,FCHBLRHSAF01,31,364,5,34,440,5,33,405
2026-04-24,10,FCHBLRHSR01,38,335,5,36,364,4,37,309
2026-04-24,10,FCHBLRJPN01,48,475,7,52,537,6,52,533
2026-04-24,10,FCHBLRKOR01,62,537,6,65,576,7,66,598
2026-04-24,10,FCHBLRSJR01,44,389,11,47,484,9,49,454
2026-04-24,10,FCHBLRTHA01,16,123,4,19,173,5,21,199
2026-04-24,10,FCHBLRVAR01,16,126,3,16,126,3,15,119
2026-04-24,10,FCHBLRWHF01,45,420,4,46,464,4,46,464
2026-04-24,11,FCHBLRAECS01,24,201,5,29,328,5,29,294
2026-04-24,11,FCHBLRBEN01,26,235,4,19,228,3,19,202
2026-04-24,11,FCHBLRBHO01,18,160,3,19,181,4,18,187
2026-04-24,11,FCHBLRDOD01,15,176,4,13,135,5,12,133
2026-04-24,11,FCHBLRELC01,19,199,5,14,158,4,15,148
2026-04-24,11,FCHBLRHAR01,26,256,4,24,243,4,24,254
2026-04-24,11,FCHBLRHEB01,27,252,4,26,233,5,26,238
2026-04-24,11,FCHBLRHOO01,29,266,6,28,280,6,28,275
2026-04-24,11,FCHBLRHSAF01,26,213,5,23,215,5,24,214
2026-04-24,11,FCHBLRHSR01,31,254,5,29,309,4,28,223
2026-04-24,11,FCHBLRJPN01,47,481,7,49,476,6,50,460
2026-04-24,11,FCHBLRKOR01,51,423,5,51,412,6,50,415
2026-04-24,11,FCHBLRSJR01,43,420,8,40,445,8,41,408
2026-04-24,11,FCHBLRTHA01,21,198,4,21,198,4,21,240
2026-04-24,11,FCHBLRVAR01,26,226,2,26,226,4,27,233
2026-04-24,11,FCHBLRWHF01,28,220,4,30,255,4,28,237
2026-04-24,12,FCHBLRAECS01,26,229,6,25,240,6,26,242
2026-04-24,12,FCHBLRBEN01,23,247,5,30,308,5,29,296
2026-04-24,12,FCHBLRBHO01,20,133,3,20,133,4,21,142
2026-04-24,12,FCHBLRDOD01,14,147,5,16,179,5,17,195
2026-04-24,12,FCHBLRELC01,22,218,4,27,290,5,27,288
2026-04-24,12,FCHBLRHAR01,18,133,4,23,201,4,23,201
2026-04-24,12,FCHBLRHEB01,24,221,4,27,267,4,26,254
2026-04-24,12,FCHBLRHOO01,40,369,5,39,360,5,39,360
2026-04-24,12,FCHBLRHSAF01,15,106,6,20,169,4,19,130
2026-04-24,12,FCHBLRHSR01,31,164,3,35,226,4,36,272
2026-04-24,12,FCHBLRJPN01,48,399,7,43,449,7,42,453
2026-04-24,12,FCHBLRKOR01,36,347,6,36,352,7,36,350
2026-04-24,12,FCHBLRSJR01,26,274,7,29,314,7,28,284
2026-04-24,12,FCHBLRTHA01,9,89,2,8,81,2,8,81
2026-04-24,12,FCHBLRVAR01,22,203,2,19,175,2,18,151
2026-04-24,12,FCHBLRWHF01,24,205,4,22,175,5,24,193
2026-04-24,13,FCHBLRAECS01,23,190,5,21,171,5,21,171
2026-04-24,13,FCHBLRBEN01,17,125,4,19,134,5,20,185
2026-04-24,13,FCHBLRBHO01,12,100,2,12,100,3,12,117
2026-04-24,13,FCHBLRDOD01,13,134,3,13,136,3,12,121
2026-04-24,13,FCHBLRELC01,15,159,4,13,138,4,13,138
2026-04-24,13,FCHBLRHAR01,19,187,3,17,147,3,17,147
2026-04-24,13,FCHBLRHEB01,20,164,3,21,168,3,22,181
2026-04-24,13,FCHBLRHOO01,21,200,5,25,216,6,25,225
2026-04-24,13,FCHBLRHSAF01,17,134,6,17,162,5,18,161
2026-04-24,13,FCHBLRHSR01,21,158,4,21,168,4,21,160
2026-04-24,13,FCHBLRJPN01,41,345,6,49,429,6,49,413
2026-04-24,13,FCHBLRKOR01,57,423,5,55,434,5,55,440
2026-04-24,13,FCHBLRSJR01,27,258,8,26,300,7,26,281
2026-04-24,13,FCHBLRTHA01,16,157,2,15,123,3,15,127
2026-04-24,13,FCHBLRVAR01,13,132,3,16,160,3,17,184
2026-04-24,13,FCHBLRWHF01,30,268,5,33,306,5,31,281
2026-04-24,14,FCHBLRAECS01,8,63,4,11,88,5,11,92
2026-04-24,14,FCHBLRBEN01,14,138,4,14,138,5,14,147
2026-04-24,14,FCHBLRBHO01,9,67,2,9,67,3,9,74
2026-04-24,14,FCHBLRDOD01,16,139,5,17,150,4,17,160
2026-04-24,14,FCHBLRELC01,12,97,4,13,111,3,13,107
2026-04-24,14,FCHBLRHAR01,17,164,3,16,167,4,15,169
2026-04-24,14,FCHBLRHEB01,21,214,3,20,175,4,20,176
2026-04-24,14,FCHBLRHOO01,25,235,3,23,212,3,23,212
2026-04-24,14,FCHBLRHSAF01,11,107,5,12,128,5,12,128
2026-04-24,14,FCHBLRHSR01,31,246,4,32,257,4,32,258
2026-04-24,14,FCHBLRJPN01,29,209,4,26,186,6,27,201
2026-04-24,14,FCHBLRKOR01,33,258,5,38,266,5,37,244
2026-04-24,14,FCHBLRSJR01,31,309,7,31,267,7,32,271
2026-04-24,14,FCHBLRTHA01,10,118,2,12,160,2,12,160
2026-04-24,14,FCHBLRVAR01,12,104,3,11,93,3,10,84
2026-04-24,14,FCHBLRWHF01,22,179,4,22,179,5,24,204
2026-04-24,15,FCHBLRAECS01,17,161,5,15,137,5,14,124
2026-04-24,15,FCHBLRBEN01,13,74,5,13,74,6,13,91
2026-04-24,15,FCHBLRBHO01,15,133,5,14,120,5,13,120
2026-04-24,15,FCHBLRDOD01,19,209,8,18,181,9,18,201
2026-04-24,15,FCHBLRELC01,13,146,4,14,157,5,14,164
2026-04-24,15,FCHBLRHAR01,17,161,4,18,175,4,19,184
2026-04-24,15,FCHBLRHEB01,12,97,6,13,136,7,13,142
2026-04-24,15,FCHBLRHOO01,17,167,6,20,209,6,19,182
2026-04-24,15,FCHBLRHSAF01,11,157,4,9,147,4,9,136
2026-04-24,15,FCHBLRHSR01,19,176,5,19,190,5,17,150
2026-04-24,15,FCHBLRJPN01,35,321,9,36,337,8,35,306
2026-04-24,15,FCHBLRKOR01,31,301,6,26,260,8,26,280
2026-04-24,15,FCHBLRSJR01,25,236,9,25,295,9,26,284
2026-04-24,15,FCHBLRTHA01,11,73,3,9,63,4,9,73
2026-04-24,15,FCHBLRVAR01,9,88,4,10,99,5,11,116
2026-04-24,15,FCHBLRWHF01,20,247,4,18,229,7,17,217
2026-04-24,16,FCHBLRAECS01,18,197,5,18,189,4,18,197
2026-04-24,16,FCHBLRBEN01,23,206,4,23,206,5,23,211
2026-04-24,16,FCHBLRBHO01,22,261,4,22,255,4,22,255
2026-04-24,16,FCHBLRDOD01,25,300,6,24,314,6,24,327
2026-04-24,16,FCHBLRELC01,12,111,4,12,111,6,12,122
2026-04-24,16,FCHBLRHAR01,14,150,3,15,148,4,15,156
2026-04-24,16,FCHBLRHEB01,27,293,5,24,275,5,23,245
2026-04-24,16,FCHBLRHOO01,27,218,6,23,200,6,23,200
2026-04-24,16,FCHBLRHSAF01,20,179,4,20,188,5,20,191
2026-04-24,16,FCHBLRHSR01,12,108,5,13,161,5,14,138
2026-04-24,16,FCHBLRJPN01,28,307,5,26,271,7,27,273
2026-04-24,16,FCHBLRKOR01,33,334,5,37,363,6,38,336
2026-04-24,16,FCHBLRSJR01,33,395,6,23,336,6,24,300
2026-04-24,16,FCHBLRTHA01,15,112,4,17,122,4,17,122
2026-04-24,16,FCHBLRVAR01,17,176,2,16,164,3,16,164
2026-04-24,16,FCHBLRWHF01,30,323,5,31,333,6,32,364
2026-04-24,17,FCHBLRAECS01,19,183,4,19,201,4,20,206
2026-04-24,17,FCHBLRBEN01,23,266,5,23,272,5,21,262
2026-04-24,17,FCHBLRBHO01,18,184,3,18,195,5,18,210
2026-04-24,17,FCHBLRDOD01,28,282,4,28,270,5,26,250
2026-04-24,17,FCHBLRELC01,14,118,3,14,118,4,13,111
2026-04-24,17,FCHBLRHAR01,32,261,5,32,277,5,31,282
2026-04-24,17,FCHBLRHEB01,22,221,5,23,242,5,24,253
2026-04-24,17,FCHBLRHOO01,25,211,5,27,240,5,27,258
2026-04-24,17,FCHBLRHSAF01,21,197,4,18,173,5,18,186
2026-04-24,17,FCHBLRHSR01,28,227,6,26,236,5,27,224
2026-04-24,17,FCHBLRJPN01,34,297,5,37,359,5,37,359
2026-04-24,17,FCHBLRKOR01,41,362,7,38,391,7,38,375
2026-04-24,17,FCHBLRSJR01,46,367,5,40,404,6,40,379
2026-04-24,17,FCHBLRTHA01,20,197,4,18,188,4,18,188
2026-04-24,17,FCHBLRVAR01,23,199,4,23,207,4,23,215
2026-04-24,17,FCHBLRWHF01,32,284,7,32,270,7,32,286
2026-04-24,18,FCHBLRAECS01,30,290,6,28,250,5,28,257
2026-04-24,18,FCHBLRBEN01,26,209,4,25,216,4,27,227
2026-04-24,18,FCHBLRBHO01,23,219,3,19,174,4,18,176
2026-04-24,18,FCHBLRDOD01,25,202,5,27,268,5,29,275
2026-04-24,18,FCHBLRELC01,25,228,5,23,203,4,23,170
2026-04-24,18,FCHBLRHAR01,22,163,4,22,172,5,22,186
2026-04-24,18,FCHBLRHEB01,22,209,6,22,180,5,20,166
2026-04-24,18,FCHBLRHOO01,32,292,5,33,299,5,34,302
2026-04-24,18,FCHBLRHSAF01,21,250,3,16,174,3,16,174
2026-04-24,18,FCHBLRHSR01,32,211,7,31,232,6,30,194
2026-04-24,18,FCHBLRJPN01,41,431,7,35,314,7,35,314
2026-04-24,18,FCHBLRKNP01,1,6,1,1,4,1,1,6
2026-04-24,18,FCHBLRKOR01,33,305,5,35,321,5,36,341
2026-04-24,18,FCHBLRSJR01,37,298,6,43,367,6,44,365
2026-04-24,18,FCHBLRTHA01,18,149,4,19,147,5,19,151
2026-04-24,18,FCHBLRVAR01,21,174,5,18,164,4,17,137
2026-04-24,18,FCHBLRWHF01,32,283,5,33,302,6,32,303
2026-04-24,19,FCHBLRAECS01,24,200,7,25,242,7,25,232
2026-04-24,19,FCHBLRBEN01,23,216,5,22,191,5,21,196
2026-04-24,19,FCHBLRBHO01,23,170,3,27,214,4,28,237
2026-04-24,19,FCHBLRDOD01,23,266,3,22,244,4,22,261
2026-04-24,19,FCHBLRELC01,14,94,5,16,119,6,16,158
2026-04-24,19,FCHBLRHAR01,37,349,4,36,347,4,36,347
2026-04-24,19,FCHBLRHEB01,31,225,4,32,277,4,33,276
2026-04-24,19,FCHBLRHOO01,34,345,6,34,317,6,32,306
2026-04-24,19,FCHBLRHSAF01,29,283,2,19,193,2,18,183
2026-04-24,19,FCHBLRHSR01,28,197,7,31,226,6,32,228
2026-04-24,19,FCHBLRJPN01,25,249,7,30,354,6,30,349
2026-04-24,19,FCHBLRKNP01,1,7,1,1,7,1,1,7
2026-04-24,19,FCHBLRKOR01,30,258,5,28,255,4,27,237
2026-04-24,19,FCHBLRSJR01,30,300,5,36,319,4,36,358
2026-04-24,19,FCHBLRTHA01,16,216,4,17,227,4,17,227
2026-04-24,19,FCHBLRVAR01,19,171,5,22,220,5,22,206
2026-04-24,19,FCHBLRWHF01,38,352,4,34,305,4,34,299
2026-04-24,20,FCHBLRAECS01,26,228,4,28,247,5,28,264
2026-04-24,20,FCHBLRBEN01,24,239,3,24,282,2,23,250
2026-04-24,20,FCHBLRBHO01,11,115,1,11,109,2,11,114
2026-04-24,20,FCHBLRDOD01,19,226,4,20,277,4,19,246
2026-04-24,20,FCHBLRELC01,25,231,4,22,215,5,22,222
2026-04-24,20,FCHBLRHAR01,20,197,3,21,193,4,22,201
2026-04-24,20,FCHBLRHEB01,16,119,4,15,112,4,15,118
2026-04-24,20,FCHBLRHOO01,33,357,7,29,305,6,29,299
2026-04-24,20,FCHBLRHSAF01,19,164,5,19,201,4,20,206
2026-04-24,20,FCHBLRHSR01,29,235,6,29,252,6,29,235
2026-04-24,20,FCHBLRJPN01,33,248,5,36,305,6,36,304
2026-04-24,20,FCHBLRKOR01,39,313,4,37,301,4,37,322
2026-04-24,20,FCHBLRRAJ01,2,9,1,2,9,1,2,9
2026-04-24,20,FCHBLRSJR01,42,372,5,39,449,5,38,380
2026-04-24,20,FCHBLRTHA01,12,98,2,12,98,2,12,98
2026-04-24,20,FCHBLRVAR01,16,165,4,15,175,4,16,165
2026-04-24,20,FCHBLRWHF01,21,176,4,24,210,5,24,216
2026-04-24,20,FCHHYDNAR01,2,10,1,2,10,1,2,10
2026-04-24,21,FCHBLRAECS01,17,129,3,17,133,4,16,136
2026-04-24,21,FCHBLRBEN01,19,125,2,20,109,3,21,122
2026-04-24,21,FCHBLRBHO01,13,89,3,14,103,4,14,111
2026-04-24,21,FCHBLRDOD01,9,75,3,9,95,4,9,99
2026-04-24,21,FCHBLRELC01,7,50,5,10,63,3,11,101
2026-04-24,21,FCHBLRHAR01,14,97,3,13,103,3,13,103
2026-04-24,21,FCHBLRHEB01,19,160,3,19,167,4,18,171
2026-04-24,21,FCHBLRHOO01,21,214,5,26,295,6,25,311
2026-04-24,21,FCHBLRHSAF01,9,62,4,22,192,3,22,180
2026-04-24,21,FCHBLRHSR01,33,194,8,33,200,8,32,190
2026-04-24,21,FCHBLRJPN01,24,191,6,23,177,6,22,174
2026-04-24,21,FCHBLRKOR01,23,180,6,26,203,5,26,212
2026-04-24,21,FCHBLRSJR01,30,269,5,37,321,5,37,313
2026-04-24,21,FCHBLRTHA01,12,114,4,12,114,5,12,122
2026-04-24,21,FCHBLRVAR01,14,143,4,15,162,3,15,151
2026-04-24,21,FCHBLRWHF01,17,126,4,18,139,5,19,181
2026-04-24,22,FCHBLRAECS01,14,91,5,15,96,6,15,111
2026-04-24,22,FCHBLRBEN01,6,47,2,7,73,2,6,65
2026-04-24,22,FCHBLRBHO01,7,45,2,7,45,3,7,48
2026-04-24,22,FCHBLRDOD01,11,65,3,11,60,4,11,77
2026-04-24,22,FCHBLRELC01,11,89,4,11,87,3,11,89
2026-04-24,22,FCHBLRHAR01,11,131,3,13,143,3,13,143
2026-04-24,22,FCHBLRHEB01,5,48,2,7,62,3,8,79
2026-04-24,22,FCHBLRHOO01,14,79,5,14,79,6,16,117
2026-04-24,22,FCHBLRHSAF01,13,97,4,20,152,4,20,163
2026-04-24,22,FCHBLRHSR01,20,172,7,19,197,7,20,181
2026-04-24,22,FCHBLRJPN01,11,104,3,11,114,2,12,108
2026-04-24,22,FCHBLRKOR01,17,122,3,20,173,4,21,182
2026-04-24,22,FCHBLRSJR01,19,176,5,19,175,5,19,180
2026-04-24,22,FCHBLRTHA01,7,42,4,7,41,3,7,42
2026-04-24,22,FCHBLRVAR01,7,73,1,7,77,1,7,77
2026-04-24,22,FCHBLRWHF01,10,44,5,10,44,5,10,50
2026-04-24,22,FCHHYDNAR01,1,4,1,1,4,1,1,4
2026-04-24,23,FCHBLRAECS01,2,14,1,2,14,1,2,14
2026-04-24,23,FCHBLRBEN01,3,16,2,3,16,2,4,24
2026-04-24,23,FCHBLRBHO01,4,15,2,4,19,1,4,15
2026-04-24,23,FCHBLRDOD01,1,7,2,2,24,1,3,22
2026-04-24,23,FCHBLRELC01,4,28,3,4,28,3,4,31
2026-04-24,23,FCHBLRHAR01,3,28,1,3,28,1,3,28
2026-04-24,23,FCHBLRHEB01,3,13,2,3,13,2,3,13
2026-04-24,23,FCHBLRHOO01,6,32,4,6,32,4,6,32
2026-04-24,23,FCHBLRHSAF01,3,19,2,3,19,2,3,19
2026-04-24,23,FCHBLRHSR01,8,42,2,8,62,3,8,47
2026-04-24,23,FCHBLRJPN01,10,50,3,12,67,3,12,67
2026-04-24,23,FCHBLRKOR01,8,47,1,9,51,2,9,54
2026-04-24,23,FCHBLRSJR01,7,55,6,6,74,5,6,62
2026-04-24,23,FCHBLRTHA01,4,33,3,4,33,3,4,33
2026-04-24,23,FCHBLRVAR01,4,25,2,5,42,1,5,36
2026-04-24,23,FCHBLRWHF01,4,26,2,4,26,2,4,26
2026-04-23,0,FCHBLRHSAF01,0,0,1,1,13,1,1,13
2026-04-23,0,FCHBLRJPN01,0,0,1,1,7,2,2,47
2026-04-23,0,FCHBLRSJR01,0,0,1,1,8,1,1,8
2026-04-23,0,FCHBLRVAR01,0,0,1,1,12,1,2,21
2026-04-23,5,FCHBLRDOD01,1,9,0,0,0,0,0,0
2026-04-23,6,FCHBLRAECS01,18,197,4,17,187,5,15,168
2026-04-23,6,FCHBLRBEN01,13,122,4,11,105,4,11,105
2026-04-23,6,FCHBLRBHO01,15,145,2,15,145,2,15,145
2026-04-23,6,FCHBLRDOD01,14,136,6,15,157,5,15,145
2026-04-23,6,FCHBLRELC01,6,76,2,5,65,4,4,39
2026-04-23,6,FCHBLRHAR01,23,190,4,21,156,4,19,142
2026-04-23,6,FCHBLRHEB01,14,140,4,13,131,4,13,131
2026-04-23,6,FCHBLRHOO01,22,218,2,18,160,3,18,163
2026-04-23,6,FCHBLRHSAF01,15,148,6,13,139,6,13,134
2026-04-23,6,FCHBLRHSR01,10,87,4,10,105,3,10,87
2026-04-23,6,FCHBLRJPN01,25,257,5,21,225,5,21,226
2026-04-23,6,FCHBLRKOR01,25,225,3,24,214,4,23,217
2026-04-23,6,FCHBLRSJR01,25,240,7,22,212,9,21,244
2026-04-23,6,FCHBLRTHA01,9,89,4,7,85,4,7,72
2026-04-23,6,FCHBLRVAR01,12,107,3,12,118,3,12,113
2026-04-23,6,FCHBLRWHF01,19,214,4,18,196,4,18,209
2026-04-23,7,FCHBLRAECS01,22,210,3,22,209,5,24,239
2026-04-23,7,FCHBLRBEN01,30,357,6,30,382,6,28,343
2026-04-23,7,FCHBLRBHO01,32,292,2,31,284,4,31,308
2026-04-23,7,FCHBLRDOD01,20,272,6,19,282,4,18,230
2026-04-23,7,FCHBLRELC01,18,186,6,18,186,7,19,215
2026-04-23,7,FCHBLRHAR01,48,550,4,39,475,4,40,498
2026-04-23,7,FCHBLRHEB01,45,488,5,45,503,4,44,477
2026-04-23,7,FCHBLRHOO01,50,571,4,47,572,4,47,572
2026-04-23,7,FCHBLRHSAF01,30,388,8,22,303,7,22,286
2026-04-23,7,FCHBLRHSR01,24,246,4,23,224,5,22,219
2026-04-23,7,FCHBLRJPN01,49,573,5,42,526,5,42,476
2026-04-23,7,FCHBLRKOR01,45,381,4,45,369,5,45,368
2026-04-23,7,FCHBLRSJR01,59,717,10,49,604,10,46,501
2026-04-23,7,FCHBLRTHA01,21,216,4,23,233,5,23,238
2026-04-23,7,FCHBLRVAR01,23,203,6,22,198,5,20,176
2026-04-23,7,FCHBLRWHF01,44,457,5,42,453,6,42,460
2026-04-23,8,FCHBLRAECS01,47,437,3,44,409,4,43,411
2026-04-23,8,FCHBLRBEN01,50,505,8,46,457,8,46,470
2026-04-23,8,FCHBLRBHO01,33,347,2,33,314,3,32,356
2026-04-23,8,FCHBLRDOD01,36,392,5,37,398,6,35,410
2026-04-23,8,FCHBLRELC01,30,273,6,28,268,6,27,255
2026-04-23,8,FCHBLRHAR01,39,457,4,48,580,4,49,580
2026-04-23,8,FCHBLRHEB01,46,521,4,29,336,4,29,333
2026-04-23,8,FCHBLRHOO01,47,493,3,47,456,3,44,407
2026-04-23,8,FCHBLRHSAF01,38,372,4,40,403,5,38,380
2026-04-23,8,FCHBLRHSR01,44,376,4,43,384,5,44,396
2026-04-23,8,FCHBLRJPN01,63,697,6,56,667,7,56,642
2026-04-23,8,FCHBLRKOR01,53,609,7,49,565,7,48,534
2026-04-23,8,FCHBLRSJR01,67,673,10,54,614,9,55,618
2026-04-23,8,FCHBLRTHA01,34,438,3,31,398,4,29,376
2026-04-23,8,FCHBLRVAR01,21,180,2,22,193,2,24,212
2026-04-23,8,FCHBLRWHF01,50,513,5,50,502,5,49,480
2026-04-23,9,FCHBLRAECS01,37,289,4,41,339,4,42,341
2026-04-23,9,FCHBLRBEN01,39,385,4,41,403,4,42,418
2026-04-23,9,FCHBLRBHO01,28,257,2,27,276,3,28,307
2026-04-23,9,FCHBLRDOD01,36,381,6,34,363,7,37,427
2026-04-23,9,FCHBLRELC01,26,279,6,27,304,6,28,301
2026-04-23,9,FCHBLRHAR01,51,535,5,51,513,4,50,505
2026-04-23,9,FCHBLRHEB01,41,473,4,40,444,4,39,441
2026-04-23,9,FCHBLRHOO01,48,452,4,50,518,5,51,552
2026-04-23,9,FCHBLRHSAF01,27,316,4,33,356,4,35,384
2026-04-23,9,FCHBLRHSR01,72,595,4,57,468,4,56,472
2026-04-23,9,FCHBLRJPN01,49,429,6,63,616,7,63,606
2026-04-23,9,FCHBLRKOR01,71,721,6,62,645,7,63,655
2026-04-23,9,FCHBLRSJR01,52,513,7,66,731,9,69,697
2026-04-23,9,FCHBLRTHA01,22,259,3,25,299,4,27,346
2026-04-23,9,FCHBLRVAR01,37,395,2,31,317,3,31,324
2026-04-23,9,FCHBLRWHF01,43,396,6,44,430,6,45,446
2026-04-23,10,FCHBLRAECS01,30,279,4,28,259,5,27,248
2026-04-23,10,FCHBLRBEN01,29,300,5,32,369,5,33,397
2026-04-23,10,FCHBLRBHO01,34,327,2,36,349,3,35,352
2026-04-23,10,FCHBLRDOD01,27,290,6,28,314,6,27,295
2026-04-23,10,FCHBLRELC01,13,130,5,15,187,5,15,164
2026-04-23,10,FCHBLRHAR01,48,425,5,37,419,5,37,387
2026-04-23,10,FCHBLRHEB01,39,340,4,42,382,4,44,401
2026-04-23,10,FCHBLRHOO01,37,416,5,41,447,4,41,428
2026-04-23,10,FCHBLRHSAF01,28,324,4,24,276,4,23,286
2026-04-23,10,FCHBLRHSR01,43,345,5,46,407,5,45,405
2026-04-23,10,FCHBLRJPN01,51,424,6,54,455,6,53,449
2026-04-23,10,FCHBLRKOR01,48,478,5,60,617,6,60,645
2026-04-23,10,FCHBLRSJR01,47,423,9,49,486,8,47,416
2026-04-23,10,FCHBLRTHA01,18,182,3,17,145,4,17,154
2026-04-23,10,FCHBLRVAR01,16,183,2,21,258,3,21,267
2026-04-23,10,FCHBLRWHF01,40,372,5,42,383,5,42,383
2026-04-23,11,FCHBLRAECS01,28,236,6,26,225,6,27,253
2026-04-23,11,FCHBLRBEN01,25,186,6,22,164,5,21,170
2026-04-23,11,FCHBLRBHO01,20,254,2,20,254,2,21,271
2026-04-23,11,FCHBLRDOD01,20,196,4,21,208,4,22,223
2026-04-23,11,FCHBLRELC01,14,116,4,13,109,5,13,127
2026-04-23,11,FCHBLRHAR01,20,252,5,31,302,5,31,289
2026-04-23,11,FCHBLRHEB01,29,264,5,43,425,5,42,419
2026-04-23,11,FCHBLRHOO01,33,335,4,32,342,4,32,356
2026-04-23,11,FCHBLRHSAF01,23,209,5,25,367,5,26,317
2026-04-23,11,FCHBLRHSR01,42,294,5,40,328,4,41,307
2026-04-23,11,FCHBLRJPN01,45,422,8,40,436,7,41,396
2026-04-23,11,FCHBLRKOR01,50,350,6,49,353,6,50,358
2026-04-23,11,FCHBLRSJR01,36,343,5,30,276,4,33,286
2026-04-23,11,FCHBLRTHA01,14,149,2,14,174,3,14,174
2026-04-23,11,FCHBLRVAR01,28,263,3,27,265,3,26,246
2026-04-23,11,FCHBLRWHF01,32,297,6,29,240,5,29,240
2026-04-23,12,FCHBLRAECS01,15,138,5,19,191,5,19,188
2026-04-23,12,FCHBLRBEN01,27,329,4,31,384,4,31,368
2026-04-23,12,FCHBLRBHO01,17,157,2,17,157,3,17,165
2026-04-23,12,FCHBLRDOD01,12,128,4,12,128,5,11,130
2026-04-23,12,FCHBLRELC01,13,140,3,14,147,4,14,152
2026-04-23,12,FCHBLRHAR01,23,230,5,23,237,4,23,254
2026-04-23,12,FCHBLRHEB01,26,227,4,25,205,5,27,224
2026-04-23,12,FCHBLRHOO01,32,294,3,26,235,3,28,242
2026-04-23,12,FCHBLRHSAF01,25,245,3,26,269,4,26,293
2026-04-23,12,FCHBLRHSR01,31,252,5,35,294,5,33,280
2026-04-23,12,FCHBLRJPN01,48,452,6,43,391,5,43,384
2026-04-23,12,FCHBLRKOR01,50,504,5,51,521,6,51,559
2026-04-23,12,FCHBLRSJR01,34,282,9,35,294,8,35,289
2026-04-23,12,FCHBLRTHA01,18,186,3,18,171,3,18,171
2026-04-23,12,FCHBLRVAR01,14,148,2,16,154,3,17,182
2026-04-23,12,FCHBLRWHF01,36,312,4,37,343,4,37,343
2026-04-23,13,FCHBLRAECS01,15,107,4,14,102,5,14,105
2026-04-23,13,FCHBLRBEN01,23,265,3,21,258,3,22,270
2026-04-23,13,FCHBLRBHO01,12,79,2,12,79,3,12,89
2026-04-23,13,FCHBLRDOD01,15,132,5,15,142,5,16,147
2026-04-23,13,FCHBLRELC01,9,96,2,9,96,2,9,96
2026-04-23,13,FCHBLRHAR01,12,107,3,12,126,4,13,137
2026-04-23,13,FCHBLRHEB01,21,245,4,22,265,4,22,265
2026-04-23,13,FCHBLRHOO01,23,168,4,27,209,4,27,209
2026-04-23,13,FCHBLRHSAF01,17,160,4,16,160,4,16,131
2026-04-23,13,FCHBLRHSR01,18,155,5,29,227,5,31,235
2026-04-23,13,FCHBLRJPN01,39,330,4,44,397,5,43,389
2026-04-23,13,FCHBLRKOR01,18,147,2,19,147,3,19,151
2026-04-23,13,FCHBLRSJR01,31,310,5,33,338,5,35,358
2026-04-23,13,FCHBLRTHA01,10,106,3,11,133,2,11,133
2026-04-23,13,FCHBLRVAR01,16,151,2,15,132,3,14,140
2026-04-23,13,FCHBLRWHF01,30,220,5,32,246,6,32,250
2026-04-23,14,FCHBLRAECS01,13,97,2,13,98,3,13,98
2026-04-23,14,FCHBLRBEN01,18,172,4,18,185,3,18,156
2026-04-23,14,FCHBLRBHO01,13,96,2,11,82,3,11,87
2026-04-23,14,FCHBLRDOD01,13,103,5,12,98,6,12,104
2026-04-23,14,FCHBLRELC01,11,71,3,11,71,3,11,71
2026-04-23,14,FCHBLRHAR01,22,184,5,22,174,4,21,181
2026-04-23,14,FCHBLRHEB01,15,84,5,16,97,6,16,103
2026-04-23,14,FCHBLRHOO01,17,113,3,19,126,4,18,120
2026-04-23,14,FCHBLRHSAF01,6,66,4,8,95,4,8,79
2026-04-23,14,FCHBLRHSR01,20,144,5,20,158,5,20,151
2026-04-23,14,FCHBLRJPN01,26,208,4,30,233,5,30,245
2026-04-23,14,FCHBLRKOR01,41,405,7,39,430,7,38,356
2026-04-23,14,FCHBLRSJR01,22,171,6,20,154,4,19,140
2026-04-23,14,FCHBLRTHA01,15,118,3,14,114,4,14,134
2026-04-23,14,FCHBLRVAR01,10,103,3,11,122,2,12,127
2026-04-23,14,FCHBLRWHF01,16,141,5,16,141,5,16,141
2026-04-23,15,FCHBLRAECS01,24,139,6,21,128,6,21,140
2026-04-23,15,FCHBLRBEN01,16,145,5,16,131,5,16,134
2026-04-23,15,FCHBLRBHO01,18,173,4,19,220,4,19,190
2026-04-23,15,FCHBLRDOD01,16,190,5,15,166,4,14,155
2026-04-23,15,FCHBLRELC01,11,97,2,10,87,3,10,107
2026-04-23,15,FCHBLRHAR01,18,170,5,19,204,6,19,239
2026-04-23,15,FCHBLRHEB01,20,114,6,21,121,7,21,138
2026-04-23,15,FCHBLRHOO01,21,170,6,22,179,7,22,186
2026-04-23,15,FCHBLRHSAF01,17,222,4,17,235,4,17,235
2026-04-23,15,FCHBLRHSR01,14,80,5,16,119,5,16,124
2026-04-23,15,FCHBLRJPN01,38,345,7,35,305,7,36,321
2026-04-23,15,FCHBLRKOR01,34,303,7,37,365,6,38,371
2026-04-23,15,FCHBLRSJR01,24,239,6,27,291,4,27,264
2026-04-23,15,FCHBLRTHA01,8,48,3,9,52,4,9,52
2026-04-23,15,FCHBLRVAR01,11,116,2,11,116,2,11,116
2026-04-23,15,FCHBLRWHF01,14,143,5,14,143,4,14,209
2026-04-23,16,FCHBLRAECS01,21,198,4,21,175,5,20,152
2026-04-23,16,FCHBLRBEN01,15,123,4,16,172,4,16,143
2026-04-23,16,FCHBLRBHO01,17,120,2,17,114,3,17,117
2026-04-23,16,FCHBLRDOD01,23,239,7,25,268,8,26,284
2026-04-23,16,FCHBLRELC01,6,76,3,7,86,5,7,89
2026-04-23,16,FCHBLRHAR01,13,111,4,14,121,3,14,112
2026-04-23,16,FCHBLRHEB01,19,194,4,17,195,3,17,176
2026-04-23,16,FCHBLRHOO01,33,345,6,30,334,5,30,294
2026-04-23,16,FCHBLRHSAF01,19,148,7,20,163,7,19,148
2026-04-23,16,FCHBLRHSR01,31,193,4,28,171,5,28,189
2026-04-23,16,FCHBLRJPN01,29,256,6,31,283,6,31,287
2026-04-23,16,FCHBLRKOR01,45,368,3,42,351,3,41,351
2026-04-23,16,FCHBLRSJR01,56,449,6,46,343,7,46,349
2026-04-23,16,FCHBLRTHA01,18,154,4,18,154,5,18,169
2026-04-23,16,FCHBLRVAR01,14,132,2,11,124,1,10,82
2026-04-23,16,FCHBLRWHF01,24,226,4,24,226,4,24,226
2026-04-23,17,FCHBLRAECS01,29,232,2,31,263,3,32,323
2026-04-23,17,FCHBLRBEN01,27,259,4,27,313,4,26,290
2026-04-23,17,FCHBLRBHO01,20,266,2,17,179,3,16,166
2026-04-23,17,FCHBLRDOD01,25,192,6,24,205,6,22,180
2026-04-23,17,FCHBLRELC01,13,124,3,13,124,4,13,126
2026-04-23,17,FCHBLRHAR01,22,207,3,18,150,4,18,159
2026-04-23,17,FCHBLRHEB01,23,214,4,24,232,5,24,240
2026-04-23,17,FCHBLRHOO01,38,279,7,40,340,7,38,328
2026-04-23,17,FCHBLRHSAF01,16,203,3,13,171,4,13,194
2026-04-23,17,FCHBLRHSR01,34,259,4,31,246,5,30,224
2026-04-23,17,FCHBLRJPN01,30,233,5,29,226,4,29,226
2026-04-23,17,FCHBLRKOR01,43,360,2,39,342,3,38,348
2026-04-23,17,FCHBLRSJR01,43,407,8,35,376,7,36,375
2026-04-23,17,FCHBLRTHA01,13,109,5,13,109,6,13,124
2026-04-23,17,FCHBLRVAR01,22,201,3,21,192,4,21,202
2026-04-23,17,FCHBLRWHF01,33,337,6,33,336,6,33,348
2026-04-23,18,FCHBLRAECS01,25,143,2,24,124,2,24,124
2026-04-23,18,FCHBLRBEN01,28,275,3,28,296,3,29,280
2026-04-23,18,FCHBLRBHO01,22,149,2,21,206,3,22,264
2026-04-23,18,FCHBLRDOD01,21,189,4,22,191,5,24,245
2026-04-23,18,FCHBLRELC01,18,136,3,17,118,4,17,134
2026-04-23,18,FCHBLRHAR01,27,203,4,30,261,4,30,258
2026-04-23,18,FCHBLRHEB01,28,194,2,22,147,4,21,139
2026-04-23,18,FCHBLRHOO01,30,329,4,30,320,4,31,302
2026-04-23,18,FCHBLRHSAF01,12,113,2,16,170,3,16,178
2026-04-23,18,FCHBLRHSR01,37,358,4,37,326,4,37,346
2026-04-23,18,FCHBLRJPN01,40,374,4,36,355,5,35,333
2026-04-23,18,FCHBLRKOR01,50,449,5,48,428,4,49,368
2026-04-23,18,FCHBLRSJR01,41,372,6,46,422,5,47,407
2026-04-23,18,FCHBLRTHA01,28,278,6,28,278,6,28,278
2026-04-23,18,FCHBLRVAR01,27,258,3,27,260,3,27,273
2026-04-23,18,FCHBLRWHF01,45,411,6,45,411,6,45,411
2026-04-23,19,FCHBLRAECS01,25,232,6,28,286,6,28,270
2026-04-23,19,FCHBLRBEN01,27,318,3,21,243,2,20,212
2026-04-23,19,FCHBLRBHO01,19,203,3,24,263,4,24,244
2026-04-23,19,FCHBLRDOD01,16,140,6,16,140,7,16,159
2026-04-23,19,FCHBLRELC01,18,147,3,19,165,4,19,176
2026-04-23,19,FCHBLRHAR01,31,270,4,31,291,4,31,263
2026-04-23,19,FCHBLRHEB01,27,218,4,28,236,5,29,277
2026-04-23,19,FCHBLRHOO01,46,438,4,44,395,5,46,476
2026-04-23,19,FCHBLRHSAF01,24,224,2,22,217,2,22,217
2026-04-23,19,FCHBLRHSR01,37,311,5,42,402,4,43,393
2026-04-23,19,FCHBLRJPN01,34,292,4,36,270,3,35,237
2026-04-23,19,FCHBLRKOR01,38,314,3,40,379,2,41,398
2026-04-23,19,FCHBLRSJR01,43,444,6,35,411,7,35,412
2026-04-23,19,FCHBLRTHA01,18,129,3,18,129,4,18,138
2026-04-23,19,FCHBLRVAR01,20,230,4,24,266,5,24,252
2026-04-23,19,FCHBLRWHF01,36,271,5,36,271,5,36,275
2026-04-23,20,FCHBLRAECS01,28,227,4,24,187,4,23,182
2026-04-23,20,FCHBLRBEN01,26,253,2,27,274,2,28,308
2026-04-23,20,FCHBLRBHO01,16,103,3,16,103,3,16,103
2026-04-23,20,FCHBLRDOD01,21,213,6,20,199,6,20,190
2026-04-23,20,FCHBLRELC01,19,147,3,19,147,3,19,147
2026-04-23,20,FCHBLRHAR01,24,208,3,23,213,3,23,207
2026-04-23,20,FCHBLRHEB01,21,176,4,26,223,3,26,205
2026-04-23,20,FCHBLRHOO01,29,211,6,32,267,6,32,279
2026-04-23,20,FCHBLRHSAF01,22,193,4,23,207,4,23,202
2026-04-23,20,FCHBLRHSR01,31,261,5,29,251,5,29,248
2026-04-23,20,FCHBLRJPN01,48,387,5,48,405,6,48,441
2026-04-23,20,FCHBLRKOR01,51,484,4,51,505,5,50,489
2026-04-23,20,FCHBLRSJR01,34,267,7,40,358,5,39,319
2026-04-23,20,FCHBLRTHA01,11,118,3,8,60,2,8,60
2026-04-23,20,FCHBLRVAR01,30,247,4,28,244,5,28,260
2026-04-23,20,FCHBLRWHF01,26,157,5,25,150,7,25,153
2026-04-23,21,FCHBLRAECS01,22,204,4,25,244,4,24,259
2026-04-23,21,FCHBLRBEN01,14,107,3,20,169,2,19,166
2026-04-23,21,FCHBLRBHO01,21,151,3,20,144,4,19,161
2026-04-23,21,FCHBLRDOD01,19,149,5,19,179,5,19,172
2026-04-23,21,FCHBLRELC01,23,171,3,21,162,4,21,182
2026-04-23,21,FCHBLRHAR01,21,187,2,18,158,3,18,165
2026-04-23,21,FCHBLRHEB01,20,146,5,19,141,6,19,161
2026-04-23,21,FCHBLRHOO01,19,149,5,20,159,4,19,137
2026-04-23,21,FCHBLRHSAF01,21,172,3,22,187,3,22,187
2026-04-23,21,FCHBLRHSR01,19,149,6,21,179,5,21,170
2026-04-23,21,FCHBLRJPN01,31,274,5,32,318,5,34,337
2026-04-23,21,FCHBLRKOR01,39,375,4,43,439,5,44,449
2026-04-23,21,FCHBLRSJR01,39,306,5,48,355,5,45,339
2026-04-23,21,FCHBLRTHA01,11,103,6,12,155,5,12,138
2026-04-23,21,FCHBLRVAR01,13,95,3,15,120,3,16,129
2026-04-23,21,FCHBLRWHF01,19,145,5,19,147,5,19,147
2026-04-23,22,FCHBLRAECS01,11,105,3,11,90,4,13,115
2026-04-23,22,FCHBLRBEN01,8,52,5,7,54,4,8,55
2026-04-23,22,FCHBLRBHO01,14,110,5,15,140,4,16,128
2026-04-23,22,FCHBLRDOD01,16,107,5,17,138,4,16,100
2026-04-23,22,FCHBLRELC01,6,48,3,8,57,4,8,74
2026-04-23,22,FCHBLRHAR01,15,152,3,20,200,4,20,205
2026-04-23,22,FCHBLRHEB01,16,83,4,16,81,5,16,84
2026-04-23,22,FCHBLRHOO01,8,46,3,8,46,4,9,71
2026-04-23,22,FCHBLRHSAF01,6,55,2,7,63,2,7,63
2026-04-23,22,FCHBLRHSR01,18,108,5,18,111,4,18,104
2026-04-23,22,FCHBLRJPN01,10,67,4,15,95,4,14,90
2026-04-23,22,FCHBLRKOR01,26,188,2,26,201,2,24,187
2026-04-23,22,FCHBLRSJR01,14,91,3,18,155,4,18,147
2026-04-23,22,FCHBLRTHA01,8,49,3,10,72,3,10,72
2026-04-23,22,FCHBLRVAR01,5,61,2,5,61,2,5,61
2026-04-23,22,FCHBLRWHF01,13,121,4,12,104,4,12,111
2026-04-23,23,FCHBLRAECS01,3,20,1,4,41,2,4,44
2026-04-23,23,FCHBLRBEN01,3,22,1,4,27,1,4,27
2026-04-23,23,FCHBLRBHO01,4,34,1,4,34,1,4,34
2026-04-23,23,FCHBLRDOD01,6,47,2,5,32,4,6,58
2026-04-23,23,FCHBLRELC01,1,3,1,1,3,2,1,6
2026-04-23,23,FCHBLRHAR01,10,68,3,10,68,3,10,68
2026-04-23,23,FCHBLRHEB01,1,5,1,2,12,1,2,12
2026-04-23,23,FCHBLRHOO01,4,27,2,4,27,2,4,27
2026-04-23,23,FCHBLRHSR01,12,94,3,13,101,4,13,104
2026-04-23,23,FCHBLRJPN01,5,28,2,5,28,3,6,33
2026-04-23,23,FCHBLRKOR01,7,72,3,9,93,3,11,100
2026-04-23,23,FCHBLRSJR01,5,37,5,7,45,6,8,53
2026-04-23,23,FCHBLRTHA01,1,5,1,1,5,1,1,5
2026-04-23,23,FCHBLRVAR01,8,60,4,8,71,3,8,60
2026-04-23,23,FCHBLRWHF01,7,32,3,9,54,4,9,61
2026-04-22,0,FCHBLRAECS01,1,2,0,0,0,0,0,0
2026-04-22,0,FCHBLRDOD01,1,10,2,2,15,2,2,15
2026-04-22,0,FCHBLRHAR01,1,7,1,1,7,0,0,0
2026-04-22,0,FCHBLRHEB01,0,0,1,1,5,1,1,5
2026-04-22,0,FCHBLRHSR01,2,9,2,2,9,2,2,9
2026-04-22,0,FCHBLRSJR01,0,0,1,1,4,2,2,10
2026-04-22,0,FCHBLRWHF01,0,0,0,0,0,1,1,6
2026-04-22,6,FCHBLRAECS01,14,122,4,10,83,5,10,90
2026-04-22,6,FCHBLRBEN01,19,152,4,18,146,4,17,137
2026-04-22,6,FCHBLRBHO01,8,66,3,8,66,2,8,66
2026-04-22,6,FCHBLRDOD01,4,31,2,4,31,3,4,31
2026-04-22,6,FCHBLRELC01,10,91,3,8,82,3,7,46
2026-04-22,6,FCHBLRHAR01,24,249,5,21,210,3,16,139
2026-04-22,6,FCHBLRHEB01,10,66,3,10,66,3,10,71
2026-04-22,6,FCHBLRHOO01,27,289,3,24,267,2,23,251
2026-04-22,6,FCHBLRHSAF01,9,116,1,6,68,2,6,72
2026-04-22,6,FCHBLRHSR01,11,100,3,10,93,3,10,93
2026-04-22,6,FCHBLRJPN01,23,205,4,21,207,3,20,177
2026-04-22,6,FCHBLRKOR01,28,244,2,25,222,2,24,218
2026-04-22,6,FCHBLRSJR01,28,177,7,24,147,8,23,157
2026-04-22,6,FCHBLRTHA01,8,55,4,8,55,3,8,55
2026-04-22,6,FCHBLRVAR01,10,82,3,8,69,3,8,69
2026-04-22,6,FCHBLRWHF01,21,195,5,21,195,7,21,211
2026-04-22,7,FCHBLRAECS01,25,266,6,27,317,5,25,270
2026-04-22,7,FCHBLRBEN01,39,388,4,37,402,3,37,378
2026-04-22,7,FCHBLRBHO01,33,371,3,28,307,4,28,327
2026-04-22,7,FCHBLRDOD01,20,255,6,20,263,6,20,266
2026-04-22,7,FCHBLRELC01,25,233,7,23,207,5,20,171
2026-04-22,7,FCHBLRHAR01,35,300,3,35,317,4,33,316
2026-04-22,7,FCHBLRHEB01,33,348,5,27,318,3,26,245
2026-04-22,7,FCHBLRHOO01,38,376,2,37,367,3,38,393
2026-04-22,7,FCHBLRHSAF01,33,319,6,30,324,7,29,279
2026-04-22,7,FCHBLRHSR01,41,359,4,41,375,3,40,345
2026-04-22,7,FCHBLRJPN01,58,628,5,55,604,4,54,573
2026-04-22,7,FCHBLRKOR01,63,591,7,51,474,6,52,457
2026-04-22,7,FCHBLRSJR01,49,546,10,45,508,9,48,511
2026-04-22,7,FCHBLRTHA01,17,158,3,17,158,3,17,158
2026-04-22,7,FCHBLRVAR01,29,241,6,29,254,5,29,247
2026-04-22,7,FCHBLRWHF01,46,440,5,44,427,6,43,444
2026-04-22,8,FCHBLRAECS01,35,328,5,34,325,5,35,336
2026-04-22,8,FCHBLRBEN01,39,378,5,37,387,4,36,343
2026-04-22,8,FCHBLRBHO01,37,438,3,39,461,4,38,492
2026-04-22,8,FCHBLRDOD01,19,216,5,17,191,6,17,191
2026-04-22,8,FCHBLRELC01,37,409,6,37,390,4,33,342
2026-04-22,8,FCHBLRHAR01,56,552,5,49,468,5,46,417
2026-04-22,8,FCHBLRHEB01,47,544,3,45,511,3,43,490
2026-04-22,8,FCHBLRHOO01,56,565,4,52,554,4,50,483
2026-04-22,8,FCHBLRHSAF01,33,299,5,34,339,4,34,316
2026-04-22,8,FCHBLRHSR01,54,501,4,51,477,4,52,491
2026-04-22,8,FCHBLRJPN01,64,609,6,55,608,6,57,570
2026-04-22,8,FCHBLRKOR01,59,592,4,70,728,3,68,688
2026-04-22,8,FCHBLRSJR01,66,688,8,54,610,10,52,559
2026-04-22,8,FCHBLRTHA01,21,236,3,19,208,3,19,208
2026-04-22,8,FCHBLRVAR01,31,389,6,28,391,6,28,351
2026-04-22,8,FCHBLRWHF01,60,657,5,54,552,6,54,541
2026-04-22,9,FCHBLRAECS01,36,365,4,37,405,4,37,391
2026-04-22,9,FCHBLRBEN01,46,472,7,46,567,7,46,506
2026-04-22,9,FCHBLRBHO01,35,350,4,37,395,4,37,400
2026-04-22,9,FCHBLRDOD01,31,390,6,33,415,6,33,415
2026-04-22,9,FCHBLRELC01,32,328,6,33,391,5,32,354
2026-04-22,9,FCHBLRHAR01,46,494,4,50,532,3,42,397
2026-04-22,9,FCHBLRHEB01,35,411,2,35,438,4,30,320
2026-04-22,9,FCHBLRHOO01,66,698,3,59,596,3,59,597
2026-04-22,9,FCHBLRHSAF01,37,342,3,33,310,3,33,324
2026-04-22,9,FCHBLRHSR01,39,308,4,43,354,4,43,363
2026-04-22,9,FCHBLRJPN01,57,618,4,61,575,5,60,564
2026-04-22,9,FCHBLRKOR01,62,611,5,59,595,5,60,599
2026-04-22,9,FCHBLRSJR01,58,709,7,64,794,9,67,753
2026-04-22,9,FCHBLRTHA01,24,222,3,26,250,3,26,250
2026-04-22,9,FCHBLRVAR01,25,231,5,29,286,6,29,297
2026-04-22,9,FCHBLRWHF01,60,633,6,66,708,7,67,880
2026-04-22,10,FCHBLRAECS01,22,201,4,22,205,5,22,233
2026-04-22,10,FCHBLRBEN01,26,218,6,29,281,4,29,250
2026-04-22,10,FCHBLRBHO01,26,243,4,26,242,5,27,290
2026-04-22,10,FCHBLRDOD01,29,288,5,29,288,5,29,288
2026-04-22,10,FCHBLRELC01,17,159,5,19,194,5,19,186
2026-04-22,10,FCHBLRHAR01,25,212,4,29,263,4,29,259
2026-04-22,10,FCHBLRHEB01,35,404,4,39,444,2,33,306
2026-04-22,10,FCHBLRHOO01,37,296,3,48,463,3,47,485
2026-04-22,10,FCHBLRHSAF01,25,303,5,31,317,5,31,319
2026-04-22,10,FCHBLRHSR01,49,362,3,44,327,4,43,329
2026-04-22,10,FCHBLRJPN01,53,548,5,46,635,4,46,588
2026-04-22,10,FCHBLRKOR01,58,648,5,58,591,4,59,594
2026-04-22,10,FCHBLRSJR01,45,400,7,39,395,8,43,454
2026-04-22,10,FCHBLRTHA01,13,111,3,12,103,3,12,103
2026-04-22,10,FCHBLRVAR01,19,206,3,18,171,4,18,171
2026-04-22,10,FCHBLRWHF01,42,501,5,43,532,6,42,530
2026-04-22,11,FCHBLRAECS01,16,187,2,15,150,3,15,159
2026-04-22,11,FCHBLRBEN01,25,257,5,25,263,5,25,262
2026-04-22,11,FCHBLRBHO01,28,234,4,29,242,5,29,245
2026-04-22,11,FCHBLRDOD01,16,190,4,15,148,4,15,148
2026-04-22,11,FCHBLRELC01,27,278,4,24,247,4,23,227
2026-04-22,11,FCHBLRHAR01,18,183,4,15,161,4,15,161
2026-04-22,11,FCHBLRHEB01,21,164,2,25,229,4,25,253
2026-04-22,11,FCHBLRHOO01,33,340,2,33,317,3,34,352
2026-04-22,11,FCHBLRHSAF01,23,226,5,25,301,5,24,299
2026-04-22,11,FCHBLRHSR01,33,270,3,36,283,3,36,279
2026-04-22,11,FCHBLRJPN01,38,414,5,41,384,5,41,358
2026-04-22,11,FCHBLRKOR01,51,534,4,55,648,5,55,652
2026-04-22,11,FCHBLRSJR01,45,464,7,41,476,9,47,548
2026-04-22,11,FCHBLRTHA01,16,132,4,17,140,4,16,134
2026-04-22,11,FCHBLRVAR01,33,296,5,31,289,4,31,274
2026-04-22,11,FCHBLRWHF01,34,304,5,35,316,5,36,329
2026-04-22,12,FCHBLRAECS01,20,234,5,20,358,4,19,261
2026-04-22,12,FCHBLRBEN01,19,147,4,19,133,5,20,151
2026-04-22,12,FCHBLRBHO01,17,201,4,14,174,4,14,184
2026-04-22,12,FCHBLRDOD01,16,113,4,17,155,4,17,155
2026-04-22,12,FCHBLRELC01,14,158,3,14,156,4,15,167
2026-04-22,12,FCHBLRHAR01,29,291,6,31,293,5,30,290
2026-04-22,12,FCHBLRHEB01,21,125,5,20,128,4,20,127
2026-04-22,12,FCHBLRHOO01,36,364,2,33,321,3,33,329
2026-04-22,12,FCHBLRHSAF01,24,200,4,22,170,5,23,191
2026-04-22,12,FCHBLRHSR01,24,203,3,26,225,4,26,238
2026-04-22,12,FCHBLRJPN01,51,495,6,43,445,6,42,404
2026-04-22,12,FCHBLRKOR01,47,379,2,47,375,3,47,385
2026-04-22,12,FCHBLRSJR01,20,195,6,20,192,7,21,215
2026-04-22,12,FCHBLRTHA01,12,110,3,11,107,3,12,117
2026-04-22,12,FCHBLRVAR01,16,148,4,19,205,3,17,189
2026-04-22,12,FCHBLRWHF01,32,374,7,32,389,6,32,374
2026-04-22,13,FCHBLRAECS01,18,182,3,20,197,3,20,197
2026-04-22,13,FCHBLRBEN01,14,113,4,15,140,4,15,140
2026-04-22,13,FCHBLRBHO01,9,82,3,12,115,3,12,115
2026-04-22,13,FCHBLRDOD01,13,123,4,12,105,5,12,112
2026-04-22,13,FCHBLRELC01,11,156,4,13,227,3,12,173
2026-04-22,13,FCHBLRHAR01,19,193,5,20,232,3,20,204
2026-04-22,13,FCHBLRHEB01,29,276,5,27,264,3,25,225
2026-04-22,13,FCHBLRHOO01,17,167,2,22,236,2,21,228
2026-04-22,13,FCHBLRHSAF01,10,54,4,12,95,3,11,90
2026-04-22,13,FCHBLRHSR01,21,186,4,21,209,3,22,199
2026-04-22,13,FCHBLRJPN01,36,336,6,39,468,6,41,485
2026-04-22,13,FCHBLRKOR01,46,408,5,44,384,5,44,384
2026-04-22,13,FCHBLRSJR01,28,232,6,23,173,7,29,242
2026-04-22,13,FCHBLRTHA01,9,63,3,10,66,3,10,66
2026-04-22,13,FCHBLRVAR01,12,122,2,10,105,3,12,133
2026-04-22,13,FCHBLRWHF01,18,184,5,18,184,5,18,184
2026-04-22,14,FCHBLRAECS01,19,152,3,18,143,3,18,143
2026-04-22,14,FCHBLRBEN01,16,120,5,17,125,5,15,105
2026-04-22,14,FCHBLRBHO01,15,138,3,13,117,4,13,129
2026-04-22,14,FCHBLRDOD01,14,127,4,15,145,4,15,145
2026-04-22,14,FCHBLRELC01,12,99,3,13,109,4,13,114
2026-04-22,14,FCHBLRHAR01,15,111,6,16,140,5,15,109
2026-04-22,14,FCHBLRHEB01,15,150,3,17,169,3,17,169
2026-04-22,14,FCHBLRHOO01,11,145,2,8,112,2,8,93
2026-04-22,14,FCHBLRHSAF01,17,186,5,14,174,5,14,156
2026-04-22,14,FCHBLRHSR01,19,160,3,19,160,4,18,152
2026-04-22,14,FCHBLRJPN01,34,345,5,45,400,6,45,407
2026-04-22,14,FCHBLRKOR01,40,364,4,44,384,5,44,398
2026-04-22,14,FCHBLRSJR01,21,164,5,21,161,6,21,171
2026-04-22,14,FCHBLRTHA01,11,98,4,11,98,4,11,106
2026-04-22,14,FCHBLRVAR01,13,103,4,15,134,4,15,126
2026-04-22,14,FCHBLRWHF01,11,143,4,11,143,4,11,143
2026-04-22,15,FCHBLRAECS01,14,84,4,13,83,5,13,88
2026-04-22,15,FCHBLRBEN01,15,178,5,14,193,5,16,177
2026-04-22,15,FCHBLRBHO01,14,125,4,16,146,5,16,148
2026-04-22,15,FCHBLRDOD01,11,109,4,11,109,5,11,120
2026-04-22,15,FCHBLRELC01,12,119,4,11,114,4,11,114
2026-04-22,15,FCHBLRHAR01,19,140,4,19,137,4,16,121
2026-04-22,15,FCHBLRHEB01,16,86,5,17,86,6,14,70
2026-04-22,15,FCHBLRHOO01,25,280,5,23,252,4,23,243
2026-04-22,15,FCHBLRHSAF01,9,61,4,12,106,2,12,100
2026-04-22,15,FCHBLRHSR01,20,128,4,19,123,5,20,138
2026-04-22,15,FCHBLRJPN01,31,273,8,38,375,9,39,385
2026-04-22,15,FCHBLRKOR01,40,372,5,35,322,4,35,312
2026-04-22,15,FCHBLRSJR01,23,188,7,21,169,8,21,172
2026-04-22,15,FCHBLRTHA01,16,128,3,16,128,3,16,128
2026-04-22,15,FCHBLRVAR01,15,144,3,15,144,3,15,144
2026-04-22,15,FCHBLRWHF01,23,194,6,21,169,6,22,188
2026-04-22,16,FCHBLRAECS01,22,176,5,22,172,4,20,157
2026-04-22,16,FCHBLRBEN01,26,292,4,23,289,5,23,304
2026-04-22,16,FCHBLRBHO01,9,73,1,9,73,2,9,81
2026-04-22,16,FCHBLRDOD01,15,127,6,13,100,5,13,100
2026-04-22,16,FCHBLRELC01,13,108,5,12,91,4,11,82
2026-04-22,16,FCHBLRHAR01,26,277,4,24,262,5,24,285
2026-04-22,16,FCHBLRHEB01,19,195,4,17,174,5,17,148
2026-04-22,16,FCHBLRHOO01,33,288,5,35,297,6,35,311
2026-04-22,16,FCHBLRHSAF01,15,146,5,15,144,6,16,165
2026-04-22,16,FCHBLRHSR01,24,160,4,23,150,5,23,155
2026-04-22,16,FCHBLRJPN01,32,295,7,27,248,7,26,227
2026-04-22,16,FCHBLRKOR01,36,350,6,39,457,6,38,381
2026-04-22,16,FCHBLRSJR01,46,468,3,36,318,4,38,382
2026-04-22,16,FCHBLRTHA01,13,128,5,12,135,5,12,135
2026-04-22,16,FCHBLRVAR01,18,174,4,11,101,5,10,90
2026-04-22,16,FCHBLRWHF01,24,219,4,23,209,6,23,220
2026-04-22,17,FCHBLRAECS01,43,406,3,35,359,2,35,327
2026-04-22,17,FCHBLRBEN01,23,178,5,24,181,4,24,168
2026-04-22,17,FCHBLRBHO01,21,160,1,19,147,2,19,154
2026-04-22,17,FCHBLRDOD01,28,285,6,26,280,6,25,258
2026-04-22,17,FCHBLRELC01,30,258,3,24,200,3,22,182
2026-04-22,17,FCHBLRHAR01,24,258,2,23,232,2,24,243
2026-04-22,17,FCHBLRHEB01,17,216,6,14,165,3,10,105
2026-04-22,17,FCHBLRHOO01,36,307,6,37,349,5,36,339
2026-04-22,17,FCHBLRHSAF01,18,201,7,15,191,6,14,168
2026-04-22,17,FCHBLRHSR01,40,344,5,39,363,6,37,265
2026-04-22,17,FCHBLRJPN01,37,354,7,39,415,7,38,393
2026-04-22,17,FCHBLRKOR01,50,411,6,50,459,6,50,422
2026-04-22,17,FCHBLRSJR01,43,363,6,43,421,6,47,470
2026-04-22,17,FCHBLRTHA01,15,174,2,15,168,4,15,172
2026-04-22,17,FCHBLRVAR01,16,138,5,23,207,4,21,193
2026-04-22,17,FCHBLRWHF01,36,259,4,35,254,5,34,239
2026-04-22,18,FCHBLRAECS01,27,284,4,34,341,3,30,278
2026-04-22,18,FCHBLRBEN01,36,419,5,35,393,5,34,378
2026-04-22,18,FCHBLRBHO01,18,149,1,20,162,1,20,162
2026-04-22,18,FCHBLRDOD01,23,296,5,24,298,5,25,332
2026-04-22,18,FCHBLRELC01,15,127,3,21,194,2,20,191
2026-04-22,18,FCHBLRHAR01,28,327,3,24,348,2,23,272
2026-04-22,18,FCHBLRHEB01,33,278,7,37,371,6,28,184
2026-04-22,18,FCHBLRHOO01,38,338,5,38,357,5,38,345
2026-04-22,18,FCHBLRHSAF01,23,224,5,23,199,5,23,193
2026-04-22,18,FCHBLRHSR01,42,425,5,38,457,5,33,296
2026-04-22,18,FCHBLRJPN01,49,437,6,39,336,7,40,344
2026-04-22,18,FCHBLRKOR01,56,450,3,50,391,4,50,427
2026-04-22,18,FCHBLRSJR01,52,509,8,49,468,7,46,447
2026-04-22,18,FCHBLRTHA01,15,132,4,16,143,5,16,147
2026-04-22,18,FCHBLRVAR01,27,254,5,24,238,5,25,233
2026-04-22,18,FCHBLRWHF01,46,398,4,46,378,5,46,400
2026-04-22,19,FCHBLRAECS01,29,282,4,23,193,2,23,197
2026-04-22,19,FCHBLRBEN01,33,272,4,34,349,4,35,331
2026-04-22,19,FCHBLRBHO01,24,220,1,22,208,1,22,208
2026-04-22,19,FCHBLRDOD01,25,256,5,27,282,4,27,277
2026-04-22,19,FCHBLRELC01,16,153,2,17,156,3,17,163
2026-04-22,19,FCHBLRHAR01,40,390,4,40,402,4,40,390
2026-04-22,19,FCHBLRHEB01,28,272,7,27,244,5,19,152
2026-04-22,19,FCHBLRHOO01,38,304,6,34,269,5,34,264
2026-04-22,19,FCHBLRHSAF01,14,195,5,16,277,3,15,185
2026-04-22,19,FCHBLRHSR01,41,381,3,44,365,3,43,334
2026-04-22,19,FCHBLRJPN01,37,370,5,42,427,5,43,443
2026-04-22,19,FCHBLRKOR01,51,459,5,50,479,3,46,417
2026-04-22,19,FCHBLRSJR01,41,405,7,38,337,6,41,402
2026-04-22,19,FCHBLRTHA01,17,163,5,17,169,4,17,163
2026-04-22,19,FCHBLRVAR01,20,169,5,22,223,3,22,209
2026-04-22,19,FCHBLRWHF01,42,341,5,44,359,5,45,372
2026-04-22,20,FCHBLRAECS01,28,250,6,25,240,5,25,271
2026-04-22,20,FCHBLRBEN01,22,168,4,23,222,2,22,171
2026-04-22,20,FCHBLRBHO01,25,179,1,26,182,1,26,182
2026-04-22,20,FCHBLRDOD01,20,180,6,21,232,5,20,177
2026-04-22,20,FCHBLRELC01,17,140,2,15,128,2,15,128
2026-04-22,20,FCHBLRHAR01,25,176,3,31,220,3,31,220
2026-04-22,20,FCHBLRHEB01,21,166,4,19,152,4,16,145
2026-04-22,20,FCHBLRHOO01,32,340,7,38,382,6,36,324
2026-04-22,20,FCHBLRHSAF01,16,147,5,16,149,6,16,153
2026-04-22,20,FCHBLRHSR01,40,269,3,42,308,3,41,281
2026-04-22,20,FCHBLRJPN01,32,338,5,38,361,6,38,357
2026-04-22,20,FCHBLRKOR01,37,298,5,45,360,5,43,352
2026-04-22,20,FCHBLRSJR01,45,440,6,36,342,6,36,340
2026-04-22,20,FCHBLRTHA01,17,148,3,17,148,4,17,151
2026-04-22,20,FCHBLRVAR01,13,132,4,12,102,4,11,86
2026-04-22,20,FCHBLRWHF01,26,264,4,25,271,4,26,280
2026-04-22,21,FCHBLRAECS01,26,201,6,32,267,5,28,248
2026-04-22,21,FCHBLRBEN01,22,190,1,22,188,1,22,188
2026-04-22,21,FCHBLRBHO01,20,148,1,20,147,2,20,162
2026-04-22,21,FCHBLRDOD01,8,68,3,8,68,4,9,96
2026-04-22,21,FCHBLRELC01,19,150,3,19,144,3,16,131
2026-04-22,21,FCHBLRHAR01,31,243,4,28,214,4,25,207
2026-04-22,21,FCHBLRHEB01,16,111,5,20,151,5,15,121
2026-04-22,21,FCHBLRHOO01,20,165,5,20,165,6,20,171
2026-04-22,21,FCHBLRHSAF01,11,77,5,11,92,6,11,96
2026-04-22,21,FCHBLRHSR01,30,201,3,29,168,3,27,157
2026-04-22,21,FCHBLRJPN01,25,198,5,23,221,5,23,221
2026-04-22,21,FCHBLRKOR01,25,218,6,24,204,5,22,161
2026-04-22,21,FCHBLRSJR01,25,233,3,34,353,2,32,305
2026-04-22,21,FCHBLRTHA01,10,83,2,10,83,3,10,83
2026-04-22,21,FCHBLRVAR01,15,106,4,17,163,2,16,123
2026-04-22,21,FCHBLRWHF01,22,153,4,23,160,5,23,162
2026-04-22,22,FCHBLRAECS01,9,83,4,12,71,4,11,62
2026-04-22,22,FCHBLRBEN01,12,83,1,13,83,1,13,83
2026-04-22,22,FCHBLRBHO01,8,60,1,9,70,2,8,81
2026-04-22,22,FCHBLRDOD01,9,85,3,8,66,3,8,66
2026-04-22,22,FCHBLRELC01,7,36,3,9,51,4,9,57
2026-04-22,22,FCHBLRHAR01,16,155,3,19,176,2,20,182
2026-04-22,22,FCHBLRHEB01,8,67,2,8,67,2,8,67
2026-04-22,22,FCHBLRHOO01,19,176,4,19,176,4,19,176
2026-04-22,22,FCHBLRHSAF01,9,67,4,10,72,5,10,76
2026-04-22,22,FCHBLRHSR01,18,168,3,18,196,3,19,200
2026-04-22,22,FCHBLRJPN01,11,118,5,15,143,5,15,143
2026-04-22,22,FCHBLRKOR01,15,79,5,18,137,4,20,138
2026-04-22,22,FCHBLRSJR01,22,180,3,26,196,2,25,187
2026-04-22,22,FCHBLRTHA01,5,39,3,5,39,4,5,43
2026-04-22,22,FCHBLRVAR01,10,85,3,10,85,2,10,85
2026-04-22,22,FCHBLRWHF01,15,106,3,15,106,4,15,114
2026-04-22,23,FCHBLRAECS01,7,54,3,8,85,2,9,100
2026-04-22,23,FCHBLRBEN01,8,48,2,9,58,2,9,58
2026-04-22,23,FCHBLRBHO01,3,32,1,3,32,1,4,37
2026-04-22,23,FCHBLRDOD01,6,41,2,7,60,2,7,60
2026-04-22,23,FCHBLRELC01,3,31,2,3,31,3,3,38
2026-04-22,23,FCHBLRHAR01,4,35,1,5,49,1,5,49
2026-04-22,23,FCHBLRHEB01,2,19,1,2,19,1,2,19
2026-04-22,23,FCHBLRHOO01,5,58,1,5,58,1,5,58
2026-04-22,23,FCHBLRHSAF01,2,15,1,1,2,1,1,2
2026-04-22,23,FCHBLRHSR01,18,168,3,21,186,3,21,186
2026-04-22,23,FCHBLRJPN01,16,109,3,15,102,3,14,62
2026-04-22,23,FCHBLRKOR01,6,53,3,6,53,3,6,53
2026-04-22,23,FCHBLRSJR01,10,58,4,8,37,4,9,50
2026-04-22,23,FCHBLRTHA01,3,22,2,3,22,1,3,22
2026-04-22,23,FCHBLRVAR01,5,61,3,4,47,2,3,40
2026-04-22,23,FCHBLRWHF01,5,28,2,5,28,2,5,28
2026-04-21,0,FCHBLRDOD01,0,0,1,1,9,1,1,9
2026-04-21,0,FCHBLRHSR01,0,0,1,1,14,1,1,14
2026-04-21,0,FCHBLRKOR01,0,0,1,1,3,0,0,0
2026-04-21,6,FCHBLRAECS01,18,132,4,17,125,4,15,108
2026-04-21,6,FCHBLRBEN01,21,188,5,16,166,2,6,33
2026-04-21,6,FCHBLRBHO01,11,169,5,10,162,4,10,162
2026-04-21,6,FCHBLRDOD01,8,89,3,8,89,3,8,89
2026-04-21,6,FCHBLRELC01,8,51,4,8,70,5,8,51
2026-04-21,6,FCHBLRHAR01,16,134,3,15,124,3,10,78
2026-04-21,6,FCHBLRHEB01,18,134,6,17,123,6,16,120
2026-04-21,6,FCHBLRHOO01,24,204,6,21,135,4,9,55
2026-04-21,6,FCHBLRHSAF01,16,141,4,16,139,4,14,133
2026-04-21,6,FCHBLRHSR01,25,186,5,22,159,5,22,184
2026-04-21,6,FCHBLRJPN01,26,301,5,20,207,4,18,195
2026-04-21,6,FCHBLRKOR01,31,288,5,28,301,4,21,168
2026-04-21,6,FCHBLRSJR01,28,275,3,11,102,3,17,181
2026-04-21,6,FCHBLRTHA01,3,56,3,3,56,2,3,56
2026-04-21,6,FCHBLRVAR01,14,97,4,14,97,5,14,99
2026-04-21,6,FCHBLRWHF01,18,158,4,18,158,5,18,164
2026-04-21,7,FCHBLRAECS01,29,275,6,23,224,6,22,209
2026-04-21,7,FCHBLRBEN01,46,414,5,48,443,3,10,29
2026-04-21,7,FCHBLRBHO01,32,328,3,28,276,4,27,288
2026-04-21,7,FCHBLRDOD01,37,308,6,36,308,6,36,323
2026-04-21,7,FCHBLRELC01,17,143,4,15,116,5,15,118
2026-04-21,7,FCHBLRHAR01,40,299,5,35,278,5,29,222
2026-04-21,7,FCHBLRHEB01,41,377,7,37,364,6,36,341
2026-04-21,7,FCHBLRHOO01,45,384,6,45,340,5,15,79
2026-04-21,7,FCHBLRHSAF01,30,265,8,29,281,5,30,267
2026-04-21,7,FCHBLRHSR01,34,356,4,35,373,4,34,337
2026-04-21,7,FCHBLRJPN01,62,655,6,46,586,4,46,506
2026-04-21,7,FCHBLRKOR01,45,355,6,43,345,4,41,319
2026-04-21,7,FCHBLRSJR01,46,391,10,45,407,10,49,409
2026-04-21,7,FCHBLRTHA01,14,123,2,14,123,2,14,123
2026-04-21,7,FCHBLRVAR01,23,221,4,23,221,5,22,223
2026-04-21,7,FCHBLRWHF01,50,489,5,47,469,6,46,476
2026-04-21,8,FCHBLRAECS01,29,232,5,29,248,6,30,267
2026-04-21,8,FCHBLRBEN01,45,475,4,45,578,1,2,6
2026-04-21,8,FCHBLRBHO01,35,258,3,39,307,4,40,314
2026-04-21,8,FCHBLRDOD01,33,369,6,32,349,6,31,344
2026-04-21,8,FCHBLRELC01,35,301,4,30,314,3,30,292
2026-04-21,8,FCHBLRHAR01,48,450,4,49,421,5,30,185
2026-04-21,8,FCHBLRHEB01,41,506,7,35,417,6,34,384
2026-04-21,8,FCHBLRHOO01,54,539,6,51,500,6,44,417
2026-04-21,8,FCHBLRHSAF01,37,477,5,28,443,5,26,341
2026-04-21,8,FCHBLRHSR01,66,501,5,65,522,5,64,543
2026-04-21,8,FCHBLRJPN01,73,712,8,52,558,7,53,526
2026-04-21,8,FCHBLRKOR01,83,857,6,68,656,5,67,649
2026-04-21,8,FCHBLRSJR01,61,609,8,54,557,8,54,562
2026-04-21,8,FCHBLRTHA01,29,253,3,29,253,4,29,267
2026-04-21,8,FCHBLRVAR01,43,479,5,40,479,5,38,425
2026-04-21,8,FCHBLRWHF01,58,558,5,58,560,7,60,584
2026-04-21,9,FCHBLRAECS01,39,287,5,40,313,5,38,284
2026-04-21,9,FCHBLRBEN01,38,407,4,36,454,4,30,282
2026-04-21,9,FCHBLRBHO01,38,349,3,37,337,4,37,339
2026-04-21,9,FCHBLRDOD01,31,320,5,31,368,6,32,369
2026-04-21,9,FCHBLRELC01,20,178,3,24,203,4,24,214
2026-04-21,9,FCHBLRHAR01,33,312,5,35,380,4,30,287
2026-04-21,9,FCHBLRHEB01,44,405,4,45,416,4,45,416
2026-04-21,9,FCHBLRHOO01,42,370,6,45,388,6,43,385
2026-04-21,9,FCHBLRHSAF01,30,280,5,38,408,6,38,372
2026-04-21,9,FCHBLRHSR01,49,396,5,44,375,5,46,394
2026-04-21,9,FCHBLRJPN01,50,472,6,53,534,5,51,505
2026-04-21,9,FCHBLRKOR01,64,548,4,63,611,5,63,598
2026-04-21,9,FCHBLRSJR01,62,591,8,61,606,8,60,555
2026-04-21,9,FCHBLRTHA01,24,194,3,23,181,4,23,184
2026-04-21,9,FCHBLRVAR01,31,313,4,32,302,4,35,345
2026-04-21,9,FCHBLRWHF01,43,464,5,42,451,5,42,451
2026-04-21,10,FCHBLRAECS01,32,365,5,29,392,4,31,369
2026-04-21,10,FCHBLRBEN01,31,315,2,33,452,1,31,341
2026-04-21,10,FCHBLRBHO01,24,171,3,24,179,4,24,190
2026-04-21,10,FCHBLRDOD01,27,306,5,26,285,4,26,264
2026-04-21,10,FCHBLRELC01,17,179,3,16,166,4,15,156
2026-04-21,10,FCHBLRHAR01,29,289,5,28,274,3,26,249
2026-04-21,10,FCHBLRHEB01,34,354,5,41,451,5,41,437
2026-04-21,10,FCHBLRHOO01,31,295,6,31,296,5,26,246
2026-04-21,10,FCHBLRHSAF01,29,280,3,27,250,4,29,296
2026-04-21,10,FCHBLRHSR01,38,274,5,42,298,5,41,286
2026-04-21,10,FCHBLRJPN01,32,316,9,67,655,10,68,664
2026-04-21,10,FCHBLRKOR01,49,432,4,66,574,5,67,611
2026-04-21,10,FCHBLRSJR01,61,674,8,56,621,8,55,593
2026-04-21,10,FCHBLRTHA01,15,140,3,15,143,4,15,168
2026-04-21,10,FCHBLRVAR01,24,261,4,25,312,3,25,289
2026-04-21,10,FCHBLRWHF01,45,429,5,40,397,6,39,390
2026-04-21,11,FCHBLRAECS01,22,192,5,24,241,4,24,210
2026-04-21,11,FCHBLRBEN01,26,267,2,27,316,2,28,293
2026-04-21,11,FCHBLRBHO01,15,153,3,16,166,4,16,170
2026-04-21,11,FCHBLRDOD01,19,196,3,21,245,3,21,245
2026-04-21,11,FCHBLRELC01,23,199,5,25,230,5,22,219
2026-04-21,11,FCHBLRHAR01,20,166,5,20,177,4,19,163
2026-04-21,11,FCHBLRHEB01,27,227,5,27,263,6,26,260
2026-04-21,11,FCHBLRHOO01,34,335,5,29,276,5,29,276
2026-04-21,11,FCHBLRHSAF01,24,292,5,21,238,5,19,188
2026-04-21,11,FCHBLRHSR01,36,280,4,35,280,4,36,290
2026-04-21,11,FCHBLRJPN01,49,462,10,45,452,9,45,445
2026-04-21,11,FCHBLRKOR01,47,391,6,47,410,6,46,420
2026-04-21,11,FCHBLRSJR01,32,373,7,33,348,6,33,324
2026-04-21,11,FCHBLRTHA01,16,150,3,17,160,3,17,160
2026-04-21,11,FCHBLRVAR01,20,199,4,20,218,3,19,176
2026-04-21,11,FCHBLRWHF01,41,410,5,45,464,5,45,460
2026-04-21,12,FCHBLRAECS01,26,209,5,25,212,5,24,197
2026-04-21,12,FCHBLRBEN01,25,203,2,24,216,2,24,232
2026-04-21,12,FCHBLRBHO01,20,166,3,20,166,4,20,171
2026-04-21,12,FCHBLRDOD01,26,293,5,25,294,5,25,295
2026-04-21,12,FCHBLRELC01,20,218,5,19,204,5,14,112
2026-04-21,12,FCHBLRHAR01,23,221,4,21,179,4,14,116
2026-04-21,12,FCHBLRHEB01,24,296,5,23,268,4,22,225
2026-04-21,12,FCHBLRHOO01,18,175,5,23,228,5,23,228
2026-04-21,12,FCHBLRHSAF01,20,229,5,23,314,5,25,362
2026-04-21,12,FCHBLRHSR01,30,277,6,32,301,5,30,278
2026-04-21,12,FCHBLRJPN01,41,463,8,42,477,7,43,478
2026-04-21,12,FCHBLRKOR01,41,363,5,43,374,5,43,369
2026-04-21,12,FCHBLRSJR01,37,413,7,33,401,6,33,419
2026-04-21,12,FCHBLRTHA01,16,177,3,14,127,4,14,135
2026-04-21,12,FCHBLRVAR01,14,115,3,13,77,4,14,99
2026-04-21,12,FCHBLRWHF01,28,275,5,29,269,6,30,295
2026-04-21,13,FCHBLRAECS01,22,215,3,21,208,3,22,213
2026-04-21,13,FCHBLRBEN01,17,114,3,17,125,2,17,120
2026-04-21,13,FCHBLRBHO01,14,140,3,13,123,4,13,134
2026-04-21,13,FCHBLRDOD01,12,173,3,12,169,5,12,173
2026-04-21,13,FCHBLRELC01,16,178,5,14,134,4,13,115
2026-04-21,13,FCHBLRHAR01,26,240,5,25,243,3,23,182
2026-04-21,13,FCHBLRHEB01,20,243,5,21,270,7,22,290
2026-04-21,13,FCHBLRHOO01,22,197,6,20,196,5,20,192
2026-04-21,13,FCHBLRHSAF01,16,173,4,18,176,3,18,165
2026-04-21,13,FCHBLRHSR01,31,207,4,30,209,4,31,222
2026-04-21,13,FCHBLRJPN01,35,318,8,39,373,6,39,363
2026-04-21,13,FCHBLRKOR01,37,339,5,35,333,5,35,330
2026-04-21,13,FCHBLRSJR01,24,295,9,23,228,8,24,251
2026-04-21,13,FCHBLRTHA01,11,111,4,12,186,3,11,142
2026-04-21,13,FCHBLRVAR01,14,167,4,15,204,4,14,195
2026-04-21,13,FCHBLRWHF01,17,141,7,18,166,7,18,155
2026-04-21,14,FCHBLRAECS01,19,131,3,20,126,2,16,92
2026-04-21,14,FCHBLRBEN01,13,123,4,14,145,3,13,119
2026-04-21,14,FCHBLRBHO01,13,89,4,13,95,5,13,108
2026-04-21,14,FCHBLRDOD01,18,174,5,18,182,6,17,180
2026-04-21,14,FCHBLRELC01,9,88,4,10,110,3,6,61
2026-04-21,14,FCHBLRHAR01,9,117,3,11,122,4,10,143
2026-04-21,14,FCHBLRHEB01,22,175,5,23,176,5,22,180
2026-04-21,14,FCHBLRHOO01,16,159,6,14,147,6,14,123
2026-04-21,14,FCHBLRHSAF01,7,68,3,7,70,2,5,59
2026-04-21,14,FCHBLRHSR01,10,63,2,11,65,3,11,71
2026-04-21,14,FCHBLRJPN01,30,262,8,28,254,8,29,256
2026-04-21,14,FCHBLRKOR01,23,233,6,23,255,6,24,256
2026-04-21,14,FCHBLRSJR01,24,259,6,18,205,5,18,206
2026-04-21,14,FCHBLRTHA01,14,122,3,14,108,4,15,119
2026-04-21,14,FCHBLRVAR01,9,78,5,7,94,4,8,79
2026-04-21,14,FCHBLRWHF01,15,142,5,14,125,4,14,125
2026-04-21,15,FCHBLRAECS01,14,124,2,11,84,2,11,84
2026-04-21,15,FCHBLRBEN01,12,138,5,11,128,5,10,127
2026-04-21,15,FCHBLRBHO01,11,93,3,12,104,4,12,116
2026-04-21,15,FCHBLRDOD01,13,160,4,14,192,3,15,175
2026-04-21,15,FCHBLRELC01,11,92,3,10,75,3,10,86
2026-04-21,15,FCHBLRHAR01,20,187,5,18,179,4,11,107
2026-04-21,15,FCHBLRHEB01,17,162,5,16,167,5,14,136
2026-04-21,15,FCHBLRHOO01,21,220,5,24,238,5,24,238
2026-04-21,15,FCHBLRHSAF01,26,205,4,24,200,4,25,192
2026-04-21,15,FCHBLRHSR01,21,165,4,20,149,4,20,149
2026-04-21,15,FCHBLRJPN01,25,237,7,23,214,5,24,236
2026-04-21,15,FCHBLRKOR01,43,342,6,40,358,5,38,298
2026-04-21,15,FCHBLRSJR01,22,213,7,21,209,6,22,202
2026-04-21,15,FCHBLRTHA01,4,36,4,5,70,4,5,58
2026-04-21,15,FCHBLRVAR01,5,45,2,6,51,2,6,51
2026-04-21,15,FCHBLRWHF01,17,177,5,18,194,6,17,187
2026-04-21,16,FCHBLRAECS01,20,144,5,19,139,5,19,144
2026-04-21,16,FCHBLRBEN01,13,79,4,14,100,4,14,89
2026-04-21,16,FCHBLRBHO01,11,113,2,10,105,3,10,112
2026-04-21,16,FCHBLRDOD01,15,166,4,14,161,5,14,177
2026-04-21,16,FCHBLRELC01,16,144,6,16,144,6,14,131
2026-04-21,16,FCHBLRHAR01,30,243,4,27,198,4,25,170
2026-04-21,16,FCHBLRHEB01,33,378,5,28,292,5,23,289
2026-04-21,16,FCHBLRHOO01,23,209,5,22,238,5,21,207
2026-04-21,16,FCHBLRHSAF01,19,165,6,18,182,4,19,166
2026-04-21,16,FCHBLRHSR01,26,213,4,25,237,5,24,199
2026-04-21,16,FCHBLRJPN01,27,257,7,27,266,6,27,256
2026-04-21,16,FCHBLRKOR01,38,278,4,38,299,4,40,318
2026-04-21,16,FCHBLRSJR01,54,498,8,34,261,9,36,328
2026-04-21,16,FCHBLRTHA01,13,160,4,12,154,4,12,154
2026-04-21,16,FCHBLRVAR01,20,195,3,19,160,2,18,143
2026-04-21,16,FCHBLRWHF01,23,292,5,20,247,5,20,243
2026-04-21,17,FCHBLRAECS01,33,255,4,21,136,3,7,52
2026-04-21,17,FCHBLRBEN01,26,242,3,23,189,4,23,193
2026-04-21,17,FCHBLRBHO01,24,153,4,24,172,4,23,154
2026-04-21,17,FCHBLRDOD01,30,288,5,29,286,5,29,287
2026-04-21,17,FCHBLRELC01,15,159,2,15,142,4,15,160
2026-04-21,17,FCHBLRHAR01,24,190,4,26,228,5,21,161
2026-04-21,17,FCHBLRHEB01,38,384,6,41,439,6,33,337
2026-04-21,17,FCHBLRHOO01,30,227,5,31,259,5,30,255
2026-04-21,17,FCHBLRHSAF01,18,160,4,20,176,4,20,176
2026-04-21,17,FCHBLRHSR01,46,346,5,47,424,5,45,297
2026-04-21,17,FCHBLRJPN01,40,345,5,36,308,4,37,304
2026-04-21,17,FCHBLRKOR01,40,351,5,42,367,5,42,380
2026-04-21,17,FCHBLRSJR01,48,489,6,35,304,6,36,262
2026-04-21,17,FCHBLRTHA01,20,138,3,21,144,4,21,147
2026-04-21,17,FCHBLRVAR01,22,175,3,22,210,3,22,216
2026-04-21,17,FCHBLRWHF01,31,231,4,33,265,4,34,279
2026-04-21,18,FCHBLRAECS01,39,234,4,18,76,1,1,6
2026-04-21,18,FCHBLRBEN01,27,281,4,19,191,2,12,96
2026-04-21,18,FCHBLRBHO01,21,133,3,20,124,4,20,135
2026-04-21,18,FCHBLRDOD01,27,266,6,26,272,5,26,308
2026-04-21,18,FCHBLRELC01,21,137,3,23,184,4,23,202
2026-04-21,18,FCHBLRHAR01,34,299,5,29,250,5,22,174
2026-04-21,18,FCHBLRHEB01,29,216,6,29,220,4,24,166
2026-04-21,18,FCHBLRHOO01,41,422,6,36,339,7,35,319
2026-04-21,18,FCHBLRHSAF01,11,92,2,11,92,3,11,94
2026-04-21,18,FCHBLRHSR01,38,357,5,38,369,5,40,430
2026-04-21,18,FCHBLRJPN01,44,390,7,39,330,7,38,323
2026-04-21,18,FCHBLRKOR01,48,487,5,47,502,5,46,484
2026-04-21,18,FCHBLRSJR01,58,518,7,43,477,6,39,432
2026-04-21,18,FCHBLRTHA01,21,201,4,20,189,5,20,194
2026-04-21,18,FCHBLRVAR01,25,221,5,20,166,4,21,185
2026-04-21,18,FCHBLRWHF01,47,371,3,46,368,4,46,374
2026-04-21,19,FCHBLRAECS01,33,219,4,33,143,3,6,36
2026-04-21,19,FCHBLRBEN01,32,285,4,40,383,4,17,86
2026-04-21,19,FCHBLRBHO01,26,202,3,28,217,3,29,224
2026-04-21,19,FCHBLRDOD01,39,348,5,37,330,5,37,347
2026-04-21,19,FCHBLRELC01,21,208,3,18,167,2,18,167
2026-04-21,19,FCHBLRHAR01,27,223,4,32,268,4,26,183
2026-04-21,19,FCHBLRHEB01,39,267,5,33,223,4,30,194
2026-04-21,19,FCHBLRHOO01,41,369,5,41,399,7,40,346
2026-04-21,19,FCHBLRHSAF01,23,208,5,23,204,5,22,208
2026-04-21,19,FCHBLRHSR01,39,346,5,36,333,6,34,260
2026-04-21,19,FCHBLRJPN01,45,377,5,52,450,5,52,438
2026-04-21,19,FCHBLRKOR01,52,535,5,51,534,5,51,537
2026-04-21,19,FCHBLRSJR01,63,545,9,63,556,9,62,553
2026-04-21,19,FCHBLRTHA01,16,145,3,16,142,3,16,142
2026-04-21,19,FCHBLRVAR01,16,127,3,22,184,4,22,200
2026-04-21,19,FCHBLRWHF01,49,423,3,48,418,4,46,386
2026-04-21,20,FCHBLRAECS01,20,154,4,19,111,3,6,36
2026-04-21,20,FCHBLRBEN01,28,247,5,30,287,2,16,94
2026-04-21,20,FCHBLRBHO01,21,192,3,19,174,4,18,157
2026-04-21,20,FCHBLRDOD01,26,228,6,28,266,5,28,267
2026-04-21,20,FCHBLRELC01,23,203,3,26,244,4,22,176
2026-04-21,20,FCHBLRHAR01,30,262,5,30,265,3,27,204
2026-04-21,20,FCHBLRHEB01,21,165,3,24,178,4,24,180
2026-04-21,20,FCHBLRHOO01,34,297,6,37,304,7,34,276
2026-04-21,20,FCHBLRHSAF01,23,187,3,22,177,3,21,177
2026-04-21,20,FCHBLRHSR01,38,309,5,37,294,6,37,279
2026-04-21,20,FCHBLRJPN01,41,339,5,43,378,4,43,375
2026-04-21,20,FCHBLRKOR01,52,402,3,50,402,5,51,427
2026-04-21,20,FCHBLRSJR01,49,462,7,43,399,7,44,428
2026-04-21,20,FCHBLRTHA01,12,116,2,13,129,2,13,129
2026-04-21,20,FCHBLRVAR01,18,180,3,16,136,4,15,133
2026-04-21,20,FCHBLRWHF01,27,268,3,28,254,3,30,286
2026-04-21,21,FCHBLRAECS01,17,104,4,25,143,3,8,39
2026-04-21,21,FCHBLRBEN01,30,240,3,31,250,4,12,49
2026-04-21,21,FCHBLRBHO01,16,101,3,17,115,4,18,145
2026-04-21,21,FCHBLRDOD01,17,174,4,19,194,6,19,211
2026-04-21,21,FCHBLRELC01,27,262,4,26,258,4,21,139
2026-04-21,21,FCHBLRHAR01,27,200,4,23,171,4,22,171
2026-04-21,21,FCHBLRHEB01,27,168,4,30,200,5,28,184
2026-04-21,21,FCHBLRHOO01,25,225,7,24,246,6,18,152
2026-04-21,21,FCHBLRHSAF01,19,135,2,17,118,3,19,128
2026-04-21,21,FCHBLRHSR01,29,248,5,33,304,5,32,216
2026-04-21,21,FCHBLRJPN01,38,383,4,37,363,4,38,381
2026-04-21,21,FCHBLRKOR01,38,229,5,42,271,5,43,302
2026-04-21,21,FCHBLRSJR01,21,166,3,21,153,4,23,178
2026-04-21,21,FCHBLRTHA01,15,104,2,15,104,3,15,120
2026-04-21,21,FCHBLRVAR01,17,207,4,19,245,4,16,183
2026-04-21,21,FCHBLRWHF01,17,125,2,19,158,2,19,158
2026-04-21,22,FCHBLRAECS01,16,107,4,15,80,3,11,56
2026-04-21,22,FCHBLRBEN01,14,157,4,13,151,2,6,32
2026-04-21,22,FCHBLRBHO01,9,93,2,10,97,2,10,97
2026-04-21,22,FCHBLRDOD01,16,112,3,16,112,4,16,127
2026-04-21,22,FCHBLRELC01,8,58,4,8,55,3,6,45
2026-04-21,22,FCHBLRHAR01,13,108,5,18,162,3,16,107
2026-04-21,22,FCHBLRHEB01,16,130,3,15,100,4,15,101
2026-04-21,22,FCHBLRHOO01,18,159,4,18,151,4,18,151
2026-04-21,22,FCHBLRHSAF01,9,102,4,11,132,3,11,119
2026-04-21,22,FCHBLRHSR01,20,138,5,21,144,4,20,136
2026-04-21,22,FCHBLRJPN01,5,41,3,8,69,3,8,69
2026-04-21,22,FCHBLRKOR01,21,183,5,22,180,4,21,176
2026-04-21,22,FCHBLRSJR01,25,197,6,19,129,6,22,170
2026-04-21,22,FCHBLRTHA01,2,17,1,1,6,1,1,6
2026-04-21,22,FCHBLRVAR01,10,101,5,9,77,4,7,57
2026-04-21,22,FCHBLRWHF01,12,109,4,11,104,3,11,104
2026-04-21,23,FCHBLRAECS01,6,18,2,6,30,2,6,30
2026-04-21,23,FCHBLRBEN01,6,33,3,7,44,2,6,41
2026-04-21,23,FCHBLRBHO01,3,24,2,3,24,2,3,24
2026-04-21,23,FCHBLRDOD01,9,86,3,8,81,3,8,81
2026-04-21,23,FCHBLRELC01,1,1,0,0,0,0,0,0
2026-04-21,23,FCHBLRHAR01,2,18,2,2,18,2,2,18
2026-04-21,23,FCHBLRHEB01,4,47,2,4,72,1,2,24
2026-04-21,23,FCHBLRHOO01,4,25,2,5,42,2,5,42
2026-04-21,23,FCHBLRHSAF01,3,12,1,3,12,1,3,12
2026-04-21,23,FCHBLRHSR01,9,72,4,9,72,5,9,76
2026-04-21,23,FCHBLRJPN01,7,39,4,6,39,4,6,39
2026-04-21,23,FCHBLRKOR01,5,65,3,5,65,3,5,56
2026-04-21,23,FCHBLRSJR01,11,120,2,6,39,2,6,46
2026-04-21,23,FCHBLRTHA01,0,0,1,1,11,1,1,11
2026-04-21,23,FCHBLRVAR01,8,82,4,9,103,3,8,82
2026-04-21,23,FCHBLRWHF01,7,30,2,8,35,1,7,29
2026-04-20,0,FCHBLRAECS01,0,0,1,1,1,0,0,0
2026-04-20,0,FCHBLRELC01,1,8,0,0,0,0,0,0
2026-04-20,0,FCHBLRHAR01,0,0,0,0,0,1,1,11
2026-04-20,0,FCHBLRHSR01,0,0,1,1,6,1,1,3
2026-04-20,0,FCHBLRKOR01,1,8,0,0,0,0,0,0
2026-04-20,6,FCHBLRAECS01,12,117,4,12,114,5,7,31
2026-04-20,6,FCHBLRBEN01,17,124,5,12,82,4,5,25
2026-04-20,6,FCHBLRBHO01,11,80,4,9,73,5,9,82
2026-04-20,6,FCHBLRDOD01,9,76,6,9,82,5,8,66
2026-04-20,6,FCHBLRELC01,9,71,1,4,35,2,2,16
2026-04-20,6,FCHBLRHAR01,19,240,3,10,102,3,5,30
2026-04-20,6,FCHBLRHEB01,14,99,4,13,93,4,13,96
2026-04-20,6,FCHBLRHOO01,25,206,7,24,163,5,9,47
2026-04-20,6,FCHBLRHSAF01,10,101,4,9,91,5,8,77
2026-04-20,6,FCHBLRHSR01,15,126,3,13,119,3,13,119
2026-04-20,6,FCHBLRJPN01,28,307,9,25,262,8,24,257
2026-04-20,6,FCHBLRKOR01,23,253,2,20,225,3,19,197
2026-04-20,6,FCHBLRSJR01,22,170,5,13,102,5,10,65
2026-04-20,6,FCHBLRTHA01,8,96,4,8,120,3,8,96
2026-04-20,6,FCHBLRVAR01,7,50,5,7,58,2,7,50
2026-04-20,6,FCHBLRWHF01,16,203,6,15,191,6,14,192
2026-04-20,7,FCHBLRAECS01,43,424,6,42,382,3,4,19
2026-04-20,7,FCHBLRBEN01,37,335,6,41,353,4,10,37
2026-04-20,7,FCHBLRBHO01,22,202,6,23,209,6,23,220
2026-04-20,7,FCHBLRDOD01,28,302,4,26,333,5,26,292
2026-04-20,7,FCHBLRELC01,23,220,6,27,256,5,18,158
2026-04-20,7,FCHBLRHAR01,31,317,5,32,369,5,20,180
2026-04-20,7,FCHBLRHEB01,33,319,6,32,311,6,31,307
2026-04-20,7,FCHBLRHOO01,52,538,6,48,365,4,15,98
2026-04-20,7,FCHBLRHSAF01,22,243,6,21,213,6,17,127
2026-04-20,7,FCHBLRHSR01,29,260,4,31,267,5,30,265
2026-04-20,7,FCHBLRJPN01,60,653,7,39,383,5,28,264
2026-04-20,7,FCHBLRKOR01,58,517,6,54,492,4,36,284
2026-04-20,7,FCHBLRSJR01,69,802,10,49,629,11,48,576
2026-04-20,7,FCHBLRTHA01,19,172,4,19,172,4,19,184
2026-04-20,7,FCHBLRVAR01,23,268,4,18,188,4,10,116
2026-04-20,7,FCHBLRWHF01,38,389,5,38,393,6,38,447
2026-04-20,8,FCHBLRAECS01,32,362,6,29,274,1,1,3
2026-04-20,8,FCHBLRBEN01,50,535,5,45,599,2,9,46
2026-04-20,8,FCHBLRBHO01,39,385,4,36,352,5,35,354
2026-04-20,8,FCHBLRDOD01,34,327,7,34,317,8,32,302
2026-04-20,8,FCHBLRELC01,24,236,5,21,210,5,21,220
2026-04-20,8,FCHBLRHAR01,50,511,5,46,559,4,23,137
2026-04-20,8,FCHBLRHEB01,41,392,6,37,355,6,35,340
2026-04-20,8,FCHBLRHOO01,45,476,6,43,316,4,9,51
2026-04-20,8,FCHBLRHSAF01,28,273,6,25,259,6,22,228
2026-04-20,8,FCHBLRHSR01,46,394,5,45,400,5,45,389
2026-04-20,8,FCHBLRJPN01,72,783,6,48,217,3,4,11
2026-04-20,8,FCHBLRKOR01,59,723,6,62,731,6,44,359
2026-04-20,8,FCHBLRSJR01,66,788,10,60,687,10,66,727
2026-04-20,8,FCHBLRTHA01,20,237,3,16,154,3,16,154
2026-04-20,8,FCHBLRVAR01,35,328,6,39,364,5,30,265
2026-04-20,8,FCHBLRWHF01,50,595,6,44,474,7,44,471
2026-04-20,9,FCHBLRAECS01,27,216,6,26,180,3,3,11
2026-04-20,9,FCHBLRBEN01,42,399,6,46,588,5,8,40
2026-04-20,9,FCHBLRBHO01,41,367,3,42,390,4,42,411
2026-04-20,9,FCHBLRDOD01,30,363,7,31,388,6,33,408
2026-04-20,9,FCHBLRELC01,18,224,6,20,227,5,15,144
2026-04-20,9,FCHBLRHAR01,46,524,6,50,536,5,14,73
2026-04-20,9,FCHBLRHEB01,37,317,6,39,327,5,37,313
2026-04-20,9,FCHBLRHOO01,49,498,6,42,347,3,8,45
2026-04-20,9,FCHBLRHSAF01,30,282,6,28,290,6,18,182
2026-04-20,9,FCHBLRHSR01,52,529,7,47,536,6,42,411
2026-04-20,9,FCHBLRJPN01,49,506,5,54,360,4,16,74
2026-04-20,9,FCHBLRKOR01,74,742,6,71,751,5,55,462
2026-04-20,9,FCHBLRSJR01,66,709,12,61,750,11,61,682
2026-04-20,9,FCHBLRTHA01,26,314,5,30,428,6,29,401
2026-04-20,9,FCHBLRVAR01,31,349,5,30,396,5,30,352
2026-04-20,9,FCHBLRWHF01,44,447,7,51,575,7,52,598
2026-04-20,10,FCHBLRAECS01,31,316,4,24,133,0,0,0
2026-04-20,10,FCHBLRBEN01,39,379,5,37,425,3,12,67
2026-04-20,10,FCHBLRBHO01,24,226,1,26,236,2,26,255
2026-04-20,10,FCHBLRDOD01,33,383,6,29,332,6,28,319
2026-04-20,10,FCHBLRELC01,24,256,6,24,287,6,17,152
2026-04-20,10,FCHBLRHAR01,31,274,6,34,329,6,27,204
2026-04-20,10,FCHBLRHEB01,38,389,6,38,385,6,38,374
2026-04-20,10,FCHBLRHOO01,39,304,5,36,182,4,10,60
2026-04-20,10,FCHBLRHSAF01,26,261,6,24,277,5,19,164
2026-04-20,10,FCHBLRHSR01,52,508,6,51,478,4,50,422
2026-04-20,10,FCHBLRJPN01,63,571,6,62,550,5,49,359
2026-04-20,10,FCHBLRKOR01,53,552,6,50,573,5,44,450
2026-04-20,10,FCHBLRSJR01,46,570,10,33,396,10,33,374
2026-04-20,10,FCHBLRTHA01,16,181,4,16,181,4,15,149
2026-04-20,10,FCHBLRVAR01,24,282,4,24,305,3,25,301
2026-04-20,10,FCHBLRWHF01,44,414,6,41,390,6,40,381
2026-04-20,11,FCHBLRAECS01,24,228,4,17,82,2,1,6
2026-04-20,11,FCHBLRBEN01,28,271,5,30,359,5,14,89
2026-04-20,11,FCHBLRBHO01,18,203,3,16,196,4,15,181
2026-04-20,11,FCHBLRDOD01,25,320,7,27,336,8,25,336
2026-04-20,11,FCHBLRELC01,20,219,6,21,269,6,21,231
2026-04-20,11,FCHBLRHAR01,23,205,5,20,179,6,14,100
2026-04-20,11,FCHBLRHEB01,24,177,6,26,205,5,25,206
2026-04-20,11,FCHBLRHOO01,42,491,7,39,354,3,7,55
2026-04-20,11,FCHBLRHSAF01,20,240,5,23,270,4,13,116
2026-04-20,11,FCHBLRHSR01,32,291,6,32,313,5,30,242
2026-04-20,11,FCHBLRJPN01,35,340,6,36,305,5,30,250
2026-04-20,11,FCHBLRKOR01,70,734,5,63,649,5,50,369
2026-04-20,11,FCHBLRSJR01,39,431,8,31,308,8,33,339
2026-04-20,11,FCHBLRTHA01,13,122,3,13,122,3,14,154
2026-04-20,11,FCHBLRVAR01,22,215,3,20,206,4,20,204
2026-04-20,11,FCHBLRWHF01,36,361,6,36,350,6,34,345
2026-04-20,12,FCHBLRAECS01,22,259,2,16,80,1,1,7
2026-04-20,12,FCHBLRBEN01,38,413,5,39,494,2,4,11
2026-04-20,12,FCHBLRBHO01,9,135,3,6,73,4,7,94
2026-04-20,12,FCHBLRDOD01,14,212,6,15,225,6,18,253
2026-04-20,12,FCHBLRELC01,14,158,5,14,155,5,11,119
2026-04-20,12,FCHBLRHAR01,22,223,6,24,252,4,11,82
2026-04-20,12,FCHBLRHEB01,22,254,5,22,257,5,24,277
2026-04-20,12,FCHBLRHOO01,37,328,5,32,249,4,13,96
2026-04-20,12,FCHBLRHSAF01,22,261,5,17,150,5,14,114
2026-04-20,12,FCHBLRHSR01,30,272,6,35,340,5,30,219
2026-04-20,12,FCHBLRJPN01,46,470,6,47,499,5,28,199
2026-04-20,12,FCHBLRKOR01,41,398,6,43,396,5,37,329
2026-04-20,12,FCHBLRSJR01,37,400,9,31,330,9,33,336
2026-04-20,12,FCHBLRTHA01,8,81,3,7,58,3,7,58
2026-04-20,12,FCHBLRVAR01,17,137,5,16,122,4,15,116
2026-04-20,12,FCHBLRWHF01,29,295,5,28,263,6,29,291
2026-04-20,13,FCHBLRAECS01,24,256,4,20,92,2,1,2
2026-04-20,13,FCHBLRBEN01,29,284,5,29,303,4,12,74
2026-04-20,13,FCHBLRBHO01,19,125,2,19,125,3,19,130
2026-04-20,13,FCHBLRDOD01,16,163,7,15,143,7,15,179
2026-04-20,13,FCHBLRELC01,9,91,2,10,93,3,9,90
2026-04-20,13,FCHBLRHAR01,23,177,6,24,200,6,15,94
2026-04-20,13,FCHBLRHEB01,27,280,7,28,277,6,28,285
2026-04-20,13,FCHBLRHOO01,33,351,5,31,239,3,4,25
2026-04-20,13,FCHBLRHSAF01,17,154,5,15,166,5,7,45
2026-04-20,13,FCHBLRHSR01,29,175,6,25,162,5,23,141
2026-04-20,13,FCHBLRJPN01,51,566,5,50,415,4,26,192
2026-04-20,13,FCHBLRKOR01,41,356,6,40,357,5,28,186
2026-04-20,13,FCHBLRSJR01,22,247,8,19,198,8,23,256
2026-04-20,13,FCHBLRTHA01,14,133,3,14,151,3,14,151
2026-04-20,13,FCHBLRVAR01,12,143,5,12,166,3,11,144
2026-04-20,13,FCHBLRWHF01,23,218,6,27,307,6,28,330
2026-04-20,14,FCHBLRAECS01,14,150,2,12,52,2,2,7
2026-04-20,14,FCHBLRBEN01,18,191,4,18,223,2,6,30
2026-04-20,14,FCHBLRBHO01,13,109,4,13,109,5,13,113
2026-04-20,14,FCHBLRDOD01,12,67,6,12,82,6,11,77
2026-04-20,14,FCHBLRELC01,10,133,3,10,132,2,9,104
2026-04-20,14,FCHBLRHAR01,14,106,5,12,70,4,7,34
2026-04-20,14,FCHBLRHEB01,14,103,6,14,102,5,14,103
2026-04-20,14,FCHBLRHOO01,20,238,3,22,117,1,2,14
2026-04-20,14,FCHBLRHSAF01,14,149,5,11,115,4,5,37
2026-04-20,14,FCHBLRHSR01,21,171,4,23,225,4,23,169
2026-04-20,14,FCHBLRJPN01,35,352,6,32,179,6,22,153
2026-04-20,14,FCHBLRKOR01,37,343,5,37,298,5,26,135
2026-04-20,14,FCHBLRSJR01,32,266,9,23,202,9,22,205
2026-04-20,14,FCHBLRTHA01,9,97,3,10,102,3,10,102
2026-04-20,14,FCHBLRVAR01,16,124,7,17,183,5,15,128
2026-04-20,14,FCHBLRWHF01,14,127,4,15,136,5,16,145
2026-04-20,15,FCHBLRAECS01,12,94,1,6,22,0,0,0
2026-04-20,15,FCHBLRBEN01,12,122,5,12,147,4,7,37
2026-04-20,15,FCHBLRBHO01,13,97,4,12,100,3,12,82
2026-04-20,15,FCHBLRDOD01,19,183,9,17,248,9,17,203
2026-04-20,15,FCHBLRELC01,5,63,2,4,46,4,4,46
2026-04-20,15,FCHBLRHAR01,19,197,5,19,185,4,8,47
2026-04-20,15,FCHBLRHEB01,19,213,5,18,178,5,18,192
2026-04-20,15,FCHBLRHOO01,28,319,7,28,276,2,2,29
2026-04-20,15,FCHBLRHSAF01,13,143,3,11,116,4,6,52
2026-04-20,15,FCHBLRHSR01,22,174,6,22,184,6,22,203
2026-04-20,15,FCHBLRJPN01,27,220,6,20,110,7,21,155
2026-04-20,15,FCHBLRKOR01,38,424,6,35,424,5,26,233
2026-04-20,15,FCHBLRSJR01,27,280,13,23,229,11,18,159
2026-04-20,15,FCHBLRTHA01,22,210,4,19,165,5,18,157
2026-04-20,15,FCHBLRVAR01,16,160,4,14,147,4,15,155
2026-04-20,15,FCHBLRWHF01,29,295,10,29,305,10,29,301
2026-04-20,16,FCHBLRAECS01,24,196,3,12,23,1,1,1
2026-04-20,16,FCHBLRBEN01,30,297,6,25,290,4,8,44
2026-04-20,16,FCHBLRBHO01,16,166,3,16,171,3,15,166
2026-04-20,16,FCHBLRDOD01,19,192,6,16,141,6,17,154
2026-04-20,16,FCHBLRELC01,12,88,5,11,88,5,10,80
2026-04-20,16,FCHBLRHAR01,26,232,6,25,218,5,21,171
2026-04-20,16,FCHBLRHEB01,30,256,6,24,194,5,20,117
2026-04-20,16,FCHBLRHOO01,26,261,6,25,209,4,7,35
2026-04-20,16,FCHBLRHSAF01,18,174,3,17,158,4,13,97
2026-04-20,16,FCHBLRHSR01,31,258,6,31,295,6,31,278
2026-04-20,16,FCHBLRJPN01,28,270,4,19,95,6,17,146
2026-04-20,16,FCHBLRKOR01,42,436,6,44,497,5,42,456
2026-04-20,16,FCHBLRSJR01,28,256,9,21,188,6,23,219
2026-04-20,16,FCHBLRTHA01,9,86,4,12,131,4,13,139
2026-04-20,16,FCHBLRVAR01,19,187,6,20,216,6,20,208
2026-04-20,16,FCHBLRWHF01,38,326,5,35,290,6,35,299
2026-04-20,17,FCHBLRAECS01,32,272,2,9,16,0,0,0
2026-04-20,17,FCHBLRBEN01,25,221,5,28,311,4,9,56
2026-04-20,17,FCHBLRBHO01,24,254,3,24,262,4,24,267
2026-04-20,17,FCHBLRDOD01,21,213,4,22,276,4,22,261
2026-04-20,17,FCHBLRELC01,22,256,5,22,251,6,15,75
2026-04-20,17,FCHBLRHAR01,29,267,5,32,311,5,21,179
2026-04-20,17,FCHBLRHEB01,24,231,6,28,290,5,19,136
2026-04-20,17,FCHBLRHOO01,43,400,7,41,313,5,11,56
2026-04-20,17,FCHBLRHSAF01,16,139,4,13,130,3,10,101
2026-04-20,17,FCHBLRHSR01,27,272,6,27,272,5,26,230
2026-04-20,17,FCHBLRJPN01,38,344,5,27,140,4,27,256
2026-04-20,17,FCHBLRKOR01,40,472,6,36,452,6,19,195
2026-04-20,17,FCHBLRSJR01,44,389,9,38,305,10,45,406
2026-04-20,17,FCHBLRTHA01,11,85,2,11,85,3,11,102
2026-04-20,17,FCHBLRVAR01,22,189,4,17,136,5,17,137
2026-04-20,17,FCHBLRWHF01,34,310,5,35,315,5,35,330
2026-04-20,18,FCHBLRAECS01,30,279,1,3,5,0,0,0
2026-04-20,18,FCHBLRBEN01,20,198,5,20,216,5,15,146
2026-04-20,18,FCHBLRBHO01,27,202,2,26,194,3,26,213
2026-04-20,18,FCHBLRDOD01,22,200,4,24,268,4,24,217
2026-04-20,18,FCHBLRELC01,23,196,5,23,190,4,20,172
2026-04-20,18,FCHBLRHAR01,32,288,6,29,229,5,18,97
2026-04-20,18,FCHBLRHEB01,34,313,6,29,283,5,25,250
2026-04-20,18,FCHBLRHOO01,25,257,5,28,248,3,6,21
2026-04-20,18,FCHBLRHSAF01,20,205,4,21,201,4,18,168
2026-04-20,18,FCHBLRHSR01,39,401,5,36,365,4,35,314
2026-04-20,18,FCHBLRJPN01,42,463,7,32,129,6,18,122
2026-04-20,18,FCHBLRKOR01,52,557,6,47,469,3,10,46
2026-04-20,18,FCHBLRSJR01,53,471,10,39,311,11,46,428
2026-04-20,18,FCHBLRTHA01,16,121,3,15,98,4,15,106
2026-04-20,18,FCHBLRVAR01,29,226,6,32,263,5,27,220
2026-04-20,18,FCHBLRWHF01,37,346,4,39,377,5,39,377
2026-04-20,19,FCHBLRAECS01,29,284,1,1,1,0,0,0
2026-04-20,19,FCHBLRBEN01,25,294,7,24,287,6,8,71
2026-04-20,19,FCHBLRBHO01,25,234,2,25,233,3,25,240
2026-04-20,19,FCHBLRDOD01,29,309,4,27,290,4,26,267
2026-04-20,19,FCHBLRELC01,20,224,4,22,270,4,21,251
2026-04-20,19,FCHBLRHAR01,22,208,5,23,216,4,14,93
2026-04-20,19,FCHBLRHEB01,23,226,5,24,210,5,14,113
2026-04-20,19,FCHBLRHOO01,33,295,6,31,214,2,7,38
2026-04-20,19,FCHBLRHSAF01,28,283,5,22,242,4,16,151
2026-04-20,19,FCHBLRHSR01,37,318,6,35,382,6,34,311
2026-04-20,19,FCHBLRJPN01,41,318,6,30,117,5,17,90
2026-04-20,19,FCHBLRKOR01,43,492,5,33,413,4,6,49
2026-04-20,19,FCHBLRSJR01,53,505,9,35,305,8,38,365
2026-04-20,19,FCHBLRTHA01,16,136,3,17,159,4,17,172
2026-04-20,19,FCHBLRVAR01,20,211,4,17,160,3,17,152
2026-04-20,19,FCHBLRWHF01,40,342,6,37,339,5,37,321
2026-04-20,20,FCHBLRAECS01,22,185,1,1,1,0,0,0
2026-04-20,20,FCHBLRBEN01,19,215,6,18,245,2,5,30
2026-04-20,20,FCHBLRBHO01,16,151,2,17,160,3,17,170
2026-04-20,20,FCHBLRDOD01,14,109,4,16,140,4,17,165
2026-04-20,20,FCHBLRELC01,19,181,3,16,144,4,14,115
2026-04-20,20,FCHBLRHAR01,23,156,5,22,149,5,19,104
2026-04-20,20,FCHBLRHEB01,21,181,5,24,191,4,13,103
2026-04-20,20,FCHBLRHOO01,26,193,6,27,165,5,8,36
2026-04-20,20,FCHBLRHSAF01,14,150,3,18,120,3,15,101
2026-04-20,20,FCHBLRHSR01,34,284,6,38,360,6,36,307
2026-04-20,20,FCHBLRJPN01,15,109,4,10,33,3,8,38
2026-04-20,20,FCHBLRKOR01,38,330,6,37,490,4,6,13
2026-04-20,20,FCHBLRSJR01,35,289,8,36,274,7,32,262
2026-04-20,20,FCHBLRTHA01,13,156,5,13,200,5,13,200
2026-04-20,20,FCHBLRVAR01,14,131,5,17,193,5,14,117
2026-04-20,20,FCHBLRWHF01,17,160,3,19,185,5,20,199
2026-04-20,21,FCHBLRAECS01,10,51,1,2,11,1,1,6
2026-04-20,21,FCHBLRBEN01,17,171,5,12,136,2,2,14
2026-04-20,21,FCHBLRBHO01,15,115,2,15,115,2,15,115
2026-04-20,21,FCHBLRDOD01,17,100,3,15,86,4,15,92
2026-04-20,21,FCHBLRELC01,13,137,2,12,123,3,12,127
2026-04-20,21,FCHBLRHAR01,20,216,3,10,64,3,6,35
2026-04-20,21,FCHBLRHEB01,15,98,4,13,70,2,9,28
2026-04-20,21,FCHBLRHOO01,22,205,5,19,129,4,5,17
2026-04-20,21,FCHBLRHSAF01,5,29,2,5,29,2,5,28
2026-04-20,21,FCHBLRHSR01,26,180,6,21,139,6,21,129
2026-04-20,21,FCHBLRJPN01,16,113,3,12,89,5,13,98
2026-04-20,21,FCHBLRKOR01,25,175,4,19,114,2,9,36
2026-04-20,21,FCHBLRSJR01,23,159,5,17,90,3,20,122
2026-04-20,21,FCHBLRTHA01,11,72,3,11,72,3,11,72
2026-04-20,21,FCHBLRVAR01,6,26,3,6,25,3,5,20
2026-04-20,21,FCHBLRWHF01,16,103,3,15,89,3,16,103
2026-04-20,22,FCHBLRAECS01,17,126,1,4,19,0,0,0
2026-04-20,22,FCHBLRBEN01,8,60,5,11,92,1,1,5
2026-04-20,22,FCHBLRBHO01,8,102,2,6,50,3,6,53
2026-04-20,22,FCHBLRDOD01,8,64,5,10,86,5,10,89
2026-04-20,22,FCHBLRELC01,7,74,4,8,92,3,8,105
2026-04-20,22,FCHBLRHAR01,17,155,4,21,218,4,12,94
2026-04-20,22,FCHBLRHEB01,6,57,2,7,64,1,3,17
2026-04-20,22,FCHBLRHOO01,15,130,4,13,88,1,1,5
2026-04-20,22,FCHBLRHSAF01,5,36,3,5,35,3,5,36
2026-04-20,22,FCHBLRHSR01,20,124,6,23,185,3,21,148
2026-04-20,22,FCHBLRJPN01,8,83,4,9,63,4,8,48
2026-04-20,22,FCHBLRKOR01,18,181,5,13,145,1,1,3
2026-04-20,22,FCHBLRSJR01,31,241,6,17,109,4,12,68
2026-04-20,22,FCHBLRTHA01,7,35,2,6,31,3,6,38
2026-04-20,22,FCHBLRVAR01,15,107,4,13,92,3,10,58
2026-04-20,22,FCHBLRWHF01,14,84,2,14,84,2,14,84
2026-04-20,23,FCHBLRAECS01,2,12,0,0,0,0,0,0
2026-04-20,23,FCHBLRBEN01,4,19,2,3,18,1,1,1
2026-04-20,23,FCHBLRBHO01,4,23,2,6,75,3,6,81
2026-04-20,23,FCHBLRDOD01,1,9,0,0,0,0,0,0
2026-04-20,23,FCHBLRELC01,6,33,2,6,33,3,6,37
2026-04-20,23,FCHBLRHAR01,8,30,5,9,46,3,5,15
2026-04-20,23,FCHBLRHEB01,2,9,1,2,9,1,2,9
2026-04-20,23,FCHBLRHOO01,2,28,1,2,19,0,0,0
2026-04-20,23,FCHBLRHSAF01,5,61,3,4,11,2,3,15
2026-04-20,23,FCHBLRHSR01,11,77,3,11,82,3,11,69
2026-04-20,23,FCHBLRJPN01,5,8,1,1,3,2,3,18
2026-04-20,23,FCHBLRKOR01,10,60,4,5,30,2,2,7
2026-04-20,23,FCHBLRSJR01,12,100,4,7,52,2,5,40
2026-04-20,23,FCHBLRTHA01,3,18,3,4,22,3,4,22
2026-04-20,23,FCHBLRVAR01,3,12,2,4,24,2,4,24
2026-04-20,23,FCHBLRWHF01,3,13,3,3,13,3,3,13
2026-04-19,0,FCHBLRDOD01,0,0,1,1,4,1,1,4
2026-04-19,0,FCHBLRHSR01,0,0,1,1,15,1,1,15
2026-04-19,6,FCHBLRAECS01,6,53,2,5,32,3,5,35
2026-04-19,6,FCHBLRBEN01,9,85,3,9,78,3,4,12
2026-04-19,6,FCHBLRBHO01,6,81,3,6,80,2,5,77
2026-04-19,6,FCHBLRDOD01,5,48,3,5,48,3,5,48
2026-04-19,6,FCHBLRELC01,3,50,2,2,8,2,2,8
2026-04-19,6,FCHBLRHAR01,8,62,4,8,70,2,7,52
2026-04-19,6,FCHBLRHEB01,6,73,3,5,52,2,4,36
2026-04-19,6,FCHBLRHOO01,7,76,2,7,48,1,1,3
2026-04-19,6,FCHBLRHSAF01,8,77,4,8,73,4,7,70
2026-04-19,6,FCHBLRHSR01,6,81,3,5,75,3,4,41
2026-04-19,6,FCHBLRJPN01,14,154,8,13,171,7,13,172
2026-04-19,6,FCHBLRKOR01,10,132,3,8,91,4,7,80
2026-04-19,6,FCHBLRSJR01,10,85,2,4,19,1,3,5
2026-04-19,6,FCHBLRTHA01,5,80,3,5,80,3,5,80
2026-04-19,6,FCHBLRVAR01,7,56,2,7,56,2,7,56
2026-04-19,6,FCHBLRWHF01,7,100,5,7,100,4,5,73
2026-04-19,7,FCHBLRAECS01,22,203,7,21,217,4,11,63
2026-04-19,7,FCHBLRBEN01,19,186,7,19,190,6,12,92
2026-04-19,7,FCHBLRBHO01,17,138,3,16,138,4,16,148
2026-04-19,7,FCHBLRDOD01,23,262,6,21,266,5,19,232
2026-04-19,7,FCHBLRELC01,13,122,7,14,212,4,13,122
2026-04-19,7,FCHBLRHAR01,21,349,4,16,348,4,13,170
2026-04-19,7,FCHBLRHEB01,32,335,6,30,331,5,31,352
2026-04-19,7,FCHBLRHOO01,31,357,6,24,237,4,11,55
2026-04-19,7,FCHBLRHSAF01,22,318,5,17,206,5,14,113
2026-04-19,7,FCHBLRHSR01,22,262,5,20,245,3,18,165
2026-04-19,7,FCHBLRJPN01,43,551,9,40,516,9,40,498
2026-04-19,7,FCHBLRKOR01,28,289,6,27,313,6,24,281
2026-04-19,7,FCHBLRSJR01,37,421,11,25,293,6,7,38
2026-04-19,7,FCHBLRTHA01,14,142,4,13,136,4,13,136
2026-04-19,7,FCHBLRVAR01,20,193,5,19,197,4,18,170
2026-04-19,7,FCHBLRWHF01,26,349,5,23,320,5,24,347
2026-04-19,8,FCHBLRAECS01,31,411,6,26,366,4,7,41
2026-04-19,8,FCHBLRBEN01,56,689,8,46,710,8,35,313
2026-04-19,8,FCHBLRBHO01,28,296,3,28,296,4,28,316
2026-04-19,8,FCHBLRDOD01,29,339,6,28,350,5,29,345
2026-04-19,8,FCHBLRELC01,24,223,6,23,219,6,22,212
2026-04-19,8,FCHBLRHAR01,43,479,6,46,584,4,33,272
2026-04-19,8,FCHBLRHEB01,45,586,8,44,537,6,45,557
2026-04-19,8,FCHBLRHOO01,61,691,6,56,525,6,18,130
2026-04-19,8,FCHBLRHSAF01,34,378,6,28,379,6,17,156
2026-04-19,8,FCHBLRHSR01,40,411,4,39,466,4,38,424
2026-04-19,8,FCHBLRJPN01,73,910,10,58,490,10,59,691
2026-04-19,8,FCHBLRKOR01,67,786,7,58,605,5,26,172
2026-04-19,8,FCHBLRSJR01,66,884,11,46,670,9,30,274
2026-04-19,8,FCHBLRTHA01,22,216,4,23,222,4,23,222
2026-04-19,8,FCHBLRVAR01,48,532,4,48,546,4,49,554
2026-04-19,8,FCHBLRWHF01,58,575,7,57,552,8,57,602
2026-04-19,9,FCHBLRAECS01,54,605,5,41,304,2,4,16
2026-04-19,9,FCHBLRBEN01,53,730,7,41,542,7,30,223
2026-04-19,9,FCHBLRBHO01,48,541,3,47,531,4,47,558
2026-04-19,9,FCHBLRDOD01,39,458,7,38,488,6,38,457
2026-04-19,9,FCHBLRELC01,28,305,5,28,272,6,24,225
2026-04-19,9,FCHBLRHAR01,57,777,6,49,701,6,37,381
2026-04-19,9,FCHBLRHEB01,40,429,8,41,426,7,41,441
2026-04-19,9,FCHBLRHOO01,78,878,7,71,563,4,8,42
2026-04-19,9,FCHBLRHSAF01,54,667,5,26,335,3,7,31
2026-04-19,9,FCHBLRHSR01,49,434,4,43,425,4,42,338
2026-04-19,9,FCHBLRJPN01,88,1077,9,69,635,10,49,511
2026-04-19,9,FCHBLRKOR01,72,836,6,67,839,4,11,58
2026-04-19,9,FCHBLRSJR01,113,1484,13,55,754,9,24,232
2026-04-19,9,FCHBLRTHA01,38,410,4,37,387,4,37,387
2026-04-19,9,FCHBLRVAR01,51,584,4,47,548,4,44,475
2026-04-19,9,FCHBLRWHF01,77,922,8,76,897,8,77,951
2026-04-19,10,FCHBLRAECS01,43,412,7,31,182,4,4,12
2026-04-19,10,FCHBLRBEN01,52,689,7,51,863,7,13,108
2026-04-19,10,FCHBLRBHO01,38,429,4,38,432,5,37,429
2026-04-19,10,FCHBLRDOD01,50,675,7,44,696,6,43,561
2026-04-19,10,FCHBLRELC01,39,381,6,38,424,6,20,136
2026-04-19,10,FCHBLRHAR01,54,725,6,57,850,4,26,241
2026-04-19,10,FCHBLRHEB01,46,574,8,43,528,8,41,451
2026-04-19,10,FCHBLRHOO01,81,920,5,60,475,2,3,10
2026-04-19,10,FCHBLRHSAF01,47,589,7,47,502,7,18,111
2026-04-19,10,FCHBLRHSR01,56,587,6,60,678,6,44,302
2026-04-19,10,FCHBLRJPN01,75,816,10,85,561,10,49,334
2026-04-19,10,FCHBLRKOR01,84,1035,6,63,712,4,10,46
2026-04-19,10,FCHBLRSJR01,69,854,12,38,525,7,15,132
2026-04-19,10,FCHBLRTHA01,30,328,4,30,342,5,30,351
2026-04-19,10,FCHBLRVAR01,40,489,4,44,577,3,47,585
2026-04-19,10,FCHBLRWHF01,70,734,8,71,767,8,72,776
2026-04-19,11,FCHBLRAECS01,57,626,5,37,192,2,3,8
2026-04-19,11,FCHBLRBEN01,44,493,8,62,894,4,8,51
2026-04-19,11,FCHBLRBHO01,42,362,4,42,385,5,42,331
2026-04-19,11,FCHBLRDOD01,27,324,7,34,482,6,34,446
2026-04-19,11,FCHBLRELC01,36,402,6,33,340,6,22,171
2026-04-19,11,FCHBLRHAR01,53,601,7,52,551,5,21,140
2026-04-19,11,FCHBLRHEB01,47,596,7,46,604,7,43,603
2026-04-19,11,FCHBLRHOO01,51,568,5,52,338,4,7,35
2026-04-19,11,FCHBLRHSAF01,32,347,6,27,308,4,19,126
2026-04-19,11,FCHBLRHSR01,69,690,5,56,559,5,36,221
2026-04-19,11,FCHBLRJPN01,63,727,7,66,539,7,46,390
2026-04-19,11,FCHBLRKOR01,89,1072,6,67,739,2,2,8
2026-04-19,11,FCHBLRSJR01,80,955,10,30,262,6,8,39
2026-04-19,11,FCHBLRTHA01,31,287,5,30,298,4,30,286
2026-04-19,11,FCHBLRVAR01,46,455,5,41,418,5,41,426
2026-04-19,11,FCHBLRWHF01,75,951,6,65,785,6,65,785
2026-04-19,12,FCHBLRAECS01,51,514,4,40,250,3,5,15
2026-04-19,12,FCHBLRBEN01,37,521,6,33,595,3,6,48
2026-04-19,12,FCHBLRBHO01,35,383,4,36,402,5,35,407
2026-04-19,12,FCHBLRDOD01,39,451,7,39,470,5,39,445
2026-04-19,12,FCHBLRELC01,39,463,6,40,504,5,10,59
2026-04-19,12,FCHBLRHAR01,53,579,7,45,461,6,19,104
2026-04-19,12,FCHBLRHEB01,51,563,5,43,432,4,46,503
2026-04-19,12,FCHBLRHOO01,51,630,6,34,226,5,5,23
2026-04-19,12,FCHBLRHSAF01,35,540,8,24,280,6,8,47
2026-04-19,12,FCHBLRHSR01,49,484,4,52,519,5,37,259
2026-04-19,12,FCHBLRJPN01,70,700,7,52,388,8,36,274
2026-04-19,12,FCHBLRKOR01,87,934,6,45,476,3,6,20
2026-04-19,12,FCHBLRSJR01,53,475,9,25,171,3,3,25
2026-04-19,12,FCHBLRTHA01,27,318,4,26,296,4,26,296
2026-04-19,12,FCHBLRVAR01,37,430,4,34,373,5,36,391
2026-04-19,12,FCHBLRWHF01,51,562,8,62,709,8,61,717
2026-04-19,13,FCHBLRAECS01,24,227,6,23,120,3,3,10
2026-04-19,13,FCHBLRBEN01,31,284,6,31,329,6,16,141
2026-04-19,13,FCHBLRBHO01,18,196,3,17,185,4,17,190
2026-04-19,13,FCHBLRDOD01,20,278,5,22,323,4,22,315
2026-04-19,13,FCHBLRELC01,18,179,4,18,173,6,17,166
2026-04-19,13,FCHBLRHAR01,29,325,7,39,454,6,13,50
2026-04-19,13,FCHBLRHEB01,32,309,5,39,414,4,39,429
2026-04-19,13,FCHBLRHOO01,46,376,5,42,263,3,10,53
2026-04-19,13,FCHBLRHSAF01,32,340,8,22,185,6,7,29
2026-04-19,13,FCHBLRHSR01,43,383,6,45,447,6,33,227
2026-04-19,13,FCHBLRJPN01,56,561,7,64,420,6,34,174
2026-04-19,13,FCHBLRKOR01,64,720,7,47,515,2,5,23
2026-04-19,13,FCHBLRSJR01,40,398,8,25,170,6,7,37
2026-04-19,13,FCHBLRTHA01,24,204,6,22,198,5,22,181
2026-04-19,13,FCHBLRVAR01,31,293,4,32,386,5,32,325
2026-04-19,13,FCHBLRWHF01,39,389,7,41,434,8,42,478
2026-04-19,14,FCHBLRAECS01,28,262,5,18,95,2,1,6
2026-04-19,14,FCHBLRBEN01,21,265,6,25,356,4,13,130
2026-04-19,14,FCHBLRBHO01,25,198,3,25,203,5,24,188
2026-04-19,14,FCHBLRDOD01,18,228,6,16,193,7,15,182
2026-04-19,14,FCHBLRELC01,17,218,5,18,211,5,12,117
2026-04-19,14,FCHBLRHAR01,28,240,5,23,136,5,15,94
2026-04-19,14,FCHBLRHEB01,41,461,5,35,357,5,35,360
2026-04-19,14,FCHBLRHOO01,28,334,4,24,153,4,6,35
2026-04-19,14,FCHBLRHSAF01,17,194,3,13,103,3,5,47
2026-04-19,14,FCHBLRHSR01,29,219,6,31,266,5,28,199
2026-04-19,14,FCHBLRJPN01,34,321,6,33,220,6,16,93
2026-04-19,14,FCHBLRKOR01,60,579,4,45,393,3,7,20
2026-04-19,14,FCHBLRSJR01,41,462,9,24,231,4,7,30
2026-04-19,14,FCHBLRTHA01,16,131,4,16,159,5,16,164
2026-04-19,14,FCHBLRVAR01,24,279,5,20,195,6,20,198
2026-04-19,14,FCHBLRWHF01,26,245,6,26,245,6,26,245
2026-04-19,15,FCHBLRAECS01,32,263,5,22,105,2,2,8
2026-04-19,15,FCHBLRBEN01,21,186,7,20,211,7,16,121
2026-04-19,15,FCHBLRBHO01,31,291,5,24,212,6,23,214
2026-04-19,15,FCHBLRDOD01,14,113,8,15,126,10,15,137
2026-04-19,15,FCHBLRELC01,22,197,5,21,169,6,18,141
2026-04-19,15,FCHBLRHAR01,29,329,7,29,328,6,14,99
2026-04-19,15,FCHBLRHEB01,16,167,6,15,144,5,15,146
2026-04-19,15,FCHBLRHOO01,27,297,6,22,164,1,2,13
2026-04-19,15,FCHBLRHSAF01,20,235,5,18,214,3,12,95
2026-04-19,15,FCHBLRHSR01,36,265,7,31,235,7,30,207
2026-04-19,15,FCHBLRJPN01,43,449,7,40,263,7,25,248
2026-04-19,15,FCHBLRKOR01,51,635,9,33,432,4,6,29
2026-04-19,15,FCHBLRSJR01,42,411,7,17,118,3,4,16
2026-04-19,15,FCHBLRTHA01,15,125,6,17,143,6,17,143
2026-04-19,15,FCHBLRVAR01,21,254,6,24,356,5,23,326
2026-04-19,15,FCHBLRWHF01,35,404,7,30,341,8,30,341
2026-04-19,16,FCHBLRAECS01,14,111,4,14,84,1,1,4
2026-04-19,16,FCHBLRBEN01,23,205,6,23,247,4,16,74
2026-04-19,16,FCHBLRBHO01,28,233,4,35,312,5,34,317
2026-04-19,16,FCHBLRDOD01,27,333,8,24,292,10,24,290
2026-04-19,16,FCHBLRELC01,22,236,8,21,222,8,20,220
2026-04-19,16,FCHBLRHAR01,20,193,6,22,255,5,7,29
2026-04-19,16,FCHBLRHEB01,21,211,7,26,274,7,16,150
2026-04-19,16,FCHBLRHOO01,30,339,4,30,230,4,4,20
2026-04-19,16,FCHBLRHSAF01,20,194,5,18,155,5,17,132
2026-04-19,16,FCHBLRHSR01,31,239,4,33,255,4,32,225
2026-04-19,16,FCHBLRJPN01,47,619,8,34,188,6,13,145
2026-04-19,16,FCHBLRKOR01,44,440,8,36,340,2,4,14
2026-04-19,16,FCHBLRSJR01,42,423,7,15,140,1,2,15
2026-04-19,16,FCHBLRTHA01,13,121,3,13,121,3,13,121
2026-04-19,16,FCHBLRVAR01,17,176,3,17,185,4,16,167
2026-04-19,16,FCHBLRWHF01,32,316,7,35,372,8,34,373
2026-04-19,17,FCHBLRAECS01,29,414,1,11,38,0,0,0
2026-04-19,17,FCHBLRBEN01,28,319,6,25,331,6,14,83
2026-04-19,17,FCHBLRBHO01,18,164,2,18,164,2,18,164
2026-04-19,17,FCHBLRDOD01,24,386,5,22,364,6,23,353
2026-04-19,17,FCHBLRELC01,15,135,5,16,167,5,17,173
2026-04-19,17,FCHBLRHAR01,24,256,6,22,208,5,7,35
2026-04-19,17,FCHBLRHEB01,21,227,5,20,218,6,16,159
2026-04-19,17,FCHBLRHOO01,44,406,6,39,275,4,7,42
2026-04-19,17,FCHBLRHSAF01,23,285,5,18,186,5,16,170
2026-04-19,17,FCHBLRHSR01,43,466,4,31,393,4,27,194
2026-04-19,17,FCHBLRJPN01,55,509,6,50,254,5,34,208
2026-04-19,17,FCHBLRKOR01,47,463,5,43,401,3,3,7
2026-04-19,17,FCHBLRSJR01,39,464,6,17,175,0,0,0
2026-04-19,17,FCHBLRTHA01,18,221,3,17,208,3,17,208
2026-04-19,17,FCHBLRVAR01,17,129,2,16,119,4,17,161
2026-04-19,17,FCHBLRWHF01,42,490,6,40,497,6,41,506
2026-04-19,18,FCHBLRAECS01,21,214,1,11,39,0,0,0
2026-04-19,18,FCHBLRBEN01,28,299,6,32,386,5,15,100
2026-04-19,18,FCHBLRBHO01,18,179,3,17,163,3,16,133
2026-04-19,18,FCHBLRDOD01,28,341,7,32,491,6,32,419
2026-04-19,18,FCHBLRELC01,24,274,4,23,236,6,22,219
2026-04-19,18,FCHBLRHAR01,30,343,7,25,269,5,9,30
2026-04-19,18,FCHBLRHEB01,26,242,5,27,247,5,16,103
2026-04-19,18,FCHBLRHOO01,43,498,6,40,334,3,3,25
2026-04-19,18,FCHBLRHSAF01,24,252,8,24,176,7,17,141
2026-04-19,18,FCHBLRHSR01,39,411,6,47,493,5,37,263
2026-04-19,18,FCHBLRJPN01,47,537,6,28,150,5,21,151
2026-04-19,18,FCHBLRKOR01,43,405,5,34,334,1,1,5
2026-04-19,18,FCHBLRSJR01,55,606,4,12,127,1,2,9
2026-04-19,18,FCHBLRTHA01,17,244,4,16,218,6,15,202
2026-04-19,18,FCHBLRVAR01,19,238,4,17,213,2,17,182
2026-04-19,18,FCHBLRWHF01,44,434,6,46,459,7,47,475
2026-04-19,19,FCHBLRAECS01,28,286,3,9,36,0,0,0
2026-04-19,19,FCHBLRBEN01,33,338,6,29,349,5,7,33
2026-04-19,19,FCHBLRBHO01,16,138,3,17,162,3,17,162
2026-04-19,19,FCHBLRDOD01,31,381,7,28,367,7,29,339
2026-04-19,19,FCHBLRELC01,27,243,4,26,267,4,25,273
2026-04-19,19,FCHBLRHAR01,37,422,6,26,244,3,8,48
2026-04-19,19,FCHBLRHEB01,49,459,7,47,430,8,34,278
2026-04-19,19,FCHBLRHOO01,49,547,6,41,328,1,3,13
2026-04-19,19,FCHBLRHSAF01,18,163,5,18,144,4,15,123
2026-04-19,19,FCHBLRHSR01,43,372,7,44,432,5,38,281
2026-04-19,19,FCHBLRJPN01,40,376,7,41,227,7,22,130
2026-04-19,19,FCHBLRKOR01,49,648,6,30,333,1,1,2
2026-04-19,19,FCHBLRSJR01,57,605,3,13,124,0,0,0
2026-04-19,19,FCHBLRTHA01,21,229,5,22,258,5,21,247
2026-04-19,19,FCHBLRVAR01,34,320,3,15,168,3,14,159
2026-04-19,19,FCHBLRWHF01,34,389,7,32,400,6,32,380
2026-04-19,20,FCHBLRAECS01,28,262,2,9,28,0,0,0
2026-04-19,20,FCHBLRBEN01,22,281,5,26,284,3,8,36
2026-04-19,20,FCHBLRBHO01,15,137,3,13,121,3,11,108
2026-04-19,20,FCHBLRDOD01,24,316,7,26,374,8,25,365
2026-04-19,20,FCHBLRELC01,22,299,5,21,276,5,21,286
2026-04-19,20,FCHBLRHAR01,37,307,6,35,312,5,9,32
2026-04-19,20,FCHBLRHEB01,26,265,7,26,257,7,23,168
2026-04-19,20,FCHBLRHOO01,26,375,5,27,235,0,0,0
2026-04-19,20,FCHBLRHSAF01,19,229,5,16,176,4,10,110
2026-04-19,20,FCHBLRHSR01,39,332,7,40,405,7,35,302
2026-04-19,20,FCHBLRJPN01,40,449,6,30,196,6,19,134
2026-04-19,20,FCHBLRKOR01,41,387,5,24,222,3,2,14
2026-04-19,20,FCHBLRSJR01,44,470,5,11,49,1,1,2
2026-04-19,20,FCHBLRTHA01,13,131,4,13,132,4,13,132
2026-04-19,20,FCHBLRVAR01,16,138,5,34,305,3,30,256
2026-04-19,20,FCHBLRWHF01,17,128,5,19,137,6,19,146
2026-04-19,21,FCHBLRAECS01,27,264,1,2,2,0,0,0
2026-04-19,21,FCHBLRBEN01,17,157,4,16,168,1,1,6
2026-04-19,21,FCHBLRBHO01,9,89,3,9,89,3,9,89
2026-04-19,21,FCHBLRDOD01,22,213,4,23,231,5,24,266
2026-04-19,21,FCHBLRELC01,17,186,4,19,218,4,19,218
2026-04-19,21,FCHBLRHAR01,16,104,4,20,168,3,10,48
2026-04-19,21,FCHBLRHEB01,25,232,6,21,198,6,12,74
2026-04-19,21,FCHBLRHOO01,26,244,6,24,155,1,1,4
2026-04-19,21,FCHBLRHSAF01,16,145,3,14,80,3,13,115
2026-04-19,21,FCHBLRHSR01,28,234,7,27,242,7,28,246
2026-04-19,21,FCHBLRJPN01,25,229,4,21,108,3,15,97
2026-04-19,21,FCHBLRKOR01,25,214,4,15,101,2,2,8
2026-04-19,21,FCHBLRSJR01,28,332,3,7,33,0,0,0
2026-04-19,21,FCHBLRTHA01,13,115,3,14,122,3,13,112
2026-04-19,21,FCHBLRVAR01,18,171,5,21,229,4,17,158
2026-04-19,21,FCHBLRWHF01,22,252,4,19,207,4,20,219
2026-04-19,22,FCHBLRAECS01,12,112,1,6,13,0,0,0
2026-04-19,22,FCHBLRBEN01,10,53,4,10,54,2,4,17
2026-04-19,22,FCHBLRBHO01,11,116,3,11,116,4,10,85
2026-04-19,22,FCHBLRDOD01,9,60,3,9,48,4,9,52
2026-04-19,22,FCHBLRELC01,12,127,3,12,127,3,12,127
2026-04-19,22,FCHBLRHAR01,9,100,4,11,95,2,4,32
2026-04-19,22,FCHBLRHEB01,10,90,3,13,108,3,10,90
2026-04-19,22,FCHBLRHOO01,20,207,3,16,101,2,2,10
2026-04-19,22,FCHBLRHSAF01,2,11,3,3,28,1,2,12
2026-04-19,22,FCHBLRHSR01,9,95,4,6,40,3,6,35
2026-04-19,22,FCHBLRJPN01,16,115,5,17,107,5,15,104
2026-04-19,22,FCHBLRKOR01,18,139,4,6,52,2,2,13
2026-04-19,22,FCHBLRSJR01,21,183,3,4,15,0,0,0
2026-04-19,22,FCHBLRTHA01,6,32,3,6,32,3,7,42
2026-04-19,22,FCHBLRVAR01,7,43,2,7,58,2,7,52
2026-04-19,22,FCHBLRWHF01,17,128,4,19,161,5,19,192
2026-04-19,23,FCHBLRAECS01,6,25,0,0,0,0,0,0
2026-04-19,23,FCHBLRBEN01,5,42,1,6,43,0,0,0
2026-04-19,23,FCHBLRBHO01,6,57,1,6,57,1,6,57
2026-04-19,23,FCHBLRDOD01,6,44,4,7,64,5,7,69
2026-04-19,23,FCHBLRELC01,3,27,2,3,27,2,3,27
2026-04-19,23,FCHBLRHAR01,3,23,3,3,22,1,1,3
2026-04-19,23,FCHBLRHEB01,6,55,3,6,55,3,6,55
2026-04-19,23,FCHBLRHOO01,9,80,2,6,36,1,1,10
2026-04-19,23,FCHBLRHSAF01,2,24,2,2,20,1,1,9
2026-04-19,23,FCHBLRHSR01,9,85,4,12,161,3,8,55
2026-04-19,23,FCHBLRJPN01,4,39,2,3,7,2,2,15
2026-04-19,23,FCHBLRKOR01,17,139,2,2,7,2,1,2
2026-04-19,23,FCHBLRSJR01,4,31,0,0,0,0,0,0
2026-04-19,23,FCHBLRVAR01,2,12,1,2,12,1,2,12
2026-04-19,23,FCHBLRWHF01,7,60,3,7,60,3,7,60
2026-04-18,0,FCHBLRHAR01,1,6,0,0,0,0,0,0
2026-04-18,0,FCHBLRHSR01,0,0,1,2,7,1,2,7
2026-04-18,0,FCHBLRVAR01,0,0,0,0,0,2,1,16
2026-04-18,0,FCHBLRWHF01,1,1,0,0,0,0,0,0
2026-04-18,6,FCHBLRAECS01,11,150,3,10,95,1,2,12
2026-04-18,6,FCHBLRBEN01,14,195,5,11,132,2,2,5
2026-04-18,6,FCHBLRBHO01,5,55,3,5,53,1,4,25
2026-04-18,6,FCHBLRDOD01,10,136,4,9,150,5,9,129
2026-04-18,6,FCHBLRELC01,8,52,2,7,46,3,7,55
2026-04-18,6,FCHBLRHAR01,9,86,2,8,68,2,4,19
2026-04-18,6,FCHBLRHEB01,17,149,5,17,147,5,16,146
2026-04-18,6,FCHBLRHOO01,26,332,5,22,144,3,4,21
2026-04-18,6,FCHBLRHSAF01,6,43,2,5,40,2,5,40
2026-04-18,6,FCHBLRHSR01,11,128,3,9,117,5,9,91
2026-04-18,6,FCHBLRJPN01,30,264,8,27,212,9,27,243
2026-04-18,6,FCHBLRKOR01,9,131,5,7,81,2,4,31
2026-04-18,6,FCHBLRSJR01,10,194,7,7,65,4,6,41
2026-04-18,6,FCHBLRTHA01,10,123,3,9,92,4,9,98
2026-04-18,6,FCHBLRVAR01,9,108,4,9,108,4,9,108
2026-04-18,6,FCHBLRWHF01,18,236,3,15,176,4,15,176
2026-04-18,7,FCHBLRAECS01,32,343,5,29,241,3,4,13
2026-04-18,7,FCHBLRBEN01,34,433,5,26,356,3,3,5
2026-04-18,7,FCHBLRBHO01,26,304,3,23,239,4,15,97
2026-04-18,7,FCHBLRDOD01,33,426,7,31,386,7,29,361
2026-04-18,7,FCHBLRELC01,19,191,6,20,212,4,19,174
2026-04-18,7,FCHBLRHAR01,31,384,5,30,407,5,17,148
2026-04-18,7,FCHBLRHEB01,33,393,5,27,287,5,23,245
2026-04-18,7,FCHBLRHOO01,47,470,6,45,238,4,6,26
2026-04-18,7,FCHBLRHSAF01,32,398,6,25,296,6,18,218
2026-04-18,7,FCHBLRHSR01,33,355,6,34,363,7,30,267
2026-04-18,7,FCHBLRJPN01,60,697,10,54,536,9,54,590
2026-04-18,7,FCHBLRKOR01,49,588,9,43,559,4,16,95
2026-04-18,7,FCHBLRSJR01,63,827,8,32,464,6,16,104
2026-04-18,7,FCHBLRTHA01,20,183,5,21,214,4,21,214
2026-04-18,7,FCHBLRVAR01,21,216,4,20,207,3,19,185
2026-04-18,7,FCHBLRWHF01,51,572,7,52,630,8,52,634
2026-04-18,8,FCHBLRAECS01,54,609,5,35,201,2,2,6
2026-04-18,8,FCHBLRBEN01,58,642,8,62,972,2,4,15
2026-04-18,8,FCHBLRBHO01,37,492,3,37,467,5,37,470
2026-04-18,8,FCHBLRDOD01,39,447,7,39,520,5,38,442
2026-04-18,8,FCHBLRELC01,37,465,9,35,517,9,26,228
2026-04-18,8,FCHBLRHAR01,64,727,7,53,624,7,44,382
2026-04-18,8,FCHBLRHEB01,49,631,7,48,594,6,47,542
2026-04-18,8,FCHBLRHOO01,81,1074,7,60,721,7,36,326
2026-04-18,8,FCHBLRHSAF01,57,618,7,43,459,7,31,162
2026-04-18,8,FCHBLRHSR01,56,567,5,53,573,6,53,534
2026-04-18,8,FCHBLRJPN01,88,1057,8,79,829,9,73,760
2026-04-18,8,FCHBLRKOR01,72,839,8,68,835,7,58,605
2026-04-18,8,FCHBLRSJR01,92,1154,12,68,886,11,29,253
2026-04-18,8,FCHBLRTHA01,31,364,6,30,357,7,30,360
2026-04-18,8,FCHBLRVAR01,41,521,5,35,471,5,34,406
2026-04-18,8,FCHBLRWHF01,90,1176,8,79,1064,8,76,976
2026-04-18,9,FCHBLRAECS01,56,626,5,37,184,2,2,5
2026-04-18,9,FCHBLRBEN01,57,653,6,55,764,4,6,40
2026-04-18,9,FCHBLRBHO01,45,483,4,39,438,5,39,474
2026-04-18,9,FCHBLRDOD01,49,705,6,36,562,6,36,562
2026-04-18,9,FCHBLRELC01,44,536,8,43,498,8,14,88
2026-04-18,9,FCHBLRHAR01,59,639,7,68,788,6,55,541
2026-04-18,9,FCHBLRHEB01,62,908,7,62,851,7,53,652
2026-04-18,9,FCHBLRHOO01,83,1113,6,53,399,4,9,92
2026-04-18,9,FCHBLRHSAF01,39,420,5,32,316,5,10,44
2026-04-18,9,FCHBLRHSR01,57,546,4,53,579,4,54,530
2026-04-18,9,FCHBLRJPN01,86,1070,10,72,889,10,68,806
2026-04-18,9,FCHBLRKOR01,96,1037,9,77,810,8,69,667
2026-04-18,9,FCHBLRSJR01,99,1249,9,65,583,9,30,385
2026-04-18,9,FCHBLRTHA01,37,431,7,35,426,6,35,400
2026-04-18,9,FCHBLRVAR01,54,736,9,43,680,9,44,539
2026-04-18,9,FCHBLRWHF01,62,734,8,68,806,8,71,902
2026-04-18,10,FCHBLRAECS01,53,432,4,31,175,2,2,5
2026-04-18,10,FCHBLRBEN01,48,589,6,49,708,1,1,5
2026-04-18,10,FCHBLRBHO01,49,616,4,42,486,5,41,411
2026-04-18,10,FCHBLRDOD01,44,481,5,46,558,6,43,469
2026-04-18,10,FCHBLRELC01,37,443,7,37,491,6,9,36
2026-04-18,10,FCHBLRHAR01,59,728,7,53,645,7,39,351
2026-04-18,10,FCHBLRHEB01,47,497,6,46,495,6,45,506
2026-04-18,10,FCHBLRHOO01,62,791,4,43,206,0,0,0
2026-04-18,10,FCHBLRHSAF01,43,434,5,35,330,4,19,113
2026-04-18,10,FCHBLRHSR01,71,581,6,61,610,6,61,544
2026-04-18,10,FCHBLRJPN01,61,601,7,67,620,8,65,633
2026-04-18,10,FCHBLRKOR01,81,964,8,72,861,7,53,448
2026-04-18,10,FCHBLRSJR01,84,935,11,53,316,6,15,82
2026-04-18,10,FCHBLRTHA01,26,303,6,29,353,6,29,341
2026-04-18,10,FCHBLRVAR01,41,537,6,43,682,6,44,640
2026-04-18,10,FCHBLRWHF01,63,747,9,64,759,9,62,746
2026-04-18,11,FCHBLRAECS01,66,708,5,42,285,4,6,40
2026-04-18,11,FCHBLRBEN01,45,466,5,44,580,2,2,6
2026-04-18,11,FCHBLRBHO01,49,561,4,47,534,5,45,480
2026-04-18,11,FCHBLRDOD01,48,697,6,48,705,6,46,562
2026-04-18,11,FCHBLRELC01,34,416,6,35,408,4,5,13
2026-04-18,11,FCHBLRHAR01,49,526,7,50,578,6,39,325
2026-04-18,11,FCHBLRHEB01,45,574,6,39,457,6,38,478
2026-04-18,11,FCHBLRHOO01,51,490,5,31,113,4,8,23
2026-04-18,11,FCHBLRHSAF01,36,393,7,34,439,7,26,199
2026-04-18,11,FCHBLRHSR01,79,700,6,62,624,6,58,496
2026-04-18,11,FCHBLRJPN01,69,710,8,61,598,8,57,624
2026-04-18,11,FCHBLRKOR01,78,901,7,78,928,3,19,111
2026-04-18,11,FCHBLRSJR01,62,888,9,32,287,3,8,43
2026-04-18,11,FCHBLRTHA01,24,344,6,22,302,6,22,302
2026-04-18,11,FCHBLRVAR01,41,511,6,43,689,5,42,560
2026-04-18,11,FCHBLRWHF01,65,727,8,59,681,9,61,685
2026-04-18,12,FCHBLRAECS01,62,578,5,30,216,2,3,9
2026-04-18,12,FCHBLRBEN01,47,444,6,50,517,4,9,36
2026-04-18,12,FCHBLRBHO01,22,263,5,33,470,5,32,423
2026-04-18,12,FCHBLRDOD01,30,285,6,41,478,6,42,509
2026-04-18,12,FCHBLRELC01,13,189,3,14,209,1,4,22
2026-04-18,12,FCHBLRHAR01,48,487,7,47,522,6,35,274
2026-04-18,12,FCHBLRHEB01,43,452,5,51,523,6,55,606
2026-04-18,12,FCHBLRHOO01,55,656,4,34,228,1,3,12
2026-04-18,12,FCHBLRHSAF01,39,409,6,40,430,6,28,168
2026-04-18,12,FCHBLRHSR01,45,424,6,70,659,6,59,311
2026-04-18,12,FCHBLRJPN01,78,852,9,52,531,7,38,334
2026-04-18,12,FCHBLRKOR01,59,584,8,69,812,4,13,76
2026-04-18,12,FCHBLRSJR01,80,877,7,29,233,3,7,35
2026-04-18,12,FCHBLRTHA01,24,351,7,26,432,7,25,392
2026-04-18,12,FCHBLRVAR01,26,269,4,39,424,5,39,441
2026-04-18,12,FCHBLRWHF01,51,527,7,57,587,8,56,567
2026-04-18,13,FCHBLRAECS01,45,433,6,30,144,1,1,2
2026-04-18,13,FCHBLRBEN01,43,455,5,44,487,2,3,15
2026-04-18,13,FCHBLRBHO01,25,299,4,25,287,5,25,243
2026-04-18,13,FCHBLRDOD01,22,285,5,22,324,4,24,330
2026-04-18,13,FCHBLRELC01,20,199,5,20,203,3,15,127
2026-04-18,13,FCHBLRHAR01,39,348,7,42,400,6,25,176
2026-04-18,13,FCHBLRHEB01,22,272,5,23,263,5,24,274
2026-04-18,13,FCHBLRHOO01,39,394,6,33,214,4,5,19
2026-04-18,13,FCHBLRHSAF01,25,281,6,25,257,5,13,96
2026-04-18,13,FCHBLRHSR01,38,370,5,36,430,5,25,195
2026-04-18,13,FCHBLRJPN01,54,573,8,62,389,7,24,135
2026-04-18,13,FCHBLRKOR01,62,700,5,50,551,6,16,89
2026-04-18,13,FCHBLRSJR01,50,593,7,27,149,3,3,14
2026-04-18,13,FCHBLRTHA01,13,148,4,13,148,4,14,164
2026-04-18,13,FCHBLRVAR01,25,220,4,24,215,4,24,215
2026-04-18,13,FCHBLRWHF01,43,417,6,41,371,6,42,398
2026-04-18,14,FCHBLRAECS01,37,355,2,7,29,1,1,5
2026-04-18,14,FCHBLRBEN01,30,320,6,30,356,3,6,28
2026-04-18,14,FCHBLRBHO01,31,270,4,33,306,5,33,311
2026-04-18,14,FCHBLRDOD01,28,304,7,28,341,7,29,337
2026-04-18,14,FCHBLRELC01,20,165,5,17,142,6,14,113
2026-04-18,14,FCHBLRHAR01,32,359,7,32,393,7,16,141
2026-04-18,14,FCHBLRHEB01,28,281,6,27,262,3,24,221
2026-04-18,14,FCHBLRHOO01,38,338,7,25,117,4,6,31
2026-04-18,14,FCHBLRHSAF01,18,282,5,17,228,3,8,57
2026-04-18,14,FCHBLRHSR01,35,292,5,35,306,5,31,205
2026-04-18,14,FCHBLRJPN01,32,285,9,52,240,6,12,66
2026-04-18,14,FCHBLRKOR01,48,546,6,43,504,5,19,112
2026-04-18,14,FCHBLRSJR01,43,448,8,21,159,3,4,16
2026-04-18,14,FCHBLRTHA01,11,90,4,11,90,4,11,90
2026-04-18,14,FCHBLRVAR01,25,234,9,26,243,8,25,238
2026-04-18,14,FCHBLRWHF01,32,353,7,29,294,7,29,294
2026-04-18,15,FCHBLRAECS01,24,131,1,7,34,0,0,0
2026-04-18,15,FCHBLRBEN01,23,228,7,22,315,5,13,103
2026-04-18,15,FCHBLRBHO01,19,207,4,20,223,4,19,188
2026-04-18,15,FCHBLRDOD01,21,225,6,18,182,6,17,177
2026-04-18,15,FCHBLRELC01,15,150,6,15,177,5,11,88
2026-04-18,15,FCHBLRHAR01,31,255,7,29,248,6,19,140
2026-04-18,15,FCHBLRHEB01,25,251,8,25,265,8,21,228
2026-04-18,15,FCHBLRHOO01,37,379,3,34,301,2,3,28
2026-04-18,15,FCHBLRHSAF01,23,292,5,18,177,3,7,47
2026-04-18,15,FCHBLRHSR01,25,269,5,29,278,5,28,273
2026-04-18,15,FCHBLRJPN01,44,457,8,42,304,8,35,309
2026-04-18,15,FCHBLRKOR01,49,458,11,43,464,10,21,114
2026-04-18,15,FCHBLRSJR01,53,537,8,19,176,1,1,3
2026-04-18,15,FCHBLRTHA01,9,132,5,9,132,4,9,132
2026-04-18,15,FCHBLRVAR01,22,226,6,21,212,5,20,205
2026-04-18,15,FCHBLRWHF01,23,259,8,30,354,9,32,368
2026-04-18,16,FCHBLRAECS01,38,290,5,6,40,1,1,1
2026-04-18,16,FCHBLRBEN01,31,320,6,28,306,4,11,62
2026-04-18,16,FCHBLRBHO01,22,200,2,18,159,5,19,198
2026-04-18,16,FCHBLRDOD01,19,223,7,22,280,7,23,276
2026-04-18,16,FCHBLRELC01,17,232,7,17,231,6,13,137
2026-04-18,16,FCHBLRHAR01,31,288,6,31,254,5,17,157
2026-04-18,16,FCHBLRHEB01,26,259,6,26,250,7,17,131
2026-04-18,16,FCHBLRHOO01,42,385,6,44,271,4,10,54
2026-04-18,16,FCHBLRHSAF01,16,183,5,16,152,5,8,54
2026-04-18,16,FCHBLRHSR01,34,301,6,36,397,6,37,361
2026-04-18,16,FCHBLRJPN01,41,463,9,39,265,8,36,342
2026-04-18,16,FCHBLRKOR01,35,333,6,28,305,6,23,168
2026-04-18,16,FCHBLRSJR01,48,507,5,18,89,1,3,10
2026-04-18,16,FCHBLRTHA01,11,149,5,11,149,5,11,149
2026-04-18,16,FCHBLRVAR01,30,372,7,27,374,4,25,303
2026-04-18,16,FCHBLRWHF01,40,435,5,37,389,6,37,388
2026-04-18,17,FCHBLRAECS01,24,221,0,0,0,0,0,0
2026-04-18,17,FCHBLRBEN01,35,389,6,34,414,3,5,27
2026-04-18,17,FCHBLRBHO01,26,281,3,28,322,4,28,285
2026-04-18,17,FCHBLRDOD01,26,317,7,24,299,8,24,308
2026-04-18,17,FCHBLRELC01,22,227,4,22,227,5,24,264
2026-04-18,17,FCHBLRHAR01,33,365,5,33,319,4,23,179
2026-04-18,17,FCHBLRHEB01,32,295,8,28,275,7,24,165
2026-04-18,17,FCHBLRHOO01,31,404,3,24,155,0,0,0
2026-04-18,17,FCHBLRHSAF01,21,302,7,20,210,6,17,162
2026-04-18,17,FCHBLRHSR01,37,310,5,32,245,5,32,237
2026-04-18,17,FCHBLRJPN01,30,296,6,28,175,8,22,187
2026-04-18,17,FCHBLRKOR01,56,469,6,43,402,5,18,124
2026-04-18,17,FCHBLRSJR01,44,503,5,17,120,1,2,6
2026-04-18,17,FCHBLRTHA01,12,132,5,12,132,5,12,132
2026-04-18,17,FCHBLRVAR01,27,349,7,30,410,6,32,387
2026-04-18,17,FCHBLRWHF01,39,423,8,40,448,8,41,482
2026-04-18,18,FCHBLRAECS01,32,302,1,1,2,0,0,0
2026-04-18,18,FCHBLRBEN01,26,309,5,28,366,2,5,19
2026-04-18,18,FCHBLRBHO01,24,270,2,25,276,4,25,279
2026-04-18,18,FCHBLRDOD01,27,210,8,26,222,7,26,213
2026-04-18,18,FCHBLRELC01,27,288,5,25,245,5,23,228
2026-04-18,18,FCHBLRHAR01,37,314,5,34,300,5,21,144
2026-04-18,18,FCHBLRHEB01,24,216,7,25,238,5,17,154
2026-04-18,18,FCHBLRHOO01,41,392,5,40,237,2,4,20
2026-04-18,18,FCHBLRHSAF01,23,260,4,20,182,5,17,164
2026-04-18,18,FCHBLRHSR01,41,364,6,38,428,5,34,276
2026-04-18,18,FCHBLRJPN01,41,434,6,32,217,5,25,209
2026-04-18,18,FCHBLRKOR01,53,546,6,36,311,3,4,16
2026-04-18,18,FCHBLRSJR01,41,473,3,6,32,1,1,5
2026-04-18,18,FCHBLRTHA01,14,141,5,13,122,5,12,139
2026-04-18,18,FCHBLRVAR01,34,361,5,35,372,6,34,364
2026-04-18,18,FCHBLRWHF01,43,394,6,41,379,7,43,395
2026-04-18,19,FCHBLRAECS01,33,287,0,0,0,0,0,0
2026-04-18,19,FCHBLRBEN01,24,281,5,24,317,0,0,0
2026-04-18,19,FCHBLRBHO01,19,142,2,20,170,3,20,174
2026-04-18,19,FCHBLRDOD01,21,218,8,23,245,7,21,234
2026-04-18,19,FCHBLRELC01,12,92,5,13,106,5,13,117
2026-04-18,19,FCHBLRHAR01,28,276,5,32,326,5,23,186
2026-04-18,19,FCHBLRHEB01,26,215,7,24,187,6,15,106
2026-04-18,19,FCHBLRHOO01,29,240,4,26,150,4,4,14
2026-04-18,19,FCHBLRHSAF01,27,252,3,20,146,3,15,99
2026-04-18,19,FCHBLRHSR01,40,443,5,40,500,6,35,318
2026-04-18,19,FCHBLRJPN01,42,407,7,36,247,8,24,194
2026-04-18,19,FCHBLRKOR01,34,410,5,30,358,0,0,0
2026-04-18,19,FCHBLRSJR01,44,447,3,7,53,0,0,0
2026-04-18,19,FCHBLRTHA01,12,82,3,12,77,4,12,85
2026-04-18,19,FCHBLRVAR01,13,146,5,12,134,6,14,150
2026-04-18,19,FCHBLRWHF01,35,387,5,35,410,7,35,432
2026-04-18,20,FCHBLRAECS01,22,167,1,2,2,0,0,0
2026-04-18,20,FCHBLRBEN01,31,324,6,33,326,1,2,10
2026-04-18,20,FCHBLRBHO01,19,200,3,17,171,3,16,173
2026-04-18,20,FCHBLRDOD01,21,197,6,20,183,7,21,205
2026-04-18,20,FCHBLRELC01,21,178,4,20,162,5,20,180
2026-04-18,20,FCHBLRHAR01,25,223,5,24,178,5,21,147
2026-04-18,20,FCHBLRHEB01,24,250,7,26,254,7,17,128
2026-04-18,20,FCHBLRHOO01,31,327,5,31,178,1,2,6
2026-04-18,20,FCHBLRHSAF01,21,153,4,20,130,3,15,100
2026-04-18,20,FCHBLRHSR01,28,197,5,33,253,5,34,273
2026-04-18,20,FCHBLRJPN01,38,418,6,30,230,4,16,145
2026-04-18,20,FCHBLRKOR01,27,281,5,21,201,2,4,9
2026-04-18,20,FCHBLRSJR01,40,356,4,7,45,0,0,0
2026-04-18,20,FCHBLRTHA01,13,108,4,14,127,4,14,127
2026-04-18,20,FCHBLRVAR01,19,185,5,16,166,5,16,168
2026-04-18,20,FCHBLRWHF01,25,224,5,23,202,7,25,217
2026-04-18,21,FCHBLRAECS01,16,111,1,3,7,0,0,0
2026-04-18,21,FCHBLRBEN01,15,130,5,15,138,1,1,8
2026-04-18,21,FCHBLRBHO01,11,87,2,11,87,3,11,100
2026-04-18,21,FCHBLRDOD01,23,214,7,22,224,7,22,226
2026-04-18,21,FCHBLRELC01,5,39,3,5,38,3,5,38
2026-04-18,21,FCHBLRHAR01,15,118,4,16,121,2,10,65
2026-04-18,21,FCHBLRHEB01,15,108,5,15,111,6,13,95
2026-04-18,21,FCHBLRHOO01,24,158,4,20,96,3,7,31
2026-04-18,21,FCHBLRHSAF01,12,67,3,13,86,1,11,62
2026-04-18,21,FCHBLRHSR01,22,163,5,24,230,5,21,148
2026-04-18,21,FCHBLRJPN01,17,135,3,14,72,2,8,46
2026-04-18,21,FCHBLRKOR01,21,167,4,18,145,2,5,12
2026-04-18,21,FCHBLRSJR01,24,157,0,0,0,0,0,0
2026-04-18,21,FCHBLRTHA01,3,34,2,3,34,3,3,38
2026-04-18,21,FCHBLRVAR01,19,221,5,16,163,5,15,139
2026-04-18,21,FCHBLRWHF01,22,171,5,22,160,5,23,179
2026-04-18,22,FCHBLRAECS01,10,77,3,3,14,0,0,0
2026-04-18,22,FCHBLRBEN01,9,59,2,8,50,2,5,22
2026-04-18,22,FCHBLRBHO01,8,67,2,7,52,2,7,52
2026-04-18,22,FCHBLRDOD01,5,29,4,5,51,4,5,46
2026-04-18,22,FCHBLRELC01,9,40,4,10,57,5,10,59
2026-04-18,22,FCHBLRHAR01,17,101,4,15,69,4,11,77
2026-04-18,22,FCHBLRHEB01,6,28,4,6,26,3,5,18
2026-04-18,22,FCHBLRHOO01,6,65,2,8,44,0,0,0
2026-04-18,22,FCHBLRHSAF01,4,28,2,4,28,2,4,28
2026-04-18,22,FCHBLRHSR01,17,120,2,17,120,3,17,95
2026-04-18,22,FCHBLRJPN01,11,69,5,11,66,4,11,69
2026-04-18,22,FCHBLRKOR01,23,178,3,14,81,2,2,3
2026-04-18,22,FCHBLRSJR01,18,118,1,1,1,0,0,0
2026-04-18,22,FCHBLRTHA01,2,17,1,2,17,1,2,17
2026-04-18,22,FCHBLRVAR01,6,42,3,12,148,5,13,182
2026-04-18,22,FCHBLRWHF01,12,82,5,13,99,6,13,103
2026-04-18,23,FCHBLRAECS01,3,14,0,0,0,0,0,0
2026-04-18,23,FCHBLRBEN01,2,17,4,3,34,0,0,0
2026-04-18,23,FCHBLRBHO01,1,4,1,2,19,1,2,19
2026-04-18,23,FCHBLRDOD01,2,15,2,2,17,3,2,23
2026-04-18,23,FCHBLRELC01,6,33,2,6,33,3,6,37
2026-04-18,23,FCHBLRHAR01,2,25,3,4,40,1,1,6
2026-04-18,23,FCHBLRHEB01,2,14,3,3,18,2,2,11
2026-04-18,23,FCHBLRHOO01,7,31,2,4,16,1,1,5
2026-04-18,23,FCHBLRHSAF01,4,19,1,4,19,1,4,19
2026-04-18,23,FCHBLRHSR01,8,55,2,7,44,3,7,43
2026-04-18,23,FCHBLRJPN01,3,27,2,3,27,2,3,27
2026-04-18,23,FCHBLRKOR01,9,43,2,6,25,0,0,0
2026-04-18,23,FCHBLRSJR01,9,36,1,1,2,0,0,0
2026-04-18,23,FCHBLRTHA01,1,8,1,1,8,1,1,8
2026-04-18,23,FCHBLRVAR01,3,19,1,2,13,1,2,13
2026-04-18,23,FCHBLRWHF01,3,20,1,3,20,1,3,20
2026-04-17,0,FCHBLRBHO01,0,0,1,1,19,1,1,19
2026-04-17,0,FCHBLRHSAF01,0,0,1,1,3,1,1,3
2026-04-17,0,FCHBLRSJR01,1,6,0,0,0,0,0,0
2026-04-17,6,FCHBLRAECS01,9,83,3,9,63,2,4,19
2026-04-17,6,FCHBLRBEN01,17,131,3,14,111,2,8,46
2026-04-17,6,FCHBLRBHO01,10,80,4,9,74,4,8,75
2026-04-17,6,FCHBLRDOD01,9,86,2,9,86,2,8,69
2026-04-17,6,FCHBLRELC01,9,83,2,7,59,3,7,75
2026-04-17,6,FCHBLRHAR01,22,215,4,17,190,4,9,58
2026-04-17,6,FCHBLRHEB01,20,184,4,20,182,4,20,177
2026-04-17,6,FCHBLRHOO01,14,168,4,10,66,3,2,10
2026-04-17,6,FCHBLRHSAF01,11,80,3,10,77,3,10,77
2026-04-17,6,FCHBLRHSR01,13,114,4,13,114,5,13,119
2026-04-17,6,FCHBLRJPN01,22,261,8,21,239,6,19,204
2026-04-17,6,FCHBLRKOR01,20,208,4,13,116,2,5,31
2026-04-17,6,FCHBLRSJR01,23,187,4,10,83,3,4,21
2026-04-17,6,FCHBLRTHA01,5,62,2,5,62,3,5,62
2026-04-17,6,FCHBLRVAR01,14,130,4,11,107,3,9,60
2026-04-17,6,FCHBLRWHF01,16,176,6,16,176,6,16,176
2026-04-17,7,FCHBLRAECS01,28,260,6,23,229,6,23,206
2026-04-17,7,FCHBLRBEN01,23,196,5,24,251,4,11,60
2026-04-17,7,FCHBLRBHO01,23,213,4,23,211,4,22,176
2026-04-17,7,FCHBLRDOD01,25,282,4,24,282,4,25,299
2026-04-17,7,FCHBLRELC01,22,267,9,22,290,8,21,239
2026-04-17,7,FCHBLRHAR01,36,428,6,32,475,4,10,51
2026-04-17,7,FCHBLRHEB01,32,268,6,30,243,4,29,230
2026-04-17,7,FCHBLRHOO01,58,515,7,53,295,4,5,14
2026-04-17,7,FCHBLRHSAF01,18,158,5,17,143,4,16,137
2026-04-17,7,FCHBLRHSR01,32,279,5,27,256,5,26,221
2026-04-17,7,FCHBLRJPN01,39,402,6,38,340,7,32,311
2026-04-17,7,FCHBLRKOR01,40,426,6,30,323,6,8,33
2026-04-17,7,FCHBLRSJR01,43,475,7,33,300,8,24,215
2026-04-17,7,FCHBLRTHA01,26,248,5,25,235,6,24,230
2026-04-17,7,FCHBLRVAR01,24,307,4,23,301,4,24,332
2026-04-17,7,FCHBLRWHF01,39,279,5,38,279,7,39,284
2026-04-17,8,FCHBLRAECS01,42,451,8,41,440,6,15,83
2026-04-17,8,FCHBLRBEN01,47,480,4,45,561,4,18,117
2026-04-17,8,FCHBLRBHO01,38,413,6,37,419,6,32,240
2026-04-17,8,FCHBLRDOD01,35,392,5,32,372,5,33,367
2026-04-17,8,FCHBLRELC01,24,223,8,25,261,8,24,233
2026-04-17,8,FCHBLRHAR01,47,478,6,51,578,5,24,125
2026-04-17,8,FCHBLRHEB01,40,410,5,39,383,5,37,325
2026-04-17,8,FCHBLRHOO01,55,584,4,47,286,2,2,4
2026-04-17,8,FCHBLRHSAF01,35,328,6,35,330,5,33,270
2026-04-17,8,FCHBLRHSR01,49,471,7,52,517,5,44,329
2026-04-17,8,FCHBLRJPN01,53,601,7,47,400,7,47,484
2026-04-17,8,FCHBLRKOR01,71,709,6,57,534,5,13,58
2026-04-17,8,FCHBLRSJR01,72,880,9,59,764,10,47,432
2026-04-17,8,FCHBLRTHA01,20,146,4,20,154,5,20,163
2026-04-17,8,FCHBLRVAR01,29,329,6,33,416,6,33,363
2026-04-17,8,FCHBLRWHF01,59,628,6,51,513,6,50,496
2026-04-17,9,FCHBLRAECS01,44,386,6,39,312,6,8,46
2026-04-17,9,FCHBLRBEN01,46,400,5,47,443,4,17,86
2026-04-17,9,FCHBLRBHO01,38,459,5,33,382,6,31,298
2026-04-17,9,FCHBLRDOD01,33,401,6,35,439,5,35,440
2026-04-17,9,FCHBLRELC01,33,283,5,33,274,6,25,158
2026-04-17,9,FCHBLRHAR01,47,546,6,46,563,6,18,107
2026-04-17,9,FCHBLRHEB01,43,482,4,36,389,6,34,345
2026-04-17,9,FCHBLRHOO01,41,426,6,36,198,5,5,19
2026-04-17,9,FCHBLRHSAF01,32,365,5,27,307,4,23,239
2026-04-17,9,FCHBLRHSR01,59,573,5,56,616,5,53,427
2026-04-17,9,FCHBLRJPN01,53,611,9,51,575,8,48,554
2026-04-17,9,FCHBLRKOR01,62,589,6,55,471,5,30,147
2026-04-17,9,FCHBLRSJR01,61,582,8,47,525,8,27,225
2026-04-17,9,FCHBLRTHA01,28,252,4,28,258,4,29,265
2026-04-17,9,FCHBLRVAR01,25,298,5,24,386,4,25,308
2026-04-17,9,FCHBLRWHF01,48,449,5,55,575,7,57,621
2026-04-17,10,FCHBLRAECS01,36,321,5,37,259,5,6,21
2026-04-17,10,FCHBLRBEN01,35,373,5,35,386,5,11,62
2026-04-17,10,FCHBLRBHO01,19,238,3,20,227,3,11,74
2026-04-17,10,FCHBLRDOD01,20,180,4,19,174,5,18,166
2026-04-17,10,FCHBLRELC01,24,217,4,22,228,4,20,152
2026-04-17,10,FCHBLRHAR01,36,340,5,35,314,5,21,97
2026-04-17,10,FCHBLRHEB01,37,394,5,44,479,4,35,338
2026-04-17,10,FCHBLRHOO01,50,490,5,34,187,2,2,14
2026-04-17,10,FCHBLRHSAF01,30,340,5,19,238,4,10,77
2026-04-17,10,FCHBLRHSR01,43,363,4,46,388,5,44,362
2026-04-17,10,FCHBLRJPN01,52,568,9,45,380,9,43,465
2026-04-17,10,FCHBLRKOR01,62,591,6,56,527,5,20,86
2026-04-17,10,FCHBLRSJR01,56,608,9,48,490,7,24,175
2026-04-17,10,FCHBLRTHA01,24,210,5,24,230,4,24,210
2026-04-17,10,FCHBLRVAR01,23,236,5,21,225,5,21,222
2026-04-17,10,FCHBLRWHF01,45,513,7,41,452,7,41,462
2026-04-17,11,FCHBLRAECS01,28,216,6,24,168,5,6,25
2026-04-17,11,FCHBLRBEN01,25,221,6,24,242,4,5,24
2026-04-17,11,FCHBLRBHO01,26,226,3,17,117,4,15,97
2026-04-17,11,FCHBLRDOD01,26,332,5,27,387,5,27,342
2026-04-17,11,FCHBLRELC01,11,140,4,11,97,4,10,84
2026-04-17,11,FCHBLRHAR01,22,211,6,24,256,2,4,21
2026-04-17,11,FCHBLRHEB01,31,281,4,29,264,3,27,244
2026-04-17,11,FCHBLRHOO01,36,419,4,28,176,4,4,25
2026-04-17,11,FCHBLRHSAF01,25,338,4,23,222,4,10,60
2026-04-17,11,FCHBLRHSR01,26,220,5,25,219,5,26,249
2026-04-17,11,FCHBLRJPN01,50,579,7,44,504,5,43,513
2026-04-17,11,FCHBLRKOR01,50,446,5,46,397,4,16,72
2026-04-17,11,FCHBLRSJR01,41,415,8,34,367,7,22,179
2026-04-17,11,FCHBLRTHA01,12,109,2,11,101,3,10,84
2026-04-17,11,FCHBLRVAR01,15,155,4,15,138,2,15,138
2026-04-17,11,FCHBLRWHF01,23,241,4,28,303,5,28,302
2026-04-17,12,FCHBLRAECS01,16,148,5,18,150,1,2,11
2026-04-17,12,FCHBLRBEN01,33,265,5,33,317,5,21,126
2026-04-17,12,FCHBLRBHO01,13,118,3,10,60,3,7,31
2026-04-17,12,FCHBLRDOD01,17,166,4,17,166,5,18,182
2026-04-17,12,FCHBLRELC01,6,38,4,8,115,2,8,69
2026-04-17,12,FCHBLRHAR01,20,167,6,18,174,4,7,41
2026-04-17,12,FCHBLRHEB01,23,319,4,24,260,4,23,254
2026-04-17,12,FCHBLRHOO01,17,177,4,21,155,1,1,4
2026-04-17,12,FCHBLRHSAF01,15,137,5,21,225,7,14,156
2026-04-17,12,FCHBLRHSR01,34,312,5,33,314,4,31,298
2026-04-17,12,FCHBLRJPN01,39,371,7,49,428,6,48,480
2026-04-17,12,FCHBLRKOR01,46,430,5,38,376,3,11,40
2026-04-17,12,FCHBLRSJR01,37,301,8,29,244,6,19,130
2026-04-17,12,FCHBLRTHA01,13,133,3,14,141,4,15,169
2026-04-17,12,FCHBLRVAR01,22,211,5,23,241,5,23,241
2026-04-17,12,FCHBLRWHF01,35,337,2,33,330,3,33,317
2026-04-17,13,FCHBLRAECS01,15,138,3,14,101,2,4,18
2026-04-17,13,FCHBLRBEN01,21,205,5,18,196,4,11,59
2026-04-17,13,FCHBLRBHO01,13,83,2,10,47,3,7,39
2026-04-17,13,FCHBLRDOD01,16,177,4,15,168,3,15,171
2026-04-17,13,FCHBLRELC01,12,97,5,12,100,4,11,81
2026-04-17,13,FCHBLRHAR01,11,73,6,13,88,5,9,56
2026-04-17,13,FCHBLRHEB01,15,145,5,18,212,4,15,153
2026-04-17,13,FCHBLRHOO01,27,247,6,25,159,2,3,11
2026-04-17,13,FCHBLRHSAF01,15,140,5,16,133,5,14,144
2026-04-17,13,FCHBLRHSR01,27,223,4,25,190,4,26,197
2026-04-17,13,FCHBLRJPN01,42,438,5,39,333,5,35,309
2026-04-17,13,FCHBLRKOR01,29,219,6,27,209,3,9,46
2026-04-17,13,FCHBLRSJR01,29,263,7,23,173,7,20,122
2026-04-17,13,FCHBLRTHA01,12,143,3,12,121,4,11,104
2026-04-17,13,FCHBLRVAR01,19,195,5,20,202,6,19,176
2026-04-17,13,FCHBLRWHF01,24,249,3,25,256,3,26,276
2026-04-17,14,FCHBLRAECS01,19,147,5,18,107,3,5,18
2026-04-17,14,FCHBLRBEN01,19,166,6,22,238,2,3,35
2026-04-17,14,FCHBLRBHO01,11,99,1,11,92,2,8,37
2026-04-17,14,FCHBLRDOD01,9,141,6,9,118,5,9,119
2026-04-17,14,FCHBLRELC01,12,103,4,11,94,4,10,89
2026-04-17,14,FCHBLRHAR01,12,111,4,10,79,5,6,51
2026-04-17,14,FCHBLRHEB01,21,174,4,20,156,4,18,139
2026-04-17,14,FCHBLRHOO01,24,238,4,21,99,3,4,17
2026-04-17,14,FCHBLRHSAF01,16,174,4,16,167,4,15,127
2026-04-17,14,FCHBLRHSR01,27,201,4,28,230,4,28,234
2026-04-17,14,FCHBLRJPN01,29,326,6,27,267,5,26,301
2026-04-17,14,FCHBLRKOR01,43,316,6,38,260,6,10,33
2026-04-17,14,FCHBLRSJR01,36,350,7,30,235,6,21,148
2026-04-17,14,FCHBLRTHA01,14,141,4,14,151,3,13,122
2026-04-17,14,FCHBLRVAR01,14,149,5,13,146,5,14,172
2026-04-17,14,FCHBLRWHF01,28,263,4,26,242,4,25,242
2026-04-17,15,FCHBLRAECS01,14,139,1,9,30,0,0,0
2026-04-17,15,FCHBLRBEN01,14,82,2,11,53,2,10,48
2026-04-17,15,FCHBLRBHO01,13,88,5,14,92,5,11,59
2026-04-17,15,FCHBLRDOD01,16,143,8,17,173,7,16,167
2026-04-17,15,FCHBLRELC01,12,75,3,12,72,4,9,51
2026-04-17,15,FCHBLRHAR01,21,285,5,17,218,4,7,54
2026-04-17,15,FCHBLRHEB01,22,180,6,20,175,7,18,156
2026-04-17,15,FCHBLRHOO01,15,120,5,15,82,3,3,18
2026-04-17,15,FCHBLRHSAF01,13,110,4,12,75,4,10,78
2026-04-17,15,FCHBLRHSR01,18,94,6,16,108,7,16,112
2026-04-17,15,FCHBLRJPN01,32,300,9,33,262,9,32,307
2026-04-17,15,FCHBLRKOR01,23,249,6,17,171,2,3,11
2026-04-17,15,FCHBLRSJR01,24,286,7,19,216,7,11,111
2026-04-17,15,FCHBLRTHA01,10,78,3,10,78,3,11,116
2026-04-17,15,FCHBLRVAR01,13,132,4,14,135,5,14,144
2026-04-17,15,FCHBLRWHF01,21,201,6,22,220,5,23,230
2026-04-17,16,FCHBLRAECS01,18,205,1,9,31,0,0,0
2026-04-17,16,FCHBLRBEN01,19,174,5,20,189,4,12,74
2026-04-17,16,FCHBLRBHO01,24,284,6,22,248,5,19,214
2026-04-17,16,FCHBLRDOD01,18,192,5,17,180,6,17,181
2026-04-17,16,FCHBLRELC01,17,167,5,16,151,6,14,105
2026-04-17,16,FCHBLRHAR01,23,187,5,28,314,4,16,108
2026-04-17,16,FCHBLRHEB01,27,222,6,29,239,6,27,192
2026-04-17,16,FCHBLRHOO01,20,179,6,18,146,1,1,7
2026-04-17,16,FCHBLRHSAF01,19,147,6,19,157,4,15,136
2026-04-17,16,FCHBLRHSR01,15,112,6,16,123,4,16,117
2026-04-17,16,FCHBLRJPN01,31,291,8,30,259,7,30,276
2026-04-17,16,FCHBLRKOR01,31,256,5,18,156,2,4,11
2026-04-17,16,FCHBLRSJR01,30,290,9,12,142,3,5,16
2026-04-17,16,FCHBLRTHA01,10,94,3,10,94,3,10,94
2026-04-17,16,FCHBLRVAR01,20,203,3,18,154,3,18,154
2026-04-17,16,FCHBLRWHF01,24,172,4,25,176,5,25,184
2026-04-17,17,FCHBLRAECS01,22,193,1,9,35,0,0,0
2026-04-17,17,FCHBLRBEN01,31,381,5,28,402,2,8,40
2026-04-17,17,FCHBLRBHO01,18,128,3,19,172,4,19,150
2026-04-17,17,FCHBLRDOD01,24,270,5,22,242,6,22,259
2026-04-17,17,FCHBLRELC01,9,131,4,9,137,5,10,181
2026-04-17,17,FCHBLRHAR01,16,165,4,16,177,3,11,108
2026-04-17,17,FCHBLRHEB01,16,164,5,14,128,5,12,110
2026-04-17,17,FCHBLRHOO01,26,213,6,25,123,3,3,9
2026-04-17,17,FCHBLRHSAF01,19,165,5,17,126,5,16,105
2026-04-17,17,FCHBLRHSR01,31,318,6,28,286,6,28,286
2026-04-17,17,FCHBLRJPN01,32,289,7,30,237,6,28,260
2026-04-17,17,FCHBLRKOR01,36,313,4,28,280,2,2,4
2026-04-17,17,FCHBLRSJR01,42,445,3,13,89,2,2,9
2026-04-17,17,FCHBLRTHA01,11,108,2,11,108,2,11,108
2026-04-17,17,FCHBLRVAR01,23,235,4,21,217,4,21,215
2026-04-17,17,FCHBLRWHF01,29,230,4,28,220,4,28,220
2026-04-17,18,FCHBLRAECS01,32,249,4,12,36,0,0,0
2026-04-17,18,FCHBLRBEN01,23,232,5,23,279,3,6,27
2026-04-17,18,FCHBLRBHO01,25,192,2,25,187,3,25,198
2026-04-17,18,FCHBLRDOD01,22,210,4,24,234,5,23,243
2026-04-17,18,FCHBLRELC01,26,221,4,24,210,5,24,224
2026-04-17,18,FCHBLRHAR01,37,322,4,32,268,4,25,184
2026-04-17,18,FCHBLRHEB01,23,201,7,24,202,6,16,105
2026-04-17,18,FCHBLRHOO01,25,290,3,24,192,0,0,0
2026-04-17,18,FCHBLRHSAF01,22,190,6,22,239,5,17,211
2026-04-17,18,FCHBLRHSR01,32,238,6,36,314,6,36,284
2026-04-17,18,FCHBLRJPN01,37,315,7,37,236,7,32,230
2026-04-17,18,FCHBLRKOR01,37,339,5,21,236,1,1,2
2026-04-17,18,FCHBLRSJR01,43,453,3,18,186,1,1,3
2026-04-17,18,FCHBLRTHA01,12,88,4,11,79,5,11,85
2026-04-17,18,FCHBLRVAR01,24,241,5,26,267,5,24,221
2026-04-17,18,FCHBLRWHF01,40,308,5,37,299,5,36,294
2026-04-17,19,FCHBLRAECS01,19,150,2,9,23,1,1,1
2026-04-17,19,FCHBLRBEN01,25,219,5,24,245,1,3,24
2026-04-17,19,FCHBLRBHO01,20,175,3,19,176,3,18,166
2026-04-17,19,FCHBLRDOD01,24,278,5,22,276,5,21,209
2026-04-17,19,FCHBLRELC01,13,137,3,14,137,4,14,146
2026-04-17,19,FCHBLRHAR01,31,243,4,30,305,4,19,121
2026-04-17,19,FCHBLRHEB01,21,192,6,21,195,6,16,142
2026-04-17,19,FCHBLRHOO01,30,287,5,29,188,2,2,9
2026-04-17,19,FCHBLRHSAF01,22,222,4,23,209,5,18,132
2026-04-17,19,FCHBLRHSR01,35,241,6,31,230,6,31,221
2026-04-17,19,FCHBLRJPN01,42,348,6,40,220,6,29,172
2026-04-17,19,FCHBLRKOR01,45,530,4,24,220,0,0,0
2026-04-17,19,FCHBLRSJR01,44,466,5,21,139,2,3,5
2026-04-17,19,FCHBLRTHA01,15,101,3,16,110,3,16,110
2026-04-17,19,FCHBLRVAR01,22,197,6,20,208,4,16,161
2026-04-17,19,FCHBLRWHF01,38,340,6,39,331,7,39,339
2026-04-17,20,FCHBLRAECS01,21,186,1,1,3,0,0,0
2026-04-17,20,FCHBLRBEN01,21,143,5,23,179,1,1,2
2026-04-17,20,FCHBLRBHO01,11,110,3,12,137,3,12,124
2026-04-17,20,FCHBLRDOD01,15,164,4,18,216,5,20,284
2026-04-17,20,FCHBLRELC01,14,129,4,12,116,4,10,101
2026-04-17,20,FCHBLRHAR01,25,195,4,27,202,4,12,66
2026-04-17,20,FCHBLRHEB01,18,109,6,18,107,6,17,90
2026-04-17,20,FCHBLRHOO01,22,185,5,22,123,1,2,17
2026-04-17,20,FCHBLRHSAF01,16,162,6,15,115,5,8,59
2026-04-17,20,FCHBLRHSR01,37,289,5,39,296,5,38,296
2026-04-17,20,FCHBLRJPN01,24,209,6,21,102,6,14,121
2026-04-17,20,FCHBLRKOR01,39,369,4,24,237,1,1,2
2026-04-17,20,FCHBLRSJR01,35,293,4,10,50,1,1,2
2026-04-17,20,FCHBLRTHA01,14,133,5,14,155,4,14,133
2026-04-17,20,FCHBLRVAR01,13,103,5,16,146,4,15,128
2026-04-17,20,FCHBLRWHF01,27,209,4,27,226,4,27,220
2026-04-17,21,FCHBLRAECS01,14,102,1,1,1,0,0,0
2026-04-17,21,FCHBLRBEN01,20,179,5,19,157,2,3,9
2026-04-17,21,FCHBLRBHO01,11,87,4,10,91,3,10,85
2026-04-17,21,FCHBLRDOD01,17,136,3,16,136,4,16,153
2026-04-17,21,FCHBLRELC01,10,90,4,12,112,5,13,143
2026-04-17,21,FCHBLRHAR01,16,106,4,17,118,3,10,44
2026-04-17,21,FCHBLRHEB01,15,187,5,10,109,3,9,96
2026-04-17,21,FCHBLRHOO01,24,209,4,17,77,1,1,3
2026-04-17,21,FCHBLRHSAF01,14,124,6,13,100,6,8,58
2026-04-17,21,FCHBLRHSR01,18,106,6,19,128,6,20,134
2026-04-17,21,FCHBLRJPN01,26,207,6,28,172,4,18,105
2026-04-17,21,FCHBLRKOR01,27,268,3,11,90,1,2,7
2026-04-17,21,FCHBLRSJR01,29,243,3,7,30,1,3,5
2026-04-17,21,FCHBLRTHA01,7,66,2,5,49,2,5,49
2026-04-17,21,FCHBLRVAR01,15,116,3,11,74,4,12,79
2026-04-17,21,FCHBLRWHF01,22,153,5,22,151,5,24,163
2026-04-17,22,FCHBLRAECS01,10,76,1,1,1,0,0,0
2026-04-17,22,FCHBLRBEN01,8,59,2,8,77,2,3,13
2026-04-17,22,FCHBLRBHO01,6,32,1,6,32,2,6,35
2026-04-17,22,FCHBLRDOD01,5,28,2,5,28,2,5,28
2026-04-17,22,FCHBLRELC01,6,32,2,6,32,2,6,32
2026-04-17,22,FCHBLRHAR01,8,49,3,9,91,1,4,18
2026-04-17,22,FCHBLRHEB01,8,38,4,9,79,4,7,33
2026-04-17,22,FCHBLRHOO01,15,154,4,14,71,3,5,21
2026-04-17,22,FCHBLRHSAF01,8,57,3,8,49,2,3,10
2026-04-17,22,FCHBLRHSR01,16,102,3,16,100,4,16,110
2026-04-17,22,FCHBLRJPN01,7,44,3,8,44,3,7,43
2026-04-17,22,FCHBLRKOR01,15,85,2,13,49,1,3,11
2026-04-17,22,FCHBLRSJR01,18,253,2,5,47,0,0,0
2026-04-17,22,FCHBLRTHA01,5,50,3,7,67,4,7,63
2026-04-17,22,FCHBLRVAR01,15,112,3,19,151,2,18,134
2026-04-17,22,FCHBLRWHF01,16,165,4,16,165,4,15,158
2026-04-17,23,FCHBLRAECS01,4,31,2,3,17,0,0,0
2026-04-17,23,FCHBLRBEN01,4,38,3,4,39,0,0,0
2026-04-17,23,FCHBLRBHO01,1,7,1,1,7,2,1,14
2026-04-17,23,FCHBLRDOD01,4,40,3,4,40,3,4,40
2026-04-17,23,FCHBLRELC01,3,22,1,3,22,2,3,29
2026-04-17,23,FCHBLRHAR01,5,14,3,5,23,3,5,23
2026-04-17,23,FCHBLRHEB01,6,31,3,8,40,4,8,41
2026-04-17,23,FCHBLRHOO01,5,48,3,3,11,0,0,0
2026-04-17,23,FCHBLRHSAF01,2,28,3,3,45,1,1,11
2026-04-17,23,FCHBLRHSR01,9,39,2,8,42,3,8,52
2026-04-17,23,FCHBLRJPN01,3,6,2,2,6,2,2,6
2026-04-17,23,FCHBLRKOR01,5,31,3,3,33,0,0,0
2026-04-17,23,FCHBLRSJR01,7,37,3,3,31,1,1,9
2026-04-17,23,FCHBLRTHA01,4,30,3,4,30,3,4,30
2026-04-17,23,FCHBLRVAR01,5,44,1,5,44,1,4,36
2026-04-17,23,FCHBLRWHF01,7,26,4,8,38,4,9,45
2026-04-16,0,FCHBLRHAR01,0,0,1,1,5,0,0,0
2026-04-16,0,FCHBLRHSR01,0,0,1,1,8,1,1,8
2026-04-16,0,FCHBLRVAR01,0,0,1,1,10,0,0,0
2026-04-16,6,FCHBLRAECS01,14,127,4,12,82,4,8,38
2026-04-16,6,FCHBLRBEN01,16,152,6,15,162,3,2,11
2026-04-16,6,FCHBLRBHO01,9,121,3,9,119,3,8,77
2026-04-16,6,FCHBLRDOD01,12,128,6,11,78,5,7,66
2026-04-16,6,FCHBLRELC01,6,63,2,6,63,2,6,63
2026-04-16,6,FCHBLRHAR01,16,135,3,14,123,2,6,44
2026-04-16,6,FCHBLRHEB01,18,149,3,17,141,4,15,99
2026-04-16,6,FCHBLRHOO01,9,105,6,7,67,3,4,22
2026-04-16,6,FCHBLRHSAF01,11,90,5,9,70,5,8,68
2026-04-16,6,FCHBLRHSR01,12,91,4,12,91,4,11,80
2026-04-16,6,FCHBLRJPN01,29,236,8,25,192,6,12,55
2026-04-16,6,FCHBLRKOR01,20,171,6,15,120,6,8,45
2026-04-16,6,FCHBLRSJR01,27,262,5,10,113,0,0,0
2026-04-16,6,FCHBLRTHA01,11,117,7,11,124,5,10,92
2026-04-16,6,FCHBLRVAR01,11,123,3,11,158,2,11,123
2026-04-16,6,FCHBLRWHF01,21,230,3,19,221,3,19,221
2026-04-16,7,FCHBLRAECS01,32,290,4,29,228,3,8,40
2026-04-16,7,FCHBLRBEN01,34,229,6,32,231,4,17,98
2026-04-16,7,FCHBLRBHO01,27,277,5,24,237,6,23,248
2026-04-16,7,FCHBLRDOD01,16,226,5,13,176,5,16,190
2026-04-16,7,FCHBLRELC01,21,198,7,21,206,6,19,164
2026-04-16,7,FCHBLRHAR01,37,405,6,36,423,6,17,123
2026-04-16,7,FCHBLRHEB01,33,314,7,33,286,8,30,281
2026-04-16,7,FCHBLRHOO01,41,432,6,39,328,6,8,29
2026-04-16,7,FCHBLRHSAF01,28,292,7,25,256,6,24,225
2026-04-16,7,FCHBLRHSR01,25,197,5,24,212,6,25,193
2026-04-16,7,FCHBLRJPN01,48,575,6,37,280,4,11,140
2026-04-16,7,FCHBLRKOR01,55,624,6,52,616,5,18,80
2026-04-16,7,FCHBLRSJR01,67,782,11,43,540,7,22,199
2026-04-16,7,FCHBLRTHA01,27,307,5,22,197,5,22,199
2026-04-16,7,FCHBLRVAR01,18,173,3,17,179,2,17,167
2026-04-16,7,FCHBLRWHF01,39,394,4,39,397,4,40,402
2026-04-16,8,FCHBLRAECS01,41,424,4,39,301,2,3,7
2026-04-16,8,FCHBLRBEN01,54,591,6,48,590,5,29,271
2026-04-16,8,FCHBLRBHO01,28,231,4,29,246,5,28,242
2026-04-16,8,FCHBLRDOD01,33,301,6,34,333,4,32,296
2026-04-16,8,FCHBLRELC01,24,255,4,23,238,4,22,213
2026-04-16,8,FCHBLRHAR01,54,464,6,48,428,6,29,178
2026-04-16,8,FCHBLRHEB01,43,427,8,41,395,7,38,319
2026-04-16,8,FCHBLRHOO01,42,552,5,40,359,1,1,3
2026-04-16,8,FCHBLRHSAF01,30,402,7,28,382,6,26,261
2026-04-16,8,FCHBLRHSR01,40,367,5,41,400,5,34,258
2026-04-16,8,FCHBLRJPN01,56,657,7,46,366,5,12,79
2026-04-16,8,FCHBLRKOR01,60,671,5,53,552,6,7,28
2026-04-16,8,FCHBLRSJR01,61,805,10,47,611,8,27,238
2026-04-16,8,FCHBLRTHA01,25,232,5,28,333,5,26,261
2026-04-16,8,FCHBLRVAR01,32,334,2,31,328,1,31,295
2026-04-16,8,FCHBLRWHF01,51,439,6,51,438,6,52,457
2026-04-16,9,FCHBLRAECS01,35,319,4,30,226,1,7,31
2026-04-16,9,FCHBLRBEN01,40,442,6,45,525,4,16,90
2026-04-16,9,FCHBLRBHO01,29,250,5,29,237,5,28,231
2026-04-16,9,FCHBLRDOD01,25,256,7,25,263,7,24,208
2026-04-16,9,FCHBLRELC01,26,280,5,23,217,4,22,197
2026-04-16,9,FCHBLRHAR01,38,356,5,39,326,5,16,103
2026-04-16,9,FCHBLRHEB01,27,232,5,30,281,5,30,295
2026-04-16,9,FCHBLRHOO01,57,649,6,52,443,3,6,31
2026-04-16,9,FCHBLRHSAF01,28,324,6,30,352,6,30,362
2026-04-16,9,FCHBLRHSR01,46,398,4,41,336,4,39,307
2026-04-16,9,FCHBLRJPN01,62,588,7,55,460,5,45,394
2026-04-16,9,FCHBLRKOR01,61,573,6,44,394,4,15,73
2026-04-16,9,FCHBLRSJR01,63,606,8,41,343,5,28,194
2026-04-16,9,FCHBLRTHA01,28,263,3,27,242,4,25,221
2026-04-16,9,FCHBLRVAR01,40,430,3,29,388,3,29,332
2026-04-16,9,FCHBLRWHF01,56,522,6,54,498,6,54,495
2026-04-16,10,FCHBLRAECS01,24,221,6,25,175,3,3,13
2026-04-16,10,FCHBLRBEN01,38,404,6,36,466,3,14,72
2026-04-16,10,FCHBLRBHO01,19,162,4,21,188,5,18,190
2026-04-16,10,FCHBLRDOD01,20,252,5,22,264,4,20,239
2026-04-16,10,FCHBLRELC01,15,177,5,16,289,4,11,99
2026-04-16,10,FCHBLRHAR01,35,387,6,29,333,5,13,83
2026-04-16,10,FCHBLRHEB01,26,288,6,25,315,5,23,237
2026-04-16,10,FCHBLRHOO01,35,410,5,35,266,0,0,0
2026-04-16,10,FCHBLRHSAF01,17,224,7,19,250,5,20,273
2026-04-16,10,FCHBLRHSR01,44,368,4,48,463,2,43,330
2026-04-16,10,FCHBLRJPN01,51,501,6,43,376,6,32,283
2026-04-16,10,FCHBLRKOR01,66,738,6,50,389,3,14,66
2026-04-16,10,FCHBLRSJR01,52,539,10,43,371,10,37,383
2026-04-16,10,FCHBLRTHA01,23,133,3,21,148,4,23,179
2026-04-16,10,FCHBLRVAR01,19,227,3,29,349,3,29,327
2026-04-16,10,FCHBLRWHF01,46,536,4,46,540,5,46,558
2026-04-16,11,FCHBLRAECS01,26,239,5,23,248,1,1,4
2026-04-16,11,FCHBLRBEN01,30,293,5,33,349,4,18,122
2026-04-16,11,FCHBLRBHO01,21,223,4,20,198,3,18,188
2026-04-16,11,FCHBLRDOD01,17,188,7,17,190,5,18,192
2026-04-16,11,FCHBLRELC01,19,209,5,19,196,5,15,118
2026-04-16,11,FCHBLRHAR01,18,183,4,24,282,3,7,51
2026-04-16,11,FCHBLRHEB01,26,256,6,26,291,4,24,205
2026-04-16,11,FCHBLRHOO01,28,359,4,21,216,1,1,4
2026-04-16,11,FCHBLRHSAF01,26,258,6,24,245,6,23,216
2026-04-16,11,FCHBLRHSR01,29,308,4,30,317,3,25,207
2026-04-16,11,FCHBLRJPN01,47,460,7,41,307,6,23,161
2026-04-16,11,FCHBLRKOR01,48,446,6,44,428,3,7,25
2026-04-16,11,FCHBLRSJR01,39,378,10,36,313,7,32,256
2026-04-16,11,FCHBLRTHA01,8,85,4,10,98,4,10,98
2026-04-16,11,FCHBLRVAR01,13,102,3,16,164,3,16,141
2026-04-16,11,FCHBLRWHF01,31,288,4,33,316,6,32,317
2026-04-16,12,FCHBLRAECS01,24,238,5,22,203,2,3,19
2026-04-16,12,FCHBLRBEN01,20,194,4,19,193,4,11,66
2026-04-16,12,FCHBLRBHO01,14,118,2,15,142,2,15,138
2026-04-16,12,FCHBLRDOD01,23,235,5,20,196,4,20,190
2026-04-16,12,FCHBLRELC01,17,191,5,20,235,4,11,75
2026-04-16,12,FCHBLRHAR01,13,122,5,12,156,3,9,95
2026-04-16,12,FCHBLRHEB01,16,93,4,15,92,3,15,127
2026-04-16,12,FCHBLRHOO01,29,256,5,31,219,3,12,55
2026-04-16,12,FCHBLRHSAF01,22,247,6,23,233,6,22,242
2026-04-16,12,FCHBLRHSR01,26,203,3,26,199,3,24,196
2026-04-16,12,FCHBLRJPN01,38,325,6,42,305,6,30,239
2026-04-16,12,FCHBLRKOR01,46,349,5,39,316,4,11,46
2026-04-16,12,FCHBLRSJR01,33,305,8,31,283,6,29,312
2026-04-16,12,FCHBLRTHA01,7,71,3,6,60,3,6,60
2026-04-16,12,FCHBLRVAR01,21,227,3,21,267,2,21,227
2026-04-16,12,FCHBLRWHF01,30,357,4,25,302,5,26,324
2026-04-16,13,FCHBLRAECS01,19,167,6,18,128,2,5,15
2026-04-16,13,FCHBLRBEN01,21,235,4,24,256,3,8,61
2026-04-16,13,FCHBLRBHO01,7,61,3,7,61,4,8,78
2026-04-16,13,FCHBLRDOD01,6,66,6,8,110,7,8,135
2026-04-16,13,FCHBLRELC01,11,105,3,11,102,3,9,77
2026-04-16,13,FCHBLRHAR01,19,205,5,17,198,4,9,46
2026-04-16,13,FCHBLRHEB01,17,186,5,18,185,5,17,184
2026-04-16,13,FCHBLRHOO01,16,162,4,16,116,2,4,13
2026-04-16,13,FCHBLRHSAF01,19,147,6,18,153,4,18,141
2026-04-16,13,FCHBLRHSR01,16,116,2,16,116,3,16,124
2026-04-16,13,FCHBLRJPN01,36,394,7,35,335,6,27,254
2026-04-16,13,FCHBLRKOR01,33,330,5,35,344,4,6,19
2026-04-16,13,FCHBLRSJR01,26,292,6,15,115,4,8,95
2026-04-16,13,FCHBLRTHA01,7,74,3,8,85,3,8,85
2026-04-16,13,FCHBLRVAR01,11,98,2,11,98,3,11,104
2026-04-16,13,FCHBLRWHF01,16,85,4,19,140,5,21,157
2026-04-16,14,FCHBLRAECS01,18,149,4,17,140,3,4,22
2026-04-16,14,FCHBLRBEN01,16,181,5,16,172,5,8,65
2026-04-16,14,FCHBLRBHO01,13,118,2,13,118,2,13,118
2026-04-16,14,FCHBLRDOD01,9,129,3,9,124,2,9,129
2026-04-16,14,FCHBLRELC01,12,103,4,11,90,4,9,78
2026-04-16,14,FCHBLRHAR01,18,138,5,16,130,3,7,50
2026-04-16,14,FCHBLRHEB01,19,181,6,18,168,4,18,156
2026-04-16,14,FCHBLRHOO01,18,162,4,15,114,1,4,18
2026-04-16,14,FCHBLRHSAF01,16,144,4,16,151,4,16,136
2026-04-16,14,FCHBLRHSR01,26,138,3,26,137,4,25,122
2026-04-16,14,FCHBLRJPN01,33,365,7,31,331,5,31,364
2026-04-16,14,FCHBLRKOR01,42,446,6,30,260,5,10,55
2026-04-16,14,FCHBLRSJR01,19,201,5,8,50,3,3,30
2026-04-16,14,FCHBLRTHA01,10,76,3,10,76,3,9,73
2026-04-16,14,FCHBLRVAR01,14,126,2,12,110,2,11,100
2026-04-16,14,FCHBLRWHF01,17,168,5,16,155,5,16,155
2026-04-16,15,FCHBLRAECS01,14,91,3,13,58,2,2,6
2026-04-16,15,FCHBLRBEN01,12,121,4,12,142,2,9,74
2026-04-16,15,FCHBLRBHO01,16,98,4,15,88,4,14,83
2026-04-16,15,FCHBLRDOD01,13,112,5,13,124,4,13,112
2026-04-16,15,FCHBLRELC01,12,87,2,13,97,2,13,114
2026-04-16,15,FCHBLRHAR01,17,193,6,17,205,4,12,58
2026-04-16,15,FCHBLRHEB01,16,192,6,17,278,4,15,198
2026-04-16,15,FCHBLRHOO01,21,256,5,21,205,2,3,24
2026-04-16,15,FCHBLRHSAF01,17,175,3,15,177,3,14,95
2026-04-16,15,FCHBLRHSR01,18,137,5,17,152,3,15,106
2026-04-16,15,FCHBLRJPN01,33,324,8,33,273,7,26,223
2026-04-16,15,FCHBLRKOR01,26,247,8,20,237,3,3,10
2026-04-16,15,FCHBLRSJR01,22,164,6,9,76,1,1,2
2026-04-16,15,FCHBLRTHA01,8,92,2,7,65,2,8,60
2026-04-16,15,FCHBLRVAR01,19,169,3,21,199,3,22,212
2026-04-16,15,FCHBLRWHF01,21,164,6,21,170,6,20,166
2026-04-16,16,FCHBLRAECS01,23,183,4,16,88,2,2,11
2026-04-16,16,FCHBLRBEN01,19,236,7,18,221,5,13,176
2026-04-16,16,FCHBLRBHO01,15,145,4,14,154,2,12,99
2026-04-16,16,FCHBLRDOD01,21,204,4,18,158,4,15,132
2026-04-16,16,FCHBLRELC01,11,104,5,10,94,6,10,98
2026-04-16,16,FCHBLRHAR01,17,148,5,18,179,4,7,50
2026-04-16,16,FCHBLRHEB01,17,158,6,17,156,7,16,121
2026-04-16,16,FCHBLRHOO01,31,237,6,24,158,5,7,33
2026-04-16,16,FCHBLRHSAF01,19,188,6,21,240,5,16,107
2026-04-16,16,FCHBLRHSR01,23,179,3,23,179,4,24,197
2026-04-16,16,FCHBLRJPN01,36,349,9,30,280,9,30,298
2026-04-16,16,FCHBLRKOR01,39,317,5,26,192,3,5,13
2026-04-16,16,FCHBLRSJR01,31,280,3,7,47,1,1,5
2026-04-16,16,FCHBLRTHA01,16,144,3,16,168,5,16,188
2026-04-16,16,FCHBLRVAR01,18,167,3,17,158,3,17,134
2026-04-16,16,FCHBLRWHF01,32,293,4,32,301,4,32,292
2026-04-16,17,FCHBLRAECS01,30,317,3,17,179,0,0,0
2026-04-16,17,FCHBLRBEN01,15,102,5,15,123,5,9,40
2026-04-16,17,FCHBLRBHO01,19,169,3,20,168,3,18,166
2026-04-16,17,FCHBLRDOD01,20,231,7,22,298,6,22,247
2026-04-16,17,FCHBLRELC01,12,98,4,13,108,5,13,111
2026-04-16,17,FCHBLRHAR01,21,203,4,21,173,2,4,18
2026-04-16,17,FCHBLRHEB01,21,160,7,19,146,5,13,90
2026-04-16,17,FCHBLRHOO01,22,269,6,23,211,1,2,7
2026-04-16,17,FCHBLRHSAF01,22,196,4,17,124,4,7,46
2026-04-16,17,FCHBLRHSR01,11,92,3,12,107,4,11,80
2026-04-16,17,FCHBLRJPN01,32,325,7,30,293,9,33,322
2026-04-16,17,FCHBLRKOR01,55,480,4,25,221,1,3,8
2026-04-16,17,FCHBLRSJR01,37,293,6,17,169,1,1,2
2026-04-16,17,FCHBLRTHA01,13,125,2,12,92,4,12,92
2026-04-16,17,FCHBLRVAR01,27,221,3,27,249,3,26,258
2026-04-16,17,FCHBLRWHF01,33,296,4,29,262,5,28,271
2026-04-16,18,FCHBLRAECS01,21,164,4,18,123,0,0,0
2026-04-16,18,FCHBLRBEN01,24,185,6,23,186,6,14,93
2026-04-16,18,FCHBLRBHO01,29,250,3,29,247,2,26,228
2026-04-16,18,FCHBLRDOD01,28,271,5,28,327,5,25,273
2026-04-16,18,FCHBLRELC01,16,200,6,15,171,5,14,159
2026-04-16,18,FCHBLRHAR01,31,254,4,25,221,3,6,22
2026-04-16,18,FCHBLRHEB01,24,241,7,24,236,7,18,128
2026-04-16,18,FCHBLRHOO01,36,377,5,37,295,1,3,10
2026-04-16,18,FCHBLRHSAF01,27,303,3,14,75,2,3,28
2026-04-16,18,FCHBLRHSR01,33,317,5,32,315,5,32,278
2026-04-16,18,FCHBLRJPN01,38,393,7,36,279,7,32,294
2026-04-16,18,FCHBLRKOR01,37,343,4,11,90,0,0,0
2026-04-16,18,FCHBLRSJR01,46,437,4,34,210,0,0,0
2026-04-16,18,FCHBLRTHA01,12,90,2,13,122,2,12,115
2026-04-16,18,FCHBLRVAR01,17,191,3,15,162,3,13,134
2026-04-16,18,FCHBLRWHF01,41,410,4,44,432,5,46,454
2026-04-16,19,FCHBLRAECS01,27,159,5,22,124,2,2,6
2026-04-16,19,FCHBLRBEN01,32,323,5,28,330,5,17,109
2026-04-16,19,FCHBLRBHO01,26,222,3,26,237,3,27,240
2026-04-16,19,FCHBLRDOD01,24,245,4,23,246,3,23,218
2026-04-16,19,FCHBLRELC01,16,179,4,15,167,4,14,143
2026-04-16,19,FCHBLRHAR01,35,318,4,34,270,3,2,9
2026-04-16,19,FCHBLRHEB01,36,322,6,33,288,7,24,171
2026-04-16,19,FCHBLRHOO01,26,234,4,22,149,3,3,9
2026-04-16,19,FCHBLRHSAF01,18,152,3,11,67,2,3,10
2026-04-16,19,FCHBLRHSR01,34,292,4,31,272,4,31,265
2026-04-16,19,FCHBLRJPN01,46,413,8,41,341,6,40,352
2026-04-16,19,FCHBLRKOR01,43,395,3,6,23,1,1,2
2026-04-16,19,FCHBLRSJR01,42,460,4,16,111,0,0,0
2026-04-16,19,FCHBLRTHA01,20,186,3,21,198,3,22,205
2026-04-16,19,FCHBLRVAR01,25,242,2,28,274,2,28,274
2026-04-16,19,FCHBLRWHF01,29,278,4,28,278,4,28,278
2026-04-16,20,FCHBLRAECS01,34,315,4,24,170,2,1,8
2026-04-16,20,FCHBLRBEN01,28,238,6,33,282,6,16,104
2026-04-16,20,FCHBLRBHO01,18,133,2,18,136,3,18,139
2026-04-16,20,FCHBLRDOD01,20,146,5,21,194,5,18,135
2026-04-16,20,FCHBLRELC01,20,220,5,20,228,5,21,256
2026-04-16,20,FCHBLRHAR01,26,239,4,26,213,1,3,10
2026-04-16,20,FCHBLRHEB01,13,110,6,17,182,3,9,52
2026-04-16,20,FCHBLRHOO01,34,369,6,36,281,4,5,19
2026-04-16,20,FCHBLRHSAF01,22,195,3,8,59,2,2,9
2026-04-16,20,FCHBLRHSR01,30,227,3,33,257,4,33,259
2026-04-16,20,FCHBLRJPN01,42,330,8,45,302,7,38,286
2026-04-16,20,FCHBLRKOR01,42,355,1,2,5,0,0,0
2026-04-16,20,FCHBLRSJR01,44,391,3,25,184,0,0,0
2026-04-16,20,FCHBLRTHA01,11,104,2,11,104,2,10,99
2026-04-16,20,FCHBLRVAR01,17,127,2,17,127,2,17,127
2026-04-16,20,FCHBLRWHF01,23,187,3,23,186,3,23,186
2026-04-16,21,FCHBLRAECS01,19,152,4,11,50,0,0,0
2026-04-16,21,FCHBLRBEN01,16,156,5,16,171,3,8,62
2026-04-16,21,FCHBLRBHO01,18,143,3,18,140,3,17,140
2026-04-16,21,FCHBLRDOD01,20,167,5,18,178,4,14,111
2026-04-16,21,FCHBLRELC01,17,134,4,17,137,4,16,119
2026-04-16,21,FCHBLRHAR01,30,235,3,22,65,2,3,8
2026-04-16,21,FCHBLRHEB01,11,107,4,9,88,3,8,84
2026-04-16,21,FCHBLRHOO01,29,281,6,29,180,1,1,2
2026-04-16,21,FCHBLRHSAF01,18,115,5,16,72,4,10,46
2026-04-16,21,FCHBLRHSR01,31,218,4,27,191,4,27,184
2026-04-16,21,FCHBLRJPN01,33,337,8,28,199,6,21,167
2026-04-16,21,FCHBLRKOR01,32,297,3,7,50,0,0,0
2026-04-16,21,FCHBLRSJR01,28,210,3,15,108,1,1,5
2026-04-16,21,FCHBLRTHA01,10,78,3,10,78,3,11,100
2026-04-16,21,FCHBLRVAR01,19,155,2,19,155,3,19,168
2026-04-16,21,FCHBLRWHF01,24,140,2,26,153,3,26,159
2026-04-16,22,FCHBLRAECS01,12,98,2,8,48,2,2,8
2026-04-16,22,FCHBLRBEN01,13,117,5,13,129,2,5,47
2026-04-16,22,FCHBLRBHO01,8,57,2,9,65,2,10,70
2026-04-16,22,FCHBLRDOD01,12,100,5,14,122,4,13,102
2026-04-16,22,FCHBLRELC01,9,78,3,9,69,3,10,87
2026-04-16,22,FCHBLRHAR01,21,203,3,15,61,3,5,19
2026-04-16,22,FCHBLRHEB01,4,55,3,5,41,4,4,33
2026-04-16,22,FCHBLRHOO01,9,59,2,8,41,1,2,10
2026-04-16,22,FCHBLRHSAF01,6,48,3,6,40,2,2,6
2026-04-16,22,FCHBLRHSR01,21,143,4,22,183,3,22,168
2026-04-16,22,FCHBLRJPN01,15,102,7,14,91,5,14,91
2026-04-16,22,FCHBLRKOR01,17,148,3,3,20,0,0,0
2026-04-16,22,FCHBLRSJR01,23,171,4,10,55,1,1,3
2026-04-16,22,FCHBLRTHA01,4,29,1,4,29,2,4,29
2026-04-16,22,FCHBLRVAR01,7,54,3,6,46,3,6,46
2026-04-16,22,FCHBLRWHF01,7,65,3,7,65,3,7,65
2026-04-16,23,FCHBLRAECS01,7,56,3,5,30,0,0,0
2026-04-16,23,FCHBLRBEN01,1,7,2,2,10,0,0,0
2026-04-16,23,FCHBLRBHO01,2,24,1,1,5,1,1,5
2026-04-16,23,FCHBLRDOD01,5,48,3,5,59,2,5,48
2026-04-16,23,FCHBLRELC01,7,64,2,7,80,2,7,80
2026-04-16,23,FCHBLRHAR01,9,61,2,4,11,1,1,2
2026-04-16,23,FCHBLRHEB01,3,22,2,4,48,2,2,34
2026-04-16,23,FCHBLRHOO01,6,65,2,6,41,1,1,3
2026-04-16,23,FCHBLRHSAF01,4,57,2,3,6,1,1,2
2026-04-16,23,FCHBLRHSR01,16,90,3,15,120,3,15,98
2026-04-16,23,FCHBLRJPN01,6,85,5,6,79,5,5,46
2026-04-16,23,FCHBLRKOR01,13,101,1,1,7,0,0,0
2026-04-16,23,FCHBLRSJR01,6,29,2,3,13,1,1,3
2026-04-16,23,FCHBLRTHA01,1,4,2,1,8,1,1,4
2026-04-16,23,FCHBLRVAR01,7,50,3,8,67,2,8,58
2026-04-16,23,FCHBLRWHF01,5,30,3,5,30,4,5,34
2026-04-15,0,FCHBLRBEN01,0,0,1,1,8,0,0,0
2026-04-15,0,FCHBLRBHO01,0,0,1,1,5,1,1,5
2026-04-15,0,FCHBLRHAR01,0,0,1,1,3,1,1,2
2026-04-15,0,FCHBLRHSAF01,0,0,1,1,2,0,0,0
2026-04-15,0,FCHBLRVAR01,0,0,1,1,6,1,1,6
2026-04-15,5,FCHBLRVAR01,1,1,0,0,0,0,0,0
2026-04-15,6,FCHBLRAECS01,10,125,4,9,91,4,7,48
2026-04-15,6,FCHBLRBEN01,11,86,4,11,100,3,7,33
2026-04-15,6,FCHBLRBHO01,9,73,3,9,73,3,9,73
2026-04-15,6,FCHBLRDOD01,6,67,2,5,34,2,5,34
2026-04-15,6,FCHBLRELC01,16,149,3,14,134,2,12,96
2026-04-15,6,FCHBLRHAR01,16,96,3,12,71,2,8,44
2026-04-15,6,FCHBLRHEB01,14,136,5,14,134,4,13,127
2026-04-15,6,FCHBLRHOO01,27,226,5,22,150,6,6,30
2026-04-15,6,FCHBLRHSAF01,18,144,3,14,114,3,11,73
2026-04-15,6,FCHBLRHSR01,13,106,3,12,93,4,12,96
2026-04-15,6,FCHBLRJPN01,23,213,6,19,208,5,13,105
2026-04-15,6,FCHBLRKOR01,20,179,5,15,121,5,7,49
2026-04-15,6,FCHBLRSJR01,23,223,8,11,87,3,5,54
2026-04-15,6,FCHBLRTHA01,10,74,6,9,79,6,9,67
2026-04-15,6,FCHBLRVAR01,13,157,5,11,108,5,10,96
2026-04-15,6,FCHBLRWHF01,16,171,3,14,152,4,13,150
2026-04-15,7,FCHBLRAECS01,27,277,5,28,309,3,11,75
2026-04-15,7,FCHBLRBEN01,35,430,6,28,390,5,16,124
2026-04-15,7,FCHBLRBHO01,30,276,3,25,219,4,25,223
2026-04-15,7,FCHBLRDOD01,24,274,5,19,278,3,19,233
2026-04-15,7,FCHBLRELC01,18,203,6,19,243,6,21,266
2026-04-15,7,FCHBLRHAR01,36,382,6,33,409,6,26,250
2026-04-15,7,FCHBLRHEB01,41,433,7,37,433,7,35,361
2026-04-15,7,FCHBLRHOO01,42,410,5,34,311,2,4,16
2026-04-15,7,FCHBLRHSAF01,19,209,4,20,240,4,19,201
2026-04-15,7,FCHBLRHSR01,39,349,4,40,387,5,40,352
2026-04-15,7,FCHBLRJPN01,50,477,4,46,359,4,23,163
2026-04-15,7,FCHBLRKOR01,42,349,7,39,335,6,25,146
2026-04-15,7,FCHBLRSJR01,60,629,9,47,437,6,24,146
2026-04-15,7,FCHBLRTHA01,23,241,9,23,253,7,23,253
2026-04-15,7,FCHBLRVAR01,24,255,5,25,320,4,25,281
2026-04-15,7,FCHBLRWHF01,37,310,5,38,323,5,39,335
2026-04-15,8,FCHBLRAECS01,33,298,5,31,292,5,16,95
2026-04-15,8,FCHBLRBEN01,58,594,7,61,698,6,19,116
2026-04-15,8,FCHBLRBHO01,41,413,4,42,404,5,42,394
2026-04-15,8,FCHBLRDOD01,38,372,6,33,328,6,30,316
2026-04-15,8,FCHBLRELC01,20,209,5,20,224,4,18,157
2026-04-15,8,FCHBLRHAR01,55,631,8,56,671,5,20,99
2026-04-15,8,FCHBLRHEB01,38,370,7,40,391,8,39,423
2026-04-15,8,FCHBLRHOO01,56,645,5,59,552,2,2,8
2026-04-15,8,FCHBLRHSAF01,42,376,3,39,324,4,37,316
2026-04-15,8,FCHBLRHSR01,66,587,4,57,523,4,55,424
2026-04-15,8,FCHBLRJPN01,62,577,6,50,340,4,20,143
2026-04-15,8,FCHBLRKOR01,68,770,8,51,535,7,18,85
2026-04-15,8,FCHBLRSJR01,78,712,9,74,737,8,29,211
2026-04-15,8,FCHBLRTHA01,31,334,6,30,350,5,30,325
2026-04-15,8,FCHBLRVAR01,26,207,4,24,213,4,24,227
2026-04-15,8,FCHBLRWHF01,51,568,6,49,560,6,49,551
2026-04-15,9,FCHBLRAECS01,30,213,5,30,256,5,17,98
2026-04-15,9,FCHBLRBEN01,28,253,8,28,328,5,10,76
2026-04-15,9,FCHBLRBHO01,34,378,4,36,376,5,32,306
2026-04-15,9,FCHBLRDOD01,24,279,5,33,356,4,33,374
2026-04-15,9,FCHBLRELC01,30,370,5,28,373,5,23,233
2026-04-15,9,FCHBLRHAR01,40,329,8,37,296,6,15,72
2026-04-15,9,FCHBLRHEB01,41,376,7,41,375,7,41,390
2026-04-15,9,FCHBLRHOO01,51,471,6,48,382,2,5,31
2026-04-15,9,FCHBLRHSAF01,33,335,4,36,340,4,23,188
2026-04-15,9,FCHBLRHSR01,51,387,4,56,536,4,38,206
2026-04-15,9,FCHBLRJPN01,56,619,6,55,341,4,29,207
2026-04-15,9,FCHBLRKOR01,75,763,8,65,737,4,13,56
2026-04-15,9,FCHBLRSJR01,63,628,7,56,523,7,45,389
2026-04-15,9,FCHBLRTHA01,32,308,4,34,337,4,34,334
2026-04-15,9,FCHBLRVAR01,30,274,6,33,298,6,34,292
2026-04-15,9,FCHBLRWHF01,61,500,6,58,466,6,57,466
2026-04-15,10,FCHBLRAECS01,21,180,6,22,196,5,15,102
2026-04-15,10,FCHBLRBEN01,26,209,6,25,258,6,15,96
2026-04-15,10,FCHBLRBHO01,24,184,4,24,227,3,24,230
2026-04-15,10,FCHBLRDOD01,33,334,4,33,339,5,33,369
2026-04-15,10,FCHBLRELC01,25,279,5,24,293,4,13,122
2026-04-15,10,FCHBLRHAR01,34,308,8,38,438,4,7,32
2026-04-15,10,FCHBLRHEB01,34,297,5,33,275,5,34,292
2026-04-15,10,FCHBLRHOO01,28,285,5,31,294,5,8,55
2026-04-15,10,FCHBLRHSAF01,25,247,4,23,263,3,20,208
2026-04-15,10,FCHBLRHSR01,37,306,2,36,309,1,32,217
2026-04-15,10,FCHBLRJPN01,53,494,5,50,535,5,44,401
2026-04-15,10,FCHBLRKOR01,54,437,6,47,366,3,13,51
2026-04-15,10,FCHBLRSJR01,60,542,8,50,500,7,34,299
2026-04-15,10,FCHBLRTHA01,22,187,4,22,187,5,22,190
2026-04-15,10,FCHBLRVAR01,29,286,6,28,284,6,28,284
2026-04-15,10,FCHBLRWHF01,34,393,5,39,456,6,41,513
2026-04-15,11,FCHBLRAECS01,16,153,6,16,142,7,11,90
2026-04-15,11,FCHBLRBEN01,26,277,6,28,387,5,13,92
2026-04-15,11,FCHBLRBHO01,27,185,4,28,190,4,28,190
2026-04-15,11,FCHBLRDOD01,20,182,5,21,207,5,21,200
2026-04-15,11,FCHBLRELC01,21,178,4,23,196,4,17,133
2026-04-15,11,FCHBLRHAR01,28,313,7,29,339,1,3,4
2026-04-15,11,FCHBLRHEB01,22,255,5,22,230,6,21,223
2026-04-15,11,FCHBLRHOO01,33,311,7,30,214,4,11,76
2026-04-15,11,FCHBLRHSAF01,17,161,3,19,182,3,18,163
2026-04-15,11,FCHBLRHSR01,26,178,2,25,174,2,25,179
2026-04-15,11,FCHBLRJPN01,44,511,6,37,271,6,15,108
2026-04-15,11,FCHBLRKOR01,40,368,7,28,229,3,8,34
2026-04-15,11,FCHBLRSJR01,28,314,5,24,205,3,16,128
2026-04-15,11,FCHBLRTHA01,12,105,2,12,105,4,12,107
2026-04-15,11,FCHBLRVAR01,17,173,6,17,190,6,17,177
2026-04-15,11,FCHBLRWHF01,36,370,4,36,371,5,36,384
2026-04-15,12,FCHBLRAECS01,20,150,5,20,154,3,8,38
2026-04-15,12,FCHBLRBEN01,27,303,6,24,295,4,6,29
2026-04-15,12,FCHBLRBHO01,14,149,5,14,145,5,11,109
2026-04-15,12,FCHBLRDOD01,13,144,3,13,140,3,12,137
2026-04-15,12,FCHBLRELC01,14,116,4,14,111,4,11,75
2026-04-15,12,FCHBLRHAR01,25,208,7,23,199,3,6,24
2026-04-15,12,FCHBLRHEB01,15,145,5,15,169,4,14,165
2026-04-15,12,FCHBLRHOO01,20,157,4,25,205,1,1,6
2026-04-15,12,FCHBLRHSAF01,16,135,4,16,141,3,14,109
2026-04-15,12,FCHBLRHSR01,36,341,3,34,314,2,25,175
2026-04-15,12,FCHBLRJPN01,36,325,7,40,289,7,19,130
2026-04-15,12,FCHBLRKOR01,37,366,5,29,224,2,7,27
2026-04-15,12,FCHBLRSJR01,37,416,5,27,306,5,24,210
2026-04-15,12,FCHBLRTHA01,12,89,3,11,72,3,11,72
2026-04-15,12,FCHBLRVAR01,18,138,5,19,141,4,16,104
2026-04-15,12,FCHBLRWHF01,31,244,4,32,255,4,32,255
2026-04-15,13,FCHBLRAECS01,12,106,6,11,85,4,5,28
2026-04-15,13,FCHBLRBEN01,26,255,6,23,273,2,9,46
2026-04-15,13,FCHBLRBHO01,10,102,4,9,90,3,8,75
2026-04-15,13,FCHBLRDOD01,16,173,4,15,145,4,14,122
2026-04-15,13,FCHBLRELC01,15,131,3,15,132,3,14,147
2026-04-15,13,FCHBLRHAR01,26,254,5,24,269,3,3,12
2026-04-15,13,FCHBLRHEB01,14,121,4,14,120,4,14,130
2026-04-15,13,FCHBLRHOO01,19,167,5,15,129,1,2,10
2026-04-15,13,FCHBLRHSAF01,18,170,3,15,143,4,12,99
2026-04-15,13,FCHBLRHSR01,26,190,4,30,275,4,27,164
2026-04-15,13,FCHBLRJPN01,46,375,5,42,298,4,27,201
2026-04-15,13,FCHBLRKOR01,43,488,7,30,315,5,8,32
2026-04-15,13,FCHBLRSJR01,27,280,7,23,232,5,14,111
2026-04-15,13,FCHBLRTHA01,11,95,4,12,112,4,12,112
2026-04-15,13,FCHBLRVAR01,12,121,5,12,121,4,12,121
2026-04-15,13,FCHBLRWHF01,27,272,4,25,251,7,25,261
2026-04-15,14,FCHBLRAECS01,12,115,5,13,95,4,6,31
2026-04-15,14,FCHBLRBEN01,23,292,6,24,325,5,9,81
2026-04-15,14,FCHBLRBHO01,8,92,4,9,100,3,6,51
2026-04-15,14,FCHBLRDOD01,15,187,3,15,182,3,16,205
2026-04-15,14,FCHBLRELC01,9,58,3,10,61,3,9,64
2026-04-15,14,FCHBLRHAR01,18,153,5,21,172,2,2,4
2026-04-15,14,FCHBLRHEB01,17,115,6,14,102,5,14,104
2026-04-15,14,FCHBLRHOO01,16,203,3,16,147,1,1,6
2026-04-15,14,FCHBLRHSAF01,16,175,4,17,200,2,11,123
2026-04-15,14,FCHBLRHSR01,17,213,3,15,189,2,13,148
2026-04-15,14,FCHBLRJPN01,25,274,4,27,249,4,16,166
2026-04-15,14,FCHBLRKOR01,28,261,6,16,126,2,3,9
2026-04-15,14,FCHBLRSJR01,19,143,6,13,102,4,12,79
2026-04-15,14,FCHBLRTHA01,12,107,3,12,107,4,12,116
2026-04-15,14,FCHBLRVAR01,17,150,5,17,147,4,14,109
2026-04-15,14,FCHBLRWHF01,28,278,6,29,299,6,28,294
2026-04-15,15,FCHBLRAECS01,10,103,3,8,80,3,2,14
2026-04-15,15,FCHBLRBEN01,31,308,7,30,334,5,23,199
2026-04-15,15,FCHBLRBHO01,14,126,5,14,122,5,12,115
2026-04-15,15,FCHBLRDOD01,13,160,6,13,239,4,11,120
2026-04-15,15,FCHBLRELC01,8,76,2,8,72,2,7,60
2026-04-15,15,FCHBLRHAR01,16,125,6,16,126,5,9,66
2026-04-15,15,FCHBLRHEB01,17,160,6,16,150,7,13,104
2026-04-15,15,FCHBLRHOO01,27,241,8,26,225,3,5,36
2026-04-15,15,FCHBLRHSAF01,22,226,2,16,150,2,12,85
2026-04-15,15,FCHBLRHSR01,19,144,3,19,128,2,18,116
2026-04-15,15,FCHBLRJPN01,25,181,8,19,123,6,20,163
2026-04-15,15,FCHBLRKOR01,29,260,8,24,206,0,0,0
2026-04-15,15,FCHBLRSJR01,20,196,5,10,90,3,3,25
2026-04-15,15,FCHBLRTHA01,2,27,2,2,27,2,2,27
2026-04-15,15,FCHBLRVAR01,15,174,6,15,176,4,13,125
2026-04-15,15,FCHBLRWHF01,22,281,6,20,263,6,23,301
2026-04-15,16,FCHBLRAECS01,24,219,7,18,125,1,1,1
2026-04-15,16,FCHBLRBEN01,28,275,7,29,303,6,17,129
2026-04-15,16,FCHBLRBHO01,23,190,3,17,131,3,17,154
2026-04-15,16,FCHBLRDOD01,18,184,4,12,129,3,11,111
2026-04-15,16,FCHBLRELC01,17,168,6,16,156,6,14,119
2026-04-15,16,FCHBLRHAR01,26,292,7,19,190,5,8,70
2026-04-15,16,FCHBLRHEB01,28,323,7,24,287,7,15,125
2026-04-15,16,FCHBLRHOO01,28,252,7,20,124,2,4,21
2026-04-15,16,FCHBLRHSAF01,13,128,5,15,140,4,9,72
2026-04-15,16,FCHBLRHSR01,34,330,5,31,285,4,29,251
2026-04-15,16,FCHBLRJPN01,29,293,5,25,203,7,21,164
2026-04-15,16,FCHBLRKOR01,37,330,6,22,164,3,4,11
2026-04-15,16,FCHBLRSJR01,45,386,7,27,201,6,10,42
2026-04-15,16,FCHBLRTHA01,9,79,4,9,78,4,8,69
2026-04-15,16,FCHBLRVAR01,15,170,4,14,157,4,11,87
2026-04-15,16,FCHBLRWHF01,23,244,6,23,252,5,23,244
2026-04-15,17,FCHBLRAECS01,26,229,4,20,149,2,3,12
2026-04-15,17,FCHBLRBEN01,23,228,7,24,286,7,11,62
2026-04-15,17,FCHBLRBHO01,15,177,3,18,191,4,18,219
2026-04-15,17,FCHBLRDOD01,22,184,8,24,257,8,20,203
2026-04-15,17,FCHBLRELC01,17,190,3,17,201,3,17,201
2026-04-15,17,FCHBLRHAR01,23,197,6,29,273,4,9,60
2026-04-15,17,FCHBLRHEB01,20,147,5,24,219,5,19,130
2026-04-15,17,FCHBLRHOO01,35,329,5,40,271,3,7,23
2026-04-15,17,FCHBLRHSAF01,20,195,5,20,193,4,13,136
2026-04-15,17,FCHBLRHSR01,25,189,5,27,301,6,28,228
2026-04-15,17,FCHBLRJPN01,32,302,5,30,169,5,20,170
2026-04-15,17,FCHBLRKOR01,33,304,4,14,73,1,1,3
2026-04-15,17,FCHBLRSJR01,39,368,7,29,183,4,9,36
2026-04-15,17,FCHBLRTHA01,10,94,3,10,94,3,10,94
2026-04-15,17,FCHBLRVAR01,25,219,6,24,220,5,22,200
2026-04-15,17,FCHBLRWHF01,39,397,4,35,315,6,34,309
2026-04-15,18,FCHBLRAECS01,19,153,5,16,95,1,2,6
2026-04-15,18,FCHBLRBEN01,26,238,6,27,300,4,11,67
2026-04-15,18,FCHBLRBHO01,13,77,4,15,113,4,15,109
2026-04-15,18,FCHBLRDOD01,30,259,6,29,326,7,27,224
2026-04-15,18,FCHBLRELC01,15,123,3,13,104,4,13,122
2026-04-15,18,FCHBLRHAR01,28,262,6,27,219,5,18,110
2026-04-15,18,FCHBLRHEB01,31,257,6,20,157,4,13,103
2026-04-15,18,FCHBLRHOO01,41,340,5,33,194,2,5,20
2026-04-15,18,FCHBLRHSAF01,16,145,3,16,123,3,11,74
2026-04-15,18,FCHBLRHSR01,33,278,5,34,336,4,33,284
2026-04-15,18,FCHBLRJPN01,45,476,7,39,312,4,22,182
2026-04-15,18,FCHBLRKOR01,40,459,4,15,124,1,1,2
2026-04-15,18,FCHBLRSJR01,55,503,4,13,83,3,4,29
2026-04-15,18,FCHBLRTHA01,15,115,3,15,115,3,15,115
2026-04-15,18,FCHBLRVAR01,16,155,4,16,150,6,15,102
2026-04-15,18,FCHBLRWHF01,34,269,3,37,350,6,38,358
2026-04-15,19,FCHBLRAECS01,30,261,4,26,142,3,7,15
2026-04-15,19,FCHBLRBEN01,21,151,5,20,137,4,13,68
2026-04-15,19,FCHBLRBHO01,25,177,3,25,177,3,24,181
2026-04-15,19,FCHBLRDOD01,14,103,5,16,126,5,17,136
2026-04-15,19,FCHBLRELC01,28,208,4,27,203,5,26,201
2026-04-15,19,FCHBLRHAR01,30,301,6,29,280,5,10,47
2026-04-15,19,FCHBLRHEB01,28,187,6,35,259,7,19,124
2026-04-15,19,FCHBLRHOO01,25,286,4,28,200,2,3,11
2026-04-15,19,FCHBLRHSAF01,25,285,3,9,73,3,5,26
2026-04-15,19,FCHBLRHSR01,45,372,6,44,400,6,44,339
2026-04-15,19,FCHBLRJPN01,53,469,7,41,387,5,22,124
2026-04-15,19,FCHBLRKOR01,44,312,4,21,105,2,2,3
2026-04-15,19,FCHBLRSJR01,38,381,3,3,4,2,2,3
2026-04-15,19,FCHBLRTHA01,9,122,4,8,106,3,6,53
2026-04-15,19,FCHBLRVAR01,18,191,4,17,187,2,16,167
2026-04-15,19,FCHBLRWHF01,36,325,5,35,319,5,35,327
2026-04-15,20,FCHBLRAECS01,31,234,3,22,123,0,0,0
2026-04-15,20,FCHBLRBEN01,28,230,5,29,221,4,10,45
2026-04-15,20,FCHBLRBHO01,10,67,2,11,80,1,10,74
2026-04-15,20,FCHBLRDOD01,12,113,5,13,145,5,13,138
2026-04-15,20,FCHBLRELC01,19,124,3,18,122,4,19,162
2026-04-15,20,FCHBLRHAR01,32,281,5,27,192,4,17,116
2026-04-15,20,FCHBLRHEB01,27,250,5,24,183,5,15,94
2026-04-15,20,FCHBLRHOO01,34,288,5,29,198,1,1,6
2026-04-15,20,FCHBLRHSAF01,22,158,4,11,65,3,5,26
2026-04-15,20,FCHBLRHSR01,41,322,6,41,349,6,40,300
2026-04-15,20,FCHBLRJPN01,29,291,6,34,192,5,19,121
2026-04-15,20,FCHBLRKOR01,35,324,4,15,107,0,0,0
2026-04-15,20,FCHBLRSJR01,38,307,2,4,21,1,1,2
2026-04-15,20,FCHBLRTHA01,14,156,3,15,170,3,14,161
2026-04-15,20,FCHBLRVAR01,18,188,4,16,210,2,14,159
2026-04-15,20,FCHBLRWHF01,21,184,5,21,196,4,22,186
2026-04-15,21,FCHBLRAECS01,17,152,3,10,81,0,0,0
2026-04-15,21,FCHBLRBEN01,13,111,3,13,127,2,6,23
2026-04-15,21,FCHBLRBHO01,13,100,2,13,100,3,12,95
2026-04-15,21,FCHBLRDOD01,19,196,6,18,164,5,13,116
2026-04-15,21,FCHBLRELC01,9,112,4,13,137,4,12,115
2026-04-15,21,FCHBLRHAR01,30,223,5,25,278,2,7,32
2026-04-15,21,FCHBLRHEB01,17,113,6,18,166,4,6,24
2026-04-15,21,FCHBLRHOO01,25,214,4,25,132,1,1,4
2026-04-15,21,FCHBLRHSAF01,13,96,4,14,78,4,9,48
2026-04-15,21,FCHBLRHSR01,23,159,5,25,205,4,24,171
2026-04-15,21,FCHBLRJPN01,30,241,6,26,119,5,19,105
2026-04-15,21,FCHBLRKOR01,36,298,3,20,97,1,1,3
2026-04-15,21,FCHBLRSJR01,31,235,2,2,5,0,0,0
2026-04-15,21,FCHBLRTHA01,7,76,3,6,73,3,6,57
2026-04-15,21,FCHBLRVAR01,18,201,2,18,169,2,17,119
2026-04-15,21,FCHBLRWHF01,21,197,3,21,197,3,21,197
2026-04-15,22,FCHBLRAECS01,8,68,5,8,47,0,0,0
2026-04-15,22,FCHBLRBEN01,11,107,4,12,123,2,3,17
2026-04-15,22,FCHBLRBHO01,10,85,3,9,74,3,9,87
2026-04-15,22,FCHBLRDOD01,14,118,5,14,188,5,12,126
2026-04-15,22,FCHBLRELC01,6,32,3,6,32,3,6,39
2026-04-15,22,FCHBLRHAR01,20,188,7,23,188,4,7,20
2026-04-15,22,FCHBLRHEB01,7,50,5,9,74,5,7,53
2026-04-15,22,FCHBLRHOO01,8,84,3,10,58,3,3,22
2026-04-15,22,FCHBLRHSAF01,12,69,5,11,57,4,10,51
2026-04-15,22,FCHBLRHSR01,29,212,5,28,216,5,29,217
2026-04-15,22,FCHBLRJPN01,11,102,5,13,67,4,11,67
2026-04-15,22,FCHBLRKOR01,23,167,2,5,9,0,0,0
2026-04-15,22,FCHBLRSJR01,17,139,1,2,8,0,0,0
2026-04-15,22,FCHBLRTHA01,3,14,2,3,14,3,3,14
2026-04-15,22,FCHBLRVAR01,8,58,3,11,105,3,5,25
2026-04-15,22,FCHBLRWHF01,14,84,2,13,80,4,14,92
2026-04-15,23,FCHBLRAECS01,5,45,2,5,29,0,0,0
2026-04-15,23,FCHBLRBEN01,2,8,2,2,8,1,1,3
2026-04-15,23,FCHBLRBHO01,5,25,1,6,34,2,6,37
2026-04-15,23,FCHBLRDOD01,6,34,2,8,49,2,8,49
2026-04-15,23,FCHBLRELC01,2,13,2,2,13,2,2,13
2026-04-15,23,FCHBLRHAR01,6,29,1,6,42,2,4,19
2026-04-15,23,FCHBLRHEB01,1,5,1,1,4,0,0,0
2026-04-15,23,FCHBLRHOO01,9,74,3,7,40,1,2,7
2026-04-15,23,FCHBLRHSAF01,1,5,1,1,5,1,1,5
2026-04-15,23,FCHBLRHSR01,16,94,3,15,104,3,15,103
2026-04-15,23,FCHBLRJPN01,6,42,2,6,42,2,6,42
2026-04-15,23,FCHBLRKOR01,11,63,3,5,19,3,2,7
2026-04-15,23,FCHBLRSJR01,16,168,1,1,12,0,0,0
2026-04-15,23,FCHBLRTHA01,1,8,1,1,8,1,1,8
2026-04-15,23,FCHBLRVAR01,7,47,1,6,35,1,6,35
2026-04-15,23,FCHBLRWHF01,4,36,3,5,40,4,5,44
2026-04-14,0,FCHBLRBHO01,1,6,1,1,6,1,1,6
2026-04-14,0,FCHBLRHAR01,0,0,0,0,0,1,1,9
2026-04-14,0,FCHBLRHEB01,0,0,1,1,5,1,1,5
2026-04-14,6,FCHBLRAECS01,14,171,4,10,101,0,0,0
2026-04-14,6,FCHBLRBEN01,18,206,6,15,182,0,0,0
2026-04-14,6,FCHBLRBHO01,12,119,4,11,104,5,11,104
2026-04-14,6,FCHBLRDOD01,15,229,2,13,198,2,12,176
2026-04-14,6,FCHBLRELC01,5,42,1,5,42,1,5,42
2026-04-14,6,FCHBLRHAR01,15,132,3,11,71,2,3,11
2026-04-14,6,FCHBLRHEB01,17,197,5,17,193,4,17,197
2026-04-14,6,FCHBLRHOO01,24,320,4,20,217,2,6,59
2026-04-14,6,FCHBLRHSAF01,15,138,6,15,144,4,13,127
2026-04-14,6,FCHBLRHSR01,12,93,4,12,108,4,12,103
2026-04-14,6,FCHBLRJPN01,22,199,6,21,151,4,21,190
2026-04-14,6,FCHBLRKOR01,24,242,5,22,201,5,14,84
2026-04-14,6,FCHBLRSJR01,27,350,7,17,234,4,11,100
2026-04-14,6,FCHBLRTHA01,11,105,4,10,78,5,10,88
2026-04-14,6,FCHBLRVAR01,12,140,5,10,113,4,9,81
2026-04-14,6,FCHBLRWHF01,18,146,7,18,146,7,18,154
2026-04-14,7,FCHBLRAECS01,39,384,5,36,254,3,3,10
2026-04-14,7,FCHBLRBEN01,38,465,7,33,484,2,2,18
2026-04-14,7,FCHBLRBHO01,35,377,4,36,392,6,36,379
2026-04-14,7,FCHBLRDOD01,30,268,5,31,297,5,31,301
2026-04-14,7,FCHBLRELC01,25,252,5,23,286,5,21,217
2026-04-14,7,FCHBLRHAR01,58,678,4,16,208,2,2,6
2026-04-14,7,FCHBLRHEB01,39,373,7,37,390,5,37,358
2026-04-14,7,FCHBLRHOO01,55,601,7,44,436,6,29,219
2026-04-14,7,FCHBLRHSAF01,29,326,5,24,257,4,25,260
2026-04-14,7,FCHBLRHSR01,45,457,3,40,413,3,38,372
2026-04-14,7,FCHBLRJPN01,64,617,8,52,446,8,48,407
2026-04-14,7,FCHBLRKOR01,56,534,8,39,391,5,5,20
2026-04-14,7,FCHBLRSJR01,59,724,9,56,680,8,37,406
2026-04-14,7,FCHBLRTHA01,21,186,3,21,207,3,21,207
2026-04-14,7,FCHBLRVAR01,31,367,3,30,404,3,31,382
2026-04-14,7,FCHBLRWHF01,61,683,6,58,649,7,57,634
2026-04-14,8,FCHBLRAECS01,38,457,5,29,214,2,2,5
2026-04-14,8,FCHBLRBEN01,53,566,6,51,768,4,4,16
2026-04-14,8,FCHBLRBHO01,42,437,5,38,442,4,37,470
2026-04-14,8,FCHBLRDOD01,55,655,7,47,538,6,48,550
2026-04-14,8,FCHBLRELC01,35,407,7,31,327,5,28,264
2026-04-14,8,FCHBLRHAR01,48,526,5,64,704,4,15,76
2026-04-14,8,FCHBLRHEB01,52,616,6,48,546,7,47,514
2026-04-14,8,FCHBLRHOO01,60,672,7,56,600,4,4,35
2026-04-14,8,FCHBLRHSAF01,46,509,6,32,391,6,31,348
2026-04-14,8,FCHBLRHSR01,55,482,3,57,553,3,56,479
2026-04-14,8,FCHBLRJPN01,90,996,7,60,337,8,30,264
2026-04-14,8,FCHBLRKOR01,74,805,9,58,640,4,6,21
2026-04-14,8,FCHBLRSJR01,91,957,12,79,800,10,35,337
2026-04-14,8,FCHBLRTHA01,25,232,6,26,232,5,26,243
2026-04-14,8,FCHBLRVAR01,32,336,3,33,349,3,32,353
2026-04-14,8,FCHBLRWHF01,53,478,7,55,499,8,55,531
2026-04-14,9,FCHBLRAECS01,43,397,4,21,122,0,0,0
2026-04-14,9,FCHBLRBEN01,52,623,5,57,828,3,8,40
2026-04-14,9,FCHBLRBHO01,23,193,3,25,201,4,26,219
2026-04-14,9,FCHBLRDOD01,37,338,5,43,470,5,43,460
2026-04-14,9,FCHBLRELC01,35,342,6,34,365,5,27,268
2026-04-14,9,FCHBLRHAR01,37,380,5,40,483,3,7,29
2026-04-14,9,FCHBLRHEB01,39,418,5,43,482,4,44,509
2026-04-14,9,FCHBLRHOO01,52,564,5,44,492,2,3,19
2026-04-14,9,FCHBLRHSAF01,23,220,5,38,374,5,22,178
2026-04-14,9,FCHBLRHSR01,64,599,3,62,583,3,56,473
2026-04-14,9,FCHBLRJPN01,66,753,6,43,168,5,5,19
2026-04-14,9,FCHBLRKOR01,68,708,6,54,526,3,5,18
2026-04-14,9,FCHBLRSJR01,71,718,7,56,412,5,11,49
2026-04-14,9,FCHBLRTHA01,27,280,4,25,256,5,24,243
2026-04-14,9,FCHBLRVAR01,39,370,4,39,418,4,40,403
2026-04-14,9,FCHBLRWHF01,43,378,6,42,382,5,43,399
2026-04-14,10,FCHBLRAECS01,33,346,3,9,37,1,1,4
2026-04-14,10,FCHBLRBEN01,27,313,5,29,380,3,8,62
2026-04-14,10,FCHBLRBHO01,26,245,3,26,244,4,24,220
2026-04-14,10,FCHBLRDOD01,36,411,5,36,413,5,34,366
2026-04-14,10,FCHBLRELC01,35,395,6,30,360,6,21,136
2026-04-14,10,FCHBLRHAR01,40,393,6,39,416,5,24,167
2026-04-14,10,FCHBLRHEB01,28,281,6,29,258,6,29,255
2026-04-14,10,FCHBLRHOO01,38,422,7,34,292,4,4,26
2026-04-14,10,FCHBLRHSAF01,35,400,4,29,337,5,24,279
2026-04-14,10,FCHBLRHSR01,54,456,5,57,530,3,58,476
2026-04-14,10,FCHBLRJPN01,50,554,7,59,229,2,5,28
2026-04-14,10,FCHBLRKOR01,58,603,6,45,448,2,3,8
2026-04-14,10,FCHBLRSJR01,45,434,8,44,392,8,30,248
2026-04-14,10,FCHBLRTHA01,17,175,3,19,199,3,20,218
2026-04-14,10,FCHBLRVAR01,33,273,3,33,295,3,33,295
2026-04-14,10,FCHBLRWHF01,55,581,7,55,575,7,55,572
2026-04-14,11,FCHBLRAECS01,37,406,5,15,94,3,2,8
2026-04-14,11,FCHBLRBEN01,40,399,5,38,519,5,9,63
2026-04-14,11,FCHBLRBHO01,22,190,5,21,182,5,23,220
2026-04-14,11,FCHBLRDOD01,20,253,4,21,286,6,22,296
2026-04-14,11,FCHBLRELC01,20,205,4,23,217,5,17,121
2026-04-14,11,FCHBLRHAR01,27,212,6,26,199,5,13,68
2026-04-14,11,FCHBLRHEB01,26,348,6,27,396,4,26,365
2026-04-14,11,FCHBLRHOO01,37,336,7,39,292,0,0,0
2026-04-14,11,FCHBLRHSAF01,23,227,4,26,261,5,24,209
2026-04-14,11,FCHBLRHSR01,40,326,5,39,381,4,36,259
2026-04-14,11,FCHBLRJPN01,51,535,6,35,224,3,9,46
2026-04-14,11,FCHBLRKOR01,51,440,7,43,309,3,5,22
2026-04-14,11,FCHBLRSJR01,37,395,9,35,351,6,24,258
2026-04-14,11,FCHBLRTHA01,21,199,5,19,187,5,19,181
2026-04-14,11,FCHBLRVAR01,19,161,4,20,184,3,20,164
2026-04-14,11,FCHBLRWHF01,45,411,4,45,385,5,45,388
2026-04-14,12,FCHBLRAECS01,19,161,3,6,32,0,0,0
2026-04-14,12,FCHBLRBEN01,24,261,5,23,289,4,7,59
2026-04-14,12,FCHBLRBHO01,14,130,5,16,151,6,16,158
2026-04-14,12,FCHBLRDOD01,24,322,4,21,264,4,20,247
2026-04-14,12,FCHBLRELC01,15,131,4,18,177,4,17,161
2026-04-14,12,FCHBLRHAR01,25,200,6,28,253,5,18,100
2026-04-14,12,FCHBLRHEB01,28,317,6,24,296,5,25,283
2026-04-14,12,FCHBLRHOO01,27,226,6,28,234,1,2,13
2026-04-14,12,FCHBLRHSAF01,20,242,4,16,194,3,14,177
2026-04-14,12,FCHBLRHSR01,45,421,5,43,391,4,43,390
2026-04-14,12,FCHBLRJPN01,39,346,6,34,129,6,11,52
2026-04-14,12,FCHBLRKOR01,49,466,7,32,272,5,10,33
2026-04-14,12,FCHBLRSJR01,32,320,8,30,225,4,4,31
2026-04-14,12,FCHBLRTHA01,14,113,3,16,136,3,16,136
2026-04-14,12,FCHBLRVAR01,25,286,2,24,272,3,24,276
2026-04-14,12,FCHBLRWHF01,25,234,5,27,283,6,27,288
2026-04-14,13,FCHBLRAECS01,17,171,1,4,14,0,0,0
2026-04-14,13,FCHBLRBEN01,22,193,5,25,218,5,7,65
2026-04-14,13,FCHBLRBHO01,13,125,4,13,125,4,12,110
2026-04-14,13,FCHBLRDOD01,14,147,4,16,176,4,17,193
2026-04-14,13,FCHBLRELC01,13,127,5,13,126,4,12,117
2026-04-14,13,FCHBLRHAR01,17,149,4,17,140,4,11,77
2026-04-14,13,FCHBLRHEB01,20,208,4,22,241,4,22,258
2026-04-14,13,FCHBLRHOO01,20,292,7,19,280,3,6,29
2026-04-14,13,FCHBLRHSAF01,27,297,5,29,346,4,15,117
2026-04-14,13,FCHBLRHSR01,27,184,3,31,236,4,31,241
2026-04-14,13,FCHBLRJPN01,43,338,7,39,246,5,21,97
2026-04-14,13,FCHBLRKOR01,36,347,6,33,314,3,9,31
2026-04-14,13,FCHBLRSJR01,29,267,6,21,197,3,8,67
2026-04-14,13,FCHBLRTHA01,14,126,4,14,126,3,14,126
2026-04-14,13,FCHBLRVAR01,11,96,3,10,124,3,10,114
2026-04-14,13,FCHBLRWHF01,30,292,4,30,292,3,30,331
2026-04-14,14,FCHBLRAECS01,12,96,4,6,22,1,1,3
2026-04-14,14,FCHBLRBEN01,14,100,8,14,109,4,7,43
2026-04-14,14,FCHBLRBHO01,8,80,3,8,80,3,9,95
2026-04-14,14,FCHBLRDOD01,17,170,5,15,166,4,15,166
2026-04-14,14,FCHBLRELC01,12,98,3,12,98,3,11,97
2026-04-14,14,FCHBLRHAR01,18,190,4,17,147,3,8,43
2026-04-14,14,FCHBLRHEB01,21,228,5,21,264,3,18,179
2026-04-14,14,FCHBLRHOO01,25,299,5,25,218,4,4,18
2026-04-14,14,FCHBLRHSAF01,12,103,4,9,79,4,9,75
2026-04-14,14,FCHBLRHSR01,27,198,5,28,212,4,24,139
2026-04-14,14,FCHBLRJPN01,34,337,6,32,256,5,11,54
2026-04-14,14,FCHBLRKOR01,32,257,5,19,159,3,7,20
2026-04-14,14,FCHBLRSJR01,32,288,7,27,191,7,21,183
2026-04-14,14,FCHBLRTHA01,9,97,2,9,97,3,9,97
2026-04-14,14,FCHBLRVAR01,13,159,2,13,159,2,13,159
2026-04-14,14,FCHBLRWHF01,18,234,4,18,234,3,18,234
2026-04-14,15,FCHBLRAECS01,14,99,1,1,1,0,0,0
2026-04-14,15,FCHBLRBEN01,17,148,6,14,144,5,10,70
2026-04-14,15,FCHBLRBHO01,10,77,6,9,82,3,8,67
2026-04-14,15,FCHBLRDOD01,17,174,3,18,182,4,18,188
2026-04-14,15,FCHBLRELC01,13,132,3,13,118,3,12,95
2026-04-14,15,FCHBLRHAR01,15,144,6,16,213,4,5,33
2026-04-14,15,FCHBLRHEB01,18,216,7,18,212,7,16,171
2026-04-14,15,FCHBLRHOO01,24,191,8,24,179,5,9,47
2026-04-14,15,FCHBLRHSAF01,16,139,7,19,178,6,15,122
2026-04-14,15,FCHBLRHSR01,23,168,6,22,183,5,21,159
2026-04-14,15,FCHBLRJPN01,25,216,6,22,199,4,11,59
2026-04-14,15,FCHBLRKOR01,32,274,6,18,173,1,2,9
2026-04-14,15,FCHBLRSJR01,17,182,7,22,258,6,10,95
2026-04-14,15,FCHBLRTHA01,5,58,4,5,58,4,5,58
2026-04-14,15,FCHBLRVAR01,15,128,3,14,146,3,13,127
2026-04-14,15,FCHBLRWHF01,22,191,5,21,174,5,21,174
2026-04-14,16,FCHBLRAECS01,24,223,3,3,23,1,1,3
2026-04-14,16,FCHBLRBEN01,23,221,6,26,324,3,10,74
2026-04-14,16,FCHBLRBHO01,11,108,3,12,112,4,12,114
2026-04-14,16,FCHBLRDOD01,24,278,5,20,243,4,20,215
2026-04-14,16,FCHBLRELC01,11,84,3,10,85,4,8,89
2026-04-14,16,FCHBLRHAR01,24,249,6,23,241,4,10,61
2026-04-14,16,FCHBLRHEB01,24,323,6,23,299,7,21,254
2026-04-14,16,FCHBLRHOO01,30,282,6,29,266,2,3,14
2026-04-14,16,FCHBLRHSAF01,15,116,5,12,104,4,12,93
2026-04-14,16,FCHBLRHSR01,25,191,7,22,187,6,23,183
2026-04-14,16,FCHBLRJPN01,41,380,6,38,290,6,16,98
2026-04-14,16,FCHBLRKOR01,33,272,3,12,95,2,3,9
2026-04-14,16,FCHBLRSJR01,46,415,8,19,118,3,3,12
2026-04-14,16,FCHBLRTHA01,9,60,3,9,60,3,9,60
2026-04-14,16,FCHBLRVAR01,20,195,5,20,224,4,20,186
2026-04-14,16,FCHBLRWHF01,23,259,3,22,249,5,22,264
2026-04-14,17,FCHBLRAECS01,32,293,3,13,69,0,0,0
2026-04-14,17,FCHBLRBEN01,24,265,8,23,298,6,14,86
2026-04-14,17,FCHBLRBHO01,25,236,2,24,216,3,24,227
2026-04-14,17,FCHBLRDOD01,26,220,7,29,419,6,28,297
2026-04-14,17,FCHBLRELC01,19,208,2,20,215,2,20,215
2026-04-14,17,FCHBLRHAR01,26,231,5,27,253,5,13,58
2026-04-14,17,FCHBLRHEB01,21,191,7,22,192,7,15,111
2026-04-14,17,FCHBLRHOO01,36,304,5,35,262,1,4,17
2026-04-14,17,FCHBLRHSAF01,17,141,6,19,168,4,18,156
2026-04-14,17,FCHBLRHSR01,36,269,4,36,266,5,35,270
2026-04-14,17,FCHBLRJPN01,40,358,5,37,224,5,28,203
2026-04-14,17,FCHBLRKOR01,33,338,2,3,26,0,0,0
2026-04-14,17,FCHBLRSJR01,49,581,6,31,253,2,3,10
2026-04-14,17,FCHBLRTHA01,16,151,3,12,114,3,12,114
2026-04-14,17,FCHBLRVAR01,27,216,4,25,223,4,24,224
2026-04-14,17,FCHBLRWHF01,34,309,4,36,336,4,36,336
2026-04-14,18,FCHBLRAECS01,27,214,2,15,73,1,1,4
2026-04-14,18,FCHBLRBEN01,35,334,6,31,266,4,13,73
2026-04-14,18,FCHBLRBHO01,21,189,3,21,181,3,19,172
2026-04-14,18,FCHBLRDOD01,23,221,5,23,208,5,24,204
2026-04-14,18,FCHBLRELC01,23,220,2,23,220,3,23,223
2026-04-14,18,FCHBLRHAR01,25,269,5,22,223,4,13,80
2026-04-14,18,FCHBLRHEB01,21,168,6,22,183,7,18,137
2026-04-14,18,FCHBLRHOO01,35,311,5,32,208,2,3,23
2026-04-14,18,FCHBLRHSAF01,25,231,3,24,211,3,22,196
2026-04-14,18,FCHBLRHSR01,41,353,5,40,357,6,40,370
2026-04-14,18,FCHBLRJPN01,57,521,7,50,344,6,31,259
2026-04-14,18,FCHBLRKOR01,45,377,4,13,136,0,0,0
2026-04-14,18,FCHBLRSJR01,49,457,5,19,171,2,2,16
2026-04-14,18,FCHBLRTHA01,15,133,4,17,164,4,16,157
2026-04-14,18,FCHBLRVAR01,23,185,2,24,179,3,24,185
2026-04-14,18,FCHBLRWHF01,35,319,4,34,304,5,34,321
2026-04-14,19,FCHBLRAECS01,28,193,4,17,77,0,0,0
2026-04-14,19,FCHBLRBEN01,30,320,6,32,411,4,6,26
2026-04-14,19,FCHBLRBHO01,23,198,4,23,234,3,22,204
2026-04-14,19,FCHBLRDOD01,23,189,4,22,207,5,22,228
2026-04-14,19,FCHBLRELC01,18,167,5,18,158,4,16,147
2026-04-14,19,FCHBLRHAR01,33,369,5,30,279,5,11,52
2026-04-14,19,FCHBLRHEB01,27,255,3,23,202,2,14,83
2026-04-14,19,FCHBLRHOO01,47,397,5,44,297,4,7,43
2026-04-14,19,FCHBLRHSAF01,19,173,5,18,174,6,19,179
2026-04-14,19,FCHBLRHSR01,39,310,6,39,308,6,38,280
2026-04-14,19,FCHBLRJPN01,53,540,7,36,226,6,16,103
2026-04-14,19,FCHBLRKOR01,54,393,4,17,115,1,1,2
2026-04-14,19,FCHBLRSJR01,68,640,5,27,215,1,8,61
2026-04-14,19,FCHBLRTHA01,24,235,3,24,222,4,24,204
2026-04-14,19,FCHBLRVAR01,24,213,3,22,212,2,22,206
2026-04-14,19,FCHBLRWHF01,36,285,4,37,300,5,37,307
2026-04-14,20,FCHBLRAECS01,20,146,2,6,34,0,0,0
2026-04-14,20,FCHBLRBEN01,25,253,5,26,254,3,10,70
2026-04-14,20,FCHBLRBHO01,25,236,3,25,234,2,24,213
2026-04-14,20,FCHBLRDOD01,22,187,6,24,224,6,24,210
2026-04-14,20,FCHBLRELC01,16,149,3,16,149,4,16,161
2026-04-14,20,FCHBLRHAR01,27,209,5,32,256,4,13,70
2026-04-14,20,FCHBLRHEB01,27,170,6,27,195,5,18,113
2026-04-14,20,FCHBLRHOO01,32,274,4,32,162,1,1,2
2026-04-14,20,FCHBLRHSAF01,15,84,4,18,97,4,17,96
2026-04-14,20,FCHBLRHSR01,32,227,6,33,226,6,34,236
2026-04-14,20,FCHBLRJPN01,44,451,6,24,218,3,24,226
2026-04-14,20,FCHBLRKOR01,36,289,3,10,67,0,0,0
2026-04-14,20,FCHBLRSJR01,50,399,4,10,77,0,0,0
2026-04-14,20,FCHBLRTHA01,19,155,4,19,163,5,20,222
2026-04-14,20,FCHBLRVAR01,23,168,3,21,161,3,19,150
2026-04-14,20,FCHBLRWHF01,40,318,5,38,301,4,38,303
2026-04-14,21,FCHBLRAECS01,14,109,0,0,0,0,0,0
2026-04-14,21,FCHBLRBEN01,16,107,5,18,176,2,9,46
2026-04-14,21,FCHBLRBHO01,15,149,3,16,128,3,15,133
2026-04-14,21,FCHBLRDOD01,17,167,5,17,167,6,16,166
2026-04-14,21,FCHBLRELC01,18,156,3,17,144,4,16,169
2026-04-14,21,FCHBLRHAR01,24,219,5,19,204,2,11,55
2026-04-14,21,FCHBLRHEB01,21,223,4,19,149,4,12,103
2026-04-14,21,FCHBLRHOO01,26,212,4,27,133,2,5,17
2026-04-14,21,FCHBLRHSAF01,13,89,5,13,84,4,12,70
2026-04-14,21,FCHBLRHSR01,28,207,4,28,219,3,28,211
2026-04-14,21,FCHBLRJPN01,32,293,6,25,142,4,19,124
2026-04-14,21,FCHBLRKOR01,22,138,3,7,44,0,0,0
2026-04-14,21,FCHBLRSJR01,29,275,0,0,0,0,0,0
2026-04-14,21,FCHBLRTHA01,15,121,4,16,133,5,16,121
2026-04-14,21,FCHBLRVAR01,16,152,3,19,168,3,16,117
2026-04-14,21,FCHBLRWHF01,19,124,4,19,124,4,19,132
2026-04-14,22,FCHBLRAECS01,9,74,4,8,52,0,0,0
2026-04-14,22,FCHBLRBEN01,16,128,3,16,135,2,10,73
2026-04-14,22,FCHBLRBHO01,6,33,1,6,33,2,6,40
2026-04-14,22,FCHBLRDOD01,11,86,5,11,86,5,12,101
2026-04-14,22,FCHBLRELC01,3,14,3,4,24,4,4,30
2026-04-14,22,FCHBLRHAR01,22,212,5,24,161,5,7,28
2026-04-14,22,FCHBLRHEB01,4,33,4,8,84,3,5,37
2026-04-14,22,FCHBLRHOO01,10,108,2,8,50,2,2,5
2026-04-14,22,FCHBLRHSAF01,8,67,4,7,62,4,7,63
2026-04-14,22,FCHBLRHSR01,27,211,5,27,226,5,27,226
2026-04-14,22,FCHBLRJPN01,15,72,5,13,85,3,10,54
2026-04-14,22,FCHBLRKOR01,26,185,4,15,143,0,0,0
2026-04-14,22,FCHBLRSJR01,18,106,0,0,0,0,0,0
2026-04-14,22,FCHBLRTHA01,11,68,4,10,64,5,10,67
2026-04-14,22,FCHBLRVAR01,13,100,3,12,88,2,11,85
2026-04-14,22,FCHBLRWHF01,12,72,2,11,58,4,14,79
2026-04-14,23,FCHBLRAECS01,2,27,3,2,34,0,0,0
2026-04-14,23,FCHBLRBEN01,3,17,2,2,6,1,1,2
2026-04-14,23,FCHBLRBHO01,7,45,1,6,40,2,6,53
2026-04-14,23,FCHBLRDOD01,3,15,2,3,15,2,3,15
2026-04-14,23,FCHBLRELC01,1,4,1,1,4,1,1,4
2026-04-14,23,FCHBLRHAR01,9,58,3,9,60,0,0,0
2026-04-14,23,FCHBLRHEB01,5,44,3,4,42,2,3,21
2026-04-14,23,FCHBLRHOO01,4,18,4,4,21,2,2,7
2026-04-14,23,FCHBLRHSAF01,3,16,2,2,8,1,1,5
2026-04-14,23,FCHBLRHSR01,11,90,3,10,89,3,10,89
2026-04-14,23,FCHBLRJPN01,2,23,2,3,17,2,3,30
2026-04-14,23,FCHBLRKOR01,13,97,2,4,19,0,0,0
2026-04-14,23,FCHBLRSJR01,3,23,0,0,0,0,0,0
2026-04-14,23,FCHBLRTHA01,1,2,2,2,6,2,2,6
2026-04-14,23,FCHBLRVAR01,3,17,1,2,11,1,2,11
2026-04-14,23,FCHBLRWHF01,8,53,1,8,53,1,8,53
2026-04-13,0,FCHBLRDOD01,0,0,1,1,14,1,1,14
2026-04-13,0,FCHBLRHAR01,0,0,1,1,3,1,1,3
2026-04-13,0,FCHBLRHSR01,0,0,1,1,9,1,1,9
2026-04-13,6,FCHBLRAECS01,15,146,5,15,140,3,8,50
2026-04-13,6,FCHBLRBEN01,19,192,5,16,143,1,1,6
2026-04-13,6,FCHBLRBHO01,12,146,1,12,146,2,12,146
2026-04-13,6,FCHBLRDOD01,7,96,2,5,58,2,5,58
2026-04-13,6,FCHBLRELC01,11,76,4,10,80,5,10,74
2026-04-13,6,FCHBLRHAR01,23,266,4,16,199,3,11,100
2026-04-13,6,FCHBLRHEB01,20,149,6,18,140,6,18,147
2026-04-13,6,FCHBLRHOO01,22,240,3,16,106,2,9,45
2026-04-13,6,FCHBLRHSAF01,12,105,4,8,65,2,7,48
2026-04-13,6,FCHBLRHSR01,20,192,3,20,221,2,20,192
2026-04-13,6,FCHBLRJPN01,21,211,8,20,188,6,18,166
2026-04-13,6,FCHBLRKOR01,33,439,6,27,368,6,17,206
2026-04-13,6,FCHBLRSJR01,27,263,6,20,198,5,15,132
2026-04-13,6,FCHBLRTHA01,10,121,4,9,106,4,9,96
2026-04-13,6,FCHBLRVAR01,17,162,5,17,191,4,17,162
2026-04-13,6,FCHBLRWHF01,22,217,5,22,217,6,22,219
2026-04-13,7,FCHBLRAECS01,35,325,6,33,324,4,17,147
2026-04-13,7,FCHBLRBEN01,47,464,5,42,511,3,12,57
2026-04-13,7,FCHBLRBHO01,35,363,4,33,354,5,32,294
2026-04-13,7,FCHBLRDOD01,29,309,5,31,393,5,30,321
2026-04-13,7,FCHBLRELC01,22,208,6,21,204,6,21,187
2026-04-13,7,FCHBLRHAR01,42,441,5,29,423,4,13,96
2026-04-13,7,FCHBLRHEB01,31,378,8,31,405,7,30,332
2026-04-13,7,FCHBLRHOO01,52,638,5,41,383,3,15,127
2026-04-13,7,FCHBLRHSAF01,29,303,6,30,337,6,21,226
2026-04-13,7,FCHBLRHSR01,36,354,3,30,302,4,29,270
2026-04-13,7,FCHBLRJPN01,47,578,8,43,456,9,42,463
2026-04-13,7,FCHBLRKOR01,62,681,8,60,747,8,28,187
2026-04-13,7,FCHBLRSJR01,66,857,8,62,935,9,58,723
2026-04-13,7,FCHBLRTHA01,19,220,5,19,245,5,19,268
2026-04-13,7,FCHBLRVAR01,27,361,5,26,391,5,26,358
2026-04-13,7,FCHBLRWHF01,57,561,6,52,501,8,52,512
2026-04-13,8,FCHBLRAECS01,34,384,8,36,412,6,24,203
2026-04-13,8,FCHBLRBEN01,48,443,7,54,650,4,5,25
2026-04-13,8,FCHBLRBHO01,30,256,4,28,238,5,27,226
2026-04-13,8,FCHBLRDOD01,47,463,7,45,457,6,46,461
2026-04-13,8,FCHBLRELC01,27,248,6,28,285,5,26,256
2026-04-13,8,FCHBLRHAR01,40,362,5,44,431,4,9,66
2026-04-13,8,FCHBLRHEB01,37,330,6,36,345,5,36,349
2026-04-13,8,FCHBLRHOO01,67,678,6,50,531,5,16,142
2026-04-13,8,FCHBLRHSAF01,29,341,7,31,369,6,31,367
2026-04-13,8,FCHBLRHSR01,58,607,4,54,608,4,44,343
2026-04-13,8,FCHBLRJPN01,73,849,9,73,713,8,59,559
2026-04-13,8,FCHBLRKOR01,70,809,8,68,790,6,22,113
2026-04-13,8,FCHBLRSJR01,71,754,8,75,895,8,64,701
2026-04-13,8,FCHBLRTHA01,22,252,4,21,222,5,21,240
2026-04-13,8,FCHBLRVAR01,38,413,5,36,450,5,35,391
2026-04-13,8,FCHBLRWHF01,45,444,6,50,521,6,50,522
2026-04-13,9,FCHBLRAECS01,39,396,5,38,349,6,21,126
2026-04-13,9,FCHBLRBEN01,29,326,7,29,433,3,3,11
2026-04-13,9,FCHBLRBHO01,26,311,4,21,229,2,10,94
2026-04-13,9,FCHBLRDOD01,32,327,5,33,382,5,32,357
2026-04-13,9,FCHBLRELC01,21,261,4,20,222,4,20,224
2026-04-13,9,FCHBLRHAR01,51,491,5,47,508,5,24,148
2026-04-13,9,FCHBLRHEB01,30,366,7,30,384,4,30,375
2026-04-13,9,FCHBLRHOO01,51,518,6,42,310,5,8,36
2026-04-13,9,FCHBLRHSAF01,22,228,6,21,235,4,21,214
2026-04-13,9,FCHBLRHSR01,53,503,4,57,677,4,40,255
2026-04-13,9,FCHBLRJPN01,63,653,7,60,471,5,41,326
2026-04-13,9,FCHBLRKOR01,56,595,7,54,659,6,15,86
2026-04-13,9,FCHBLRSJR01,86,915,8,79,808,6,64,669
2026-04-13,9,FCHBLRTHA01,19,182,4,18,204,5,18,212
2026-04-13,9,FCHBLRVAR01,29,285,6,29,361,5,29,295
2026-04-13,9,FCHBLRWHF01,57,549,6,56,534,5,56,534
2026-04-13,10,FCHBLRAECS01,39,394,5,28,197,1,1,2
2026-04-13,10,FCHBLRBEN01,31,225,5,32,272,2,5,36
2026-04-13,10,FCHBLRBHO01,18,140,3,11,56,3,9,51
2026-04-13,10,FCHBLRDOD01,19,232,5,20,273,5,21,259
2026-04-13,10,FCHBLRELC01,27,297,5,27,350,5,23,243
2026-04-13,10,FCHBLRHAR01,35,361,5,36,432,4,12,67
2026-04-13,10,FCHBLRHEB01,40,319,4,39,318,4,39,328
2026-04-13,10,FCHBLRHOO01,37,399,4,32,289,3,3,21
2026-04-13,10,FCHBLRHSAF01,27,282,6,29,315,5,29,326
2026-04-13,10,FCHBLRHSR01,46,405,6,48,525,5,39,294
2026-04-13,10,FCHBLRJPN01,62,633,7,65,441,8,44,362
2026-04-13,10,FCHBLRKOR01,62,634,8,61,612,5,11,40
2026-04-13,10,FCHBLRSJR01,69,653,9,70,681,7,57,574
2026-04-13,10,FCHBLRTHA01,15,148,4,16,165,5,16,178
2026-04-13,10,FCHBLRVAR01,28,300,5,29,274,4,30,283
2026-04-13,10,FCHBLRWHF01,47,459,6,47,479,5,47,473
2026-04-13,11,FCHBLRAECS01,33,469,5,22,172,0,0,0
2026-04-13,11,FCHBLRBEN01,35,282,6,31,312,4,8,57
2026-04-13,11,FCHBLRBHO01,18,195,3,12,93,2,8,44
2026-04-13,11,FCHBLRDOD01,22,210,5,20,218,5,20,210
2026-04-13,11,FCHBLRELC01,11,130,3,12,137,3,13,154
2026-04-13,11,FCHBLRHAR01,24,304,5,23,286,2,4,23
2026-04-13,11,FCHBLRHEB01,22,277,6,22,285,6,22,293
2026-04-13,11,FCHBLRHOO01,29,380,5,17,158,3,3,11
2026-04-13,11,FCHBLRHSAF01,24,269,5,21,231,6,19,221
2026-04-13,11,FCHBLRHSR01,37,312,6,36,305,5,35,275
2026-04-13,11,FCHBLRJPN01,38,453,8,37,315,8,24,233
2026-04-13,11,FCHBLRKOR01,44,414,5,44,441,5,17,85
2026-04-13,11,FCHBLRSJR01,55,577,8,55,527,7,45,409
2026-04-13,11,FCHBLRTHA01,17,129,2,17,129,3,17,129
2026-04-13,11,FCHBLRVAR01,22,278,5,21,315,4,20,271
2026-04-13,11,FCHBLRWHF01,40,507,5,39,491,6,39,501
2026-04-13,12,FCHBLRAECS01,18,177,5,20,181,1,3,25
2026-04-13,12,FCHBLRBEN01,26,270,6,29,343,1,5,31
2026-04-13,12,FCHBLRBHO01,19,161,3,11,72,3,7,51
2026-04-13,12,FCHBLRDOD01,26,280,5,26,326,4,24,238
2026-04-13,12,FCHBLRELC01,16,198,5,14,203,4,12,138
2026-04-13,12,FCHBLRHAR01,27,240,6,27,264,3,6,28
2026-04-13,12,FCHBLRHEB01,34,251,6,35,253,7,32,247
2026-04-13,12,FCHBLRHOO01,29,288,5,16,91,0,0,0
2026-04-13,12,FCHBLRHSAF01,15,167,6,17,160,6,19,185
2026-04-13,12,FCHBLRHSR01,19,154,4,22,182,5,21,177
2026-04-13,12,FCHBLRJPN01,39,345,8,37,229,7,32,232
2026-04-13,12,FCHBLRKOR01,43,448,7,41,472,4,6,43
2026-04-13,12,FCHBLRSJR01,33,297,6,34,293,5,14,104
2026-04-13,12,FCHBLRTHA01,21,166,5,21,166,6,21,168
2026-04-13,12,FCHBLRVAR01,26,217,6,27,238,5,28,257
2026-04-13,12,FCHBLRWHF01,21,223,4,21,233,4,21,283
2026-04-13,13,FCHBLRAECS01,14,108,3,14,107,4,13,80
2026-04-13,13,FCHBLRBEN01,24,217,5,25,278,1,2,11
2026-04-13,13,FCHBLRBHO01,14,145,4,14,56,4,9,37
2026-04-13,13,FCHBLRDOD01,15,185,5,14,224,5,16,206
2026-04-13,13,FCHBLRELC01,18,132,3,18,129,2,18,166
2026-04-13,13,FCHBLRHAR01,19,246,6,17,204,4,4,26
2026-04-13,13,FCHBLRHEB01,23,239,6,23,225,6,24,274
2026-04-13,13,FCHBLRHOO01,24,248,6,26,246,3,8,49
2026-04-13,13,FCHBLRHSAF01,17,235,7,17,278,6,17,257
2026-04-13,13,FCHBLRHSR01,21,170,4,22,179,5,21,180
2026-04-13,13,FCHBLRJPN01,42,355,7,44,321,7,39,306
2026-04-13,13,FCHBLRKOR01,33,324,7,28,258,5,14,60
2026-04-13,13,FCHBLRSJR01,23,217,6,23,236,8,20,178
2026-04-13,13,FCHBLRTHA01,20,170,5,19,166,6,18,168
2026-04-13,13,FCHBLRVAR01,16,135,4,17,144,4,17,144
2026-04-13,13,FCHBLRWHF01,25,203,4,26,209,4,26,209
2026-04-13,14,FCHBLRAECS01,8,63,4,8,57,2,4,26
2026-04-13,14,FCHBLRBEN01,16,133,5,15,141,4,5,29
2026-04-13,14,FCHBLRBHO01,11,108,3,11,86,3,8,55
2026-04-13,14,FCHBLRDOD01,13,109,6,14,133,5,15,124
2026-04-13,14,FCHBLRELC01,10,92,3,10,98,2,9,62
2026-04-13,14,FCHBLRHAR01,18,160,6,19,259,2,6,16
2026-04-13,14,FCHBLRHEB01,18,129,6,19,141,4,16,121
2026-04-13,14,FCHBLRHOO01,21,209,6,24,192,2,5,30
2026-04-13,14,FCHBLRHSAF01,12,118,4,12,120,5,12,123
2026-04-13,14,FCHBLRHSR01,15,106,3,14,95,3,14,95
2026-04-13,14,FCHBLRJPN01,33,283,4,33,178,4,25,187
2026-04-13,14,FCHBLRKOR01,37,317,7,36,322,3,8,43
2026-04-13,14,FCHBLRSJR01,25,222,5,23,262,4,20,181
2026-04-13,14,FCHBLRTHA01,9,74,3,9,68,4,10,78
2026-04-13,14,FCHBLRVAR01,19,147,3,19,147,4,19,164
2026-04-13,14,FCHBLRWHF01,23,219,3,23,219,4,23,222
2026-04-13,15,FCHBLRAECS01,14,182,1,5,56,1,1,2
2026-04-13,15,FCHBLRBEN01,10,96,7,11,129,4,8,61
2026-04-13,15,FCHBLRBHO01,16,140,4,11,86,4,9,84
2026-04-13,15,FCHBLRDOD01,16,195,3,15,180,3,14,155
2026-04-13,15,FCHBLRELC01,11,100,6,11,93,5,10,75
2026-04-13,15,FCHBLRHAR01,23,189,7,23,218,4,6,36
2026-04-13,15,FCHBLRHEB01,25,268,7,25,263,7,23,226
2026-04-13,15,FCHBLRHOO01,18,141,6,14,112,4,6,35
2026-04-13,15,FCHBLRHSAF01,16,179,5,17,192,6,17,195
2026-04-13,15,FCHBLRHSR01,16,151,6,17,197,6,17,135
2026-04-13,15,FCHBLRJPN01,31,287,5,25,154,6,27,243
2026-04-13,15,FCHBLRKOR01,39,376,7,28,265,4,7,19
2026-04-13,15,FCHBLRSJR01,25,218,7,20,138,5,11,61
2026-04-13,15,FCHBLRTHA01,10,95,3,10,90,3,10,90
2026-04-13,15,FCHBLRVAR01,11,105,3,11,115,2,11,105
2026-04-13,15,FCHBLRWHF01,19,192,6,17,152,7,17,152
2026-04-13,16,FCHBLRAECS01,28,275,4,10,32,2,2,11
2026-04-13,16,FCHBLRBEN01,14,127,4,14,123,4,8,61
2026-04-13,16,FCHBLRBHO01,17,145,2,18,155,3,18,160
2026-04-13,16,FCHBLRDOD01,21,255,6,24,319,6,24,360
2026-04-13,16,FCHBLRELC01,14,150,5,14,152,5,14,152
2026-04-13,16,FCHBLRHAR01,20,157,5,21,173,2,5,18
2026-04-13,16,FCHBLRHEB01,23,221,5,23,218,5,22,203
2026-04-13,16,FCHBLRHOO01,26,200,7,27,206,5,10,49
2026-04-13,16,FCHBLRHSAF01,19,154,6,18,146,5,16,133
2026-04-13,16,FCHBLRHSR01,25,249,6,24,278,6,24,244
2026-04-13,16,FCHBLRJPN01,39,319,6,33,155,6,34,239
2026-04-13,16,FCHBLRKOR01,42,388,5,21,193,1,2,5
2026-04-13,16,FCHBLRSJR01,31,230,8,25,224,5,11,71
2026-04-13,16,FCHBLRTHA01,13,107,4,14,122,5,14,137
2026-04-13,16,FCHBLRVAR01,22,193,2,22,193,3,22,199
2026-04-13,16,FCHBLRWHF01,37,316,6,34,288,6,33,275
2026-04-13,17,FCHBLRAECS01,24,236,4,14,60,3,2,9
2026-04-13,17,FCHBLRBEN01,32,234,5,29,247,5,19,118
2026-04-13,17,FCHBLRBHO01,19,136,1,20,146,1,19,138
2026-04-13,17,FCHBLRDOD01,34,322,4,33,317,5,30,305
2026-04-13,17,FCHBLRELC01,22,236,3,22,231,4,22,278
2026-04-13,17,FCHBLRHAR01,29,293,6,24,244,6,10,84
2026-04-13,17,FCHBLRHEB01,24,224,7,19,194,4,14,127
2026-04-13,17,FCHBLRHOO01,41,393,5,36,295,5,6,33
2026-04-13,17,FCHBLRHSAF01,16,164,6,17,152,4,13,80
2026-04-13,17,FCHBLRHSR01,27,213,4,25,195,5,24,191
2026-04-13,17,FCHBLRJPN01,46,598,8,43,249,6,26,254
2026-04-13,17,FCHBLRKOR01,50,499,6,25,255,0,0,0
2026-04-13,17,FCHBLRSJR01,38,278,6,31,245,3,6,28
2026-04-13,17,FCHBLRTHA01,14,123,4,14,123,4,14,129
2026-04-13,17,FCHBLRVAR01,18,204,3,18,212,2,18,204
2026-04-13,17,FCHBLRWHF01,30,291,7,35,365,7,35,371
2026-04-13,18,FCHBLRAECS01,20,241,1,7,32,0,0,0
2026-04-13,18,FCHBLRBEN01,30,267,6,32,337,3,5,16
2026-04-13,18,FCHBLRBHO01,32,242,4,31,234,4,30,245
2026-04-13,18,FCHBLRDOD01,29,337,4,29,330,4,31,364
2026-04-13,18,FCHBLRELC01,19,180,3,20,196,4,21,209
2026-04-13,18,FCHBLRHAR01,39,441,6,40,497,3,27,241
2026-04-13,18,FCHBLRHEB01,22,228,6,26,253,7,23,217
2026-04-13,18,FCHBLRHOO01,41,441,6,40,326,3,6,24
2026-04-13,18,FCHBLRHSAF01,22,244,5,21,240,5,18,137
2026-04-13,18,FCHBLRHSR01,32,279,5,33,325,5,34,253
2026-04-13,18,FCHBLRJPN01,34,339,6,32,173,6,35,344
2026-04-13,18,FCHBLRKOR01,47,400,6,30,264,1,1,2
2026-04-13,18,FCHBLRSJR01,57,492,6,42,412,0,0,0
2026-04-13,18,FCHBLRTHA01,21,170,4,19,142,3,19,142
2026-04-13,18,FCHBLRVAR01,28,251,2,28,251,3,28,255
2026-04-13,18,FCHBLRWHF01,41,335,6,41,335,6,42,343
2026-04-13,19,FCHBLRAECS01,31,254,1,2,6,0,0,0
2026-04-13,19,FCHBLRBEN01,32,258,7,29,247,4,10,43
2026-04-13,19,FCHBLRBHO01,25,191,2,25,185,2,26,190
2026-04-13,19,FCHBLRDOD01,18,183,4,19,195,4,19,195
2026-04-13,19,FCHBLRELC01,19,180,4,19,197,4,19,183
2026-04-13,19,FCHBLRHAR01,45,362,6,46,412,6,26,128
2026-04-13,19,FCHBLRHEB01,30,257,6,30,260,4,25,187
2026-04-13,19,FCHBLRHOO01,47,451,7,39,231,1,2,13
2026-04-13,19,FCHBLRHSAF01,26,236,2,17,109,2,13,65
2026-04-13,19,FCHBLRHSR01,41,330,5,39,372,4,39,342
2026-04-13,19,FCHBLRJPN01,51,489,5,32,182,7,31,250
2026-04-13,19,FCHBLRKOR01,57,478,5,26,274,1,1,1
2026-04-13,19,FCHBLRSJR01,54,392,6,56,384,4,6,15
2026-04-13,19,FCHBLRTHA01,16,141,4,18,169,4,18,169
2026-04-13,19,FCHBLRVAR01,18,120,2,16,109,2,16,109
2026-04-13,19,FCHBLRWHF01,30,195,7,29,195,6,29,189
2026-04-13,20,FCHBLRAECS01,28,241,2,12,45,2,4,23
2026-04-13,20,FCHBLRBEN01,18,153,5,20,177,3,3,19
2026-04-13,20,FCHBLRBHO01,18,123,3,17,119,4,16,111
2026-04-13,20,FCHBLRDOD01,16,109,3,15,101,4,15,104
2026-04-13,20,FCHBLRELC01,23,163,3,22,162,4,21,159
2026-04-13,20,FCHBLRHAR01,30,235,6,29,248,4,12,64
2026-04-13,20,FCHBLRHEB01,17,103,4,15,85,4,13,53
2026-04-13,20,FCHBLRHOO01,31,293,5,31,235,1,1,7
2026-04-13,20,FCHBLRHSAF01,18,180,2,12,85,2,8,53
2026-04-13,20,FCHBLRHSR01,37,296,5,34,279,5,33,262
2026-04-13,20,FCHBLRJPN01,43,421,5,35,253,4,36,353
2026-04-13,20,FCHBLRKOR01,41,370,4,11,63,0,0,0
2026-04-13,20,FCHBLRSJR01,53,430,5,32,198,1,1,1
2026-04-13,20,FCHBLRTHA01,12,87,3,11,80,3,11,80
2026-04-13,20,FCHBLRVAR01,14,157,2,13,150,2,13,150
2026-04-13,20,FCHBLRWHF01,22,203,4,22,185,4,21,172
2026-04-13,21,FCHBLRAECS01,23,166,2,10,51,1,1,2
2026-04-13,21,FCHBLRBEN01,24,173,5,24,185,1,5,17
2026-04-13,21,FCHBLRBHO01,18,118,3,19,123,3,18,133
2026-04-13,21,FCHBLRDOD01,16,167,4,17,197,4,18,181
2026-04-13,21,FCHBLRELC01,19,121,4,19,120,4,19,135
2026-04-13,21,FCHBLRHAR01,21,135,5,24,170,4,12,43
2026-04-13,21,FCHBLRHEB01,12,108,3,14,120,4,14,119
2026-04-13,21,FCHBLRHOO01,18,127,4,20,115,3,4,18
2026-04-13,21,FCHBLRHSAF01,10,100,3,6,30,4,6,34
2026-04-13,21,FCHBLRHSR01,32,213,4,35,248,6,36,253
2026-04-13,21,FCHBLRJPN01,24,152,5,25,129,4,21,136
2026-04-13,21,FCHBLRKOR01,37,282,2,3,8,1,1,2
2026-04-13,21,FCHBLRSJR01,22,191,3,14,100,1,1,5
2026-04-13,21,FCHBLRTHA01,16,109,3,16,107,3,16,111
2026-04-13,21,FCHBLRVAR01,14,111,3,13,114,2,11,80
2026-04-13,21,FCHBLRWHF01,23,189,5,22,213,6,23,229
2026-04-13,22,FCHBLRAECS01,17,134,2,9,25,1,1,4
2026-04-13,22,FCHBLRBEN01,12,82,5,13,117,3,5,14
2026-04-13,22,FCHBLRBHO01,9,78,1,10,82,1,10,82
2026-04-13,22,FCHBLRDOD01,14,114,6,14,121,5,14,114
2026-04-13,22,FCHBLRELC01,6,34,3,6,34,3,6,34
2026-04-13,22,FCHBLRHAR01,12,75,4,12,73,3,8,43
2026-04-13,22,FCHBLRHEB01,9,68,3,9,66,3,7,53
2026-04-13,22,FCHBLRHOO01,19,124,3,17,74,2,4,15
2026-04-13,22,FCHBLRHSAF01,8,60,4,7,34,4,6,38
2026-04-13,22,FCHBLRHSR01,19,105,3,19,94,3,19,94
2026-04-13,22,FCHBLRJPN01,4,21,2,4,24,2,4,24
2026-04-13,22,FCHBLRKOR01,21,148,3,6,58,1,1,4
2026-04-13,22,FCHBLRSJR01,17,126,2,6,32,1,1,3
2026-04-13,22,FCHBLRTHA01,2,12,3,3,21,4,3,24
2026-04-13,22,FCHBLRVAR01,3,22,3,5,27,2,3,15
2026-04-13,22,FCHBLRWHF01,12,53,3,11,54,4,11,54
2026-04-13,23,FCHBLRAECS01,4,14,1,2,2,0,0,0
2026-04-13,23,FCHBLRBEN01,5,41,2,5,41,2,3,18
2026-04-13,23,FCHBLRBHO01,6,35,1,6,35,2,6,43
2026-04-13,23,FCHBLRDOD01,3,28,4,3,37,3,3,28
2026-04-13,23,FCHBLRELC01,2,17,2,2,17,3,2,22
2026-04-13,23,FCHBLRHAR01,4,28,2,4,24,1,1,4
2026-04-13,23,FCHBLRHEB01,4,27,3,3,30,2,3,22
2026-04-13,23,FCHBLRHOO01,2,14,2,3,11,1,1,3
2026-04-13,23,FCHBLRHSR01,8,51,5,10,78,5,9,55
2026-04-13,23,FCHBLRJPN01,4,42,3,4,42,3,4,42
2026-04-13,23,FCHBLRKOR01,4,34,1,1,6,0,0,0
2026-04-13,23,FCHBLRSJR01,9,58,2,2,16,2,2,10
2026-04-13,23,FCHBLRTHA01,3,26,2,3,26,3,3,35
2026-04-13,23,FCHBLRVAR01,4,19,2,5,24,2,6,33
2026-04-13,23,FCHBLRWHF01,8,38,3,7,39,3,7,39
2026-04-12,0,FCHBLRDOD01,0,0,0,0,0,1,1,12
2026-04-12,0,FCHBLRHAR01,0,0,1,1,16,1,1,16
2026-04-12,0,FCHBLRJPN01,0,0,1,1,2,1,1,2
2026-04-12,0,FCHBLRKOR01,1,2,2,3,18,1,1,2
2026-04-12,2,FCHBLRDOD01,1,3,0,0,0,0,0,0
2026-04-12,6,FCHBLRAECS01,6,31,2,5,30,1,5,30
2026-04-12,6,FCHBLRBEN01,5,67,3,4,63,0,0,0
2026-04-12,6,FCHBLRBHO01,6,81,1,5,64,1,5,64
2026-04-12,6,FCHBLRDOD01,6,55,2,6,58,3,7,78
2026-04-12,6,FCHBLRELC01,5,26,2,4,25,3,4,28
2026-04-12,6,FCHBLRHAR01,5,30,2,4,28,1,3,16
2026-04-12,6,FCHBLRHEB01,11,117,6,11,121,5,11,121
2026-04-12,6,FCHBLRHOO01,8,57,3,7,37,2,3,14
2026-04-12,6,FCHBLRHSAF01,8,75,2,7,70,3,7,73
2026-04-12,6,FCHBLRHSR01,8,107,3,7,84,4,6,61
2026-04-12,6,FCHBLRJPN01,19,210,9,18,139,9,19,210
2026-04-12,6,FCHBLRKOR01,6,45,2,4,30,2,4,30
2026-04-12,6,FCHBLRSJR01,10,127,4,7,60,4,6,69
2026-04-12,6,FCHBLRTHA01,2,23,2,2,23,2,2,23
2026-04-12,6,FCHBLRVAR01,4,46,1,3,30,2,3,30
2026-04-12,6,FCHBLRWHF01,8,86,5,8,86,3,8,86
2026-04-12,7,FCHBLRAECS01,26,279,6,23,216,1,6,37
2026-04-12,7,FCHBLRBEN01,37,458,7,30,395,4,4,18
2026-04-12,7,FCHBLRBHO01,16,143,3,16,152,3,15,140
2026-04-12,7,FCHBLRDOD01,19,205,4,17,169,5,17,173
2026-04-12,7,FCHBLRELC01,16,138,5,14,135,6,14,161
2026-04-12,7,FCHBLRHAR01,12,121,4,10,102,4,9,95
2026-04-12,7,FCHBLRHEB01,23,238,3,22,230,4,21,229
2026-04-12,7,FCHBLRHOO01,34,406,4,26,258,1,2,12
2026-04-12,7,FCHBLRHSAF01,24,340,6,20,229,6,15,146
2026-04-12,7,FCHBLRHSR01,24,231,5,23,275,4,24,262
2026-04-12,7,FCHBLRJPN01,46,565,8,42,350,9,39,438
2026-04-12,7,FCHBLRKOR01,21,227,6,19,188,6,16,136
2026-04-12,7,FCHBLRSJR01,46,501,10,35,369,8,19,154
2026-04-12,7,FCHBLRTHA01,12,127,4,11,120,3,11,120
2026-04-12,7,FCHBLRVAR01,29,411,3,26,350,3,25,310
2026-04-12,7,FCHBLRWHF01,31,446,6,29,414,6,28,396
2026-04-12,8,FCHBLRAECS01,33,366,6,30,259,1,2,10
2026-04-12,8,FCHBLRBEN01,47,514,7,54,817,2,3,15
2026-04-12,8,FCHBLRBHO01,33,416,4,31,333,5,28,249
2026-04-12,8,FCHBLRDOD01,31,343,6,31,382,5,31,354
2026-04-12,8,FCHBLRELC01,33,339,7,32,361,7,27,242
2026-04-12,8,FCHBLRHAR01,56,709,7,47,586,7,18,132
2026-04-12,8,FCHBLRHEB01,44,557,9,42,520,8,41,478
2026-04-12,8,FCHBLRHOO01,50,635,4,44,325,2,3,11
2026-04-12,8,FCHBLRHSAF01,39,415,6,38,416,5,19,139
2026-04-12,8,FCHBLRHSR01,48,516,5,48,533,5,44,332
2026-04-12,8,FCHBLRJPN01,69,821,9,61,691,9,61,714
2026-04-12,8,FCHBLRKOR01,60,743,7,51,681,6,34,265
2026-04-12,8,FCHBLRSJR01,77,997,10,70,1184,2,3,23
2026-04-12,8,FCHBLRTHA01,27,262,5,27,251,6,27,266
2026-04-12,8,FCHBLRVAR01,39,517,5,38,578,5,37,491
2026-04-12,8,FCHBLRWHF01,52,500,5,51,530,6,51,537
2026-04-12,9,FCHBLRAECS01,34,387,6,34,370,0,0,0
2026-04-12,9,FCHBLRBEN01,60,662,7,56,662,4,7,40
2026-04-12,9,FCHBLRBHO01,41,461,5,40,492,4,30,297
2026-04-12,9,FCHBLRDOD01,45,539,6,42,562,6,42,490
2026-04-12,9,FCHBLRELC01,49,516,7,42,494,7,34,335
2026-04-12,9,FCHBLRHAR01,64,764,6,68,995,5,8,31
2026-04-12,9,FCHBLRHEB01,50,580,9,48,596,8,48,529
2026-04-12,9,FCHBLRHOO01,63,748,5,34,225,2,2,8
2026-04-12,9,FCHBLRHSAF01,37,348,8,37,360,9,32,268
2026-04-12,9,FCHBLRHSR01,70,678,6,61,669,6,44,302
2026-04-12,9,FCHBLRJPN01,80,1097,9,75,751,7,56,626
2026-04-12,9,FCHBLRKOR01,76,834,7,76,863,5,31,170
2026-04-12,9,FCHBLRSJR01,91,1136,9,78,937,1,1,2
2026-04-12,9,FCHBLRTHA01,24,239,6,24,238,5,24,229
2026-04-12,9,FCHBLRVAR01,45,452,3,48,530,4,48,518
2026-04-12,9,FCHBLRWHF01,68,701,6,67,657,6,67,666
2026-04-12,10,FCHBLRAECS01,53,570,6,45,420,2,2,5
2026-04-12,10,FCHBLRBEN01,45,504,6,47,659,2,4,23
2026-04-12,10,FCHBLRBHO01,43,457,5,42,423,5,38,298
2026-04-12,10,FCHBLRDOD01,45,490,5,38,495,4,38,486
2026-04-12,10,FCHBLRELC01,48,538,6,49,527,6,40,304
2026-04-12,10,FCHBLRHAR01,64,706,7,51,551,4,8,32
2026-04-12,10,FCHBLRHEB01,48,561,8,49,560,8,49,565
2026-04-12,10,FCHBLRHOO01,75,773,7,52,390,2,2,4
2026-04-12,10,FCHBLRHSAF01,47,530,8,45,492,7,41,405
2026-04-12,10,FCHBLRHSR01,54,506,7,56,596,7,41,261
2026-04-12,10,FCHBLRJPN01,75,786,8,78,581,8,57,521
2026-04-12,10,FCHBLRKOR01,71,928,7,55,805,5,10,43
2026-04-12,10,FCHBLRSJR01,82,1094,10,74,814,1,1,1
2026-04-12,10,FCHBLRTHA01,33,341,6,34,401,6,34,384
2026-04-12,10,FCHBLRVAR01,47,605,4,47,637,5,44,523
2026-04-12,10,FCHBLRWHF01,75,882,6,78,941,6,79,952
2026-04-12,11,FCHBLRAECS01,39,369,4,33,282,1,1,6
2026-04-12,11,FCHBLRBEN01,39,423,5,38,527,3,6,32
2026-04-12,11,FCHBLRBHO01,37,402,6,37,453,6,34,272
2026-04-12,11,FCHBLRDOD01,42,489,5,46,504,6,46,506
2026-04-12,11,FCHBLRELC01,32,370,6,35,423,5,13,109
2026-04-12,11,FCHBLRHAR01,45,468,7,59,613,5,14,67
2026-04-12,11,FCHBLRHEB01,24,301,5,25,327,4,24,294
2026-04-12,11,FCHBLRHOO01,61,654,7,61,606,1,2,15
2026-04-12,11,FCHBLRHSAF01,34,310,5,35,309,8,35,354
2026-04-12,11,FCHBLRHSR01,46,489,6,44,596,5,34,282
2026-04-12,11,FCHBLRJPN01,65,663,8,60,480,7,48,412
2026-04-12,11,FCHBLRKOR01,63,656,7,72,848,6,20,94
2026-04-12,11,FCHBLRSJR01,67,795,9,74,716,1,1,10
2026-04-12,11,FCHBLRTHA01,26,270,5,25,260,6,25,267
2026-04-12,11,FCHBLRVAR01,40,418,4,41,448,4,44,481
2026-04-12,11,FCHBLRWHF01,49,466,5,46,424,5,46,424
2026-04-12,12,FCHBLRAECS01,50,512,4,39,316,1,2,6
2026-04-12,12,FCHBLRBEN01,34,398,6,34,475,4,5,26
2026-04-12,12,FCHBLRBHO01,28,304,4,25,292,4,24,297
2026-04-12,12,FCHBLRDOD01,20,226,6,23,291,6,23,275
2026-04-12,12,FCHBLRELC01,39,488,7,33,401,4,16,140
2026-04-12,12,FCHBLRHAR01,43,446,7,36,359,5,7,30
2026-04-12,12,FCHBLRHEB01,41,455,6,37,428,5,34,428
2026-04-12,12,FCHBLRHOO01,56,619,5,45,313,0,0,0
2026-04-12,12,FCHBLRHSAF01,38,334,8,35,301,6,24,173
2026-04-12,12,FCHBLRHSR01,44,471,7,49,597,6,27,127
2026-04-12,12,FCHBLRJPN01,69,710,8,60,429,6,43,289
2026-04-12,12,FCHBLRKOR01,75,788,7,61,740,5,10,46
2026-04-12,12,FCHBLRSJR01,66,708,8,62,556,3,10,52
2026-04-12,12,FCHBLRTHA01,30,317,5,31,327,6,31,335
2026-04-12,12,FCHBLRVAR01,24,213,4,22,223,4,22,219
2026-04-12,12,FCHBLRWHF01,61,599,6,57,610,7,57,612
2026-04-12,13,FCHBLRAECS01,36,318,5,25,124,0,0,0
2026-04-12,13,FCHBLRBEN01,33,281,6,33,312,6,16,84
2026-04-12,13,FCHBLRBHO01,27,242,4,19,162,5,18,141
2026-04-12,13,FCHBLRDOD01,20,219,6,22,290,5,22,246
2026-04-12,13,FCHBLRELC01,19,217,5,24,280,4,14,127
2026-04-12,13,FCHBLRHAR01,30,353,6,37,372,6,10,62
2026-04-12,13,FCHBLRHEB01,29,321,5,33,346,4,30,319
2026-04-12,13,FCHBLRHOO01,38,335,5,37,240,3,3,16
2026-04-12,13,FCHBLRHSAF01,32,315,7,33,339,8,28,240
2026-04-12,13,FCHBLRHSR01,32,231,6,34,259,5,23,139
2026-04-12,13,FCHBLRJPN01,41,457,7,49,417,6,35,300
2026-04-12,13,FCHBLRKOR01,82,836,8,70,715,4,7,23
2026-04-12,13,FCHBLRSJR01,54,502,8,67,513,3,7,56
2026-04-12,13,FCHBLRTHA01,16,191,5,16,196,6,16,201
2026-04-12,13,FCHBLRVAR01,20,184,3,20,184,3,20,184
2026-04-12,13,FCHBLRWHF01,41,483,6,45,514,7,44,495
2026-04-12,14,FCHBLRAECS01,30,255,5,23,135,2,2,6
2026-04-12,14,FCHBLRBEN01,34,375,6,33,369,3,16,92
2026-04-12,14,FCHBLRBHO01,13,142,4,14,158,5,14,172
2026-04-12,14,FCHBLRDOD01,23,313,6,23,332,5,23,313
2026-04-12,14,FCHBLRELC01,18,140,6,17,135,5,15,125
2026-04-12,14,FCHBLRHAR01,23,168,6,20,171,5,10,48
2026-04-12,14,FCHBLRHEB01,16,139,4,18,158,5,16,115
2026-04-12,14,FCHBLRHOO01,32,332,7,25,207,2,3,21
2026-04-12,14,FCHBLRHSAF01,26,327,7,25,329,7,23,236
2026-04-12,14,FCHBLRHSR01,29,267,5,30,324,4,24,193
2026-04-12,14,FCHBLRJPN01,42,359,7,41,248,7,32,238
2026-04-12,14,FCHBLRKOR01,42,503,7,51,548,3,12,50
2026-04-12,14,FCHBLRSJR01,44,561,6,31,284,1,1,4
2026-04-12,14,FCHBLRTHA01,13,90,4,13,90,4,13,93
2026-04-12,14,FCHBLRVAR01,15,133,5,15,162,4,15,133
2026-04-12,14,FCHBLRWHF01,35,332,5,31,312,5,31,325
2026-04-12,15,FCHBLRAECS01,28,216,4,29,162,1,2,6
2026-04-12,15,FCHBLRBEN01,24,205,6,24,232,5,16,114
2026-04-12,15,FCHBLRBHO01,23,288,4,22,270,5,18,238
2026-04-12,15,FCHBLRDOD01,16,179,6,16,177,6,16,184
2026-04-12,15,FCHBLRELC01,11,106,4,12,108,5,11,107
2026-04-12,15,FCHBLRHAR01,17,214,5,18,215,3,13,122
2026-04-12,15,FCHBLRHEB01,29,353,9,29,368,7,28,324
2026-04-12,15,FCHBLRHOO01,26,217,8,24,174,3,6,32
2026-04-12,15,FCHBLRHSAF01,19,218,7,16,185,8,14,100
2026-04-12,15,FCHBLRHSR01,33,311,7,31,285,6,31,267
2026-04-12,15,FCHBLRJPN01,40,365,10,37,280,10,32,275
2026-04-12,15,FCHBLRKOR01,43,470,9,29,363,4,6,27
2026-04-12,15,FCHBLRSJR01,44,448,9,43,363,2,4,19
2026-04-12,15,FCHBLRTHA01,14,170,6,14,170,5,14,170
2026-04-12,15,FCHBLRVAR01,14,152,4,14,152,5,14,159
2026-04-12,15,FCHBLRWHF01,19,152,7,21,170,8,23,194
2026-04-12,16,FCHBLRAECS01,25,236,3,10,57,1,1,4
2026-04-12,16,FCHBLRBEN01,23,280,6,21,328,5,15,162
2026-04-12,16,FCHBLRBHO01,27,277,5,23,260,4,20,216
2026-04-12,16,FCHBLRDOD01,12,97,4,11,86,5,11,97
2026-04-12,16,FCHBLRELC01,17,136,7,17,133,6,17,117
2026-04-12,16,FCHBLRHAR01,24,312,6,24,273,7,15,105
2026-04-12,16,FCHBLRHEB01,11,117,5,11,122,4,10,115
2026-04-12,16,FCHBLRHOO01,25,301,7,23,143,6,7,29
2026-04-12,16,FCHBLRHSAF01,15,197,5,18,252,8,16,246
2026-04-12,16,FCHBLRHSR01,27,281,6,27,353,5,25,269
2026-04-12,16,FCHBLRJPN01,35,308,9,34,208,8,35,314
2026-04-12,16,FCHBLRKOR01,39,415,6,24,229,3,4,12
2026-04-12,16,FCHBLRSJR01,31,336,4,22,131,1,3,12
2026-04-12,16,FCHBLRTHA01,14,165,3,14,165,3,14,165
2026-04-12,16,FCHBLRVAR01,16,175,3,16,175,4,16,181
2026-04-12,16,FCHBLRWHF01,29,324,6,29,324,5,27,291
2026-04-12,17,FCHBLRAECS01,25,231,2,8,39,1,1,4
2026-04-12,17,FCHBLRBEN01,29,337,6,32,441,5,13,95
2026-04-12,17,FCHBLRBHO01,19,131,3,22,173,3,20,170
2026-04-12,17,FCHBLRDOD01,19,200,6,18,201,7,18,185
2026-04-12,17,FCHBLRELC01,19,163,3,18,155,3,18,155
2026-04-12,17,FCHBLRHAR01,24,179,4,20,158,3,13,86
2026-04-12,17,FCHBLRHEB01,24,257,4,20,227,3,15,164
2026-04-12,17,FCHBLRHOO01,36,381,6,32,225,4,12,86
2026-04-12,17,FCHBLRHSAF01,26,347,6,23,277,6,18,175
2026-04-12,17,FCHBLRHSR01,33,288,5,33,335,4,35,325
2026-04-12,17,FCHBLRJPN01,43,421,6,33,236,6,32,304
2026-04-12,17,FCHBLRKOR01,48,582,6,24,232,5,6,26
2026-04-12,17,FCHBLRSJR01,34,424,3,15,87,0,0,0
2026-04-12,17,FCHBLRTHA01,20,223,4,19,202,5,19,218
2026-04-12,17,FCHBLRVAR01,22,239,4,22,259,3,22,239
2026-04-12,17,FCHBLRWHF01,42,377,8,40,386,7,43,419
2026-04-12,18,FCHBLRAECS01,33,269,1,1,2,0,0,0
2026-04-12,18,FCHBLRBEN01,35,422,7,34,514,4,13,82
2026-04-12,18,FCHBLRBHO01,15,175,2,16,178,1,14,145
2026-04-12,18,FCHBLRDOD01,28,233,5,28,239,6,27,241
2026-04-12,18,FCHBLRELC01,27,260,4,27,297,4,27,274
2026-04-12,18,FCHBLRHAR01,26,231,5,29,237,5,21,135
2026-04-12,18,FCHBLRHEB01,22,261,5,23,269,4,20,193
2026-04-12,18,FCHBLRHOO01,40,345,6,34,211,4,15,81
2026-04-12,18,FCHBLRHSAF01,16,161,7,18,232,6,15,178
2026-04-12,18,FCHBLRHSR01,36,365,4,33,425,4,31,319
2026-04-12,18,FCHBLRJPN01,45,392,8,37,175,9,31,269
2026-04-12,18,FCHBLRKOR01,47,540,6,28,334,2,4,14
2026-04-12,18,FCHBLRSJR01,44,464,2,20,71,0,0,0
2026-04-12,18,FCHBLRTHA01,19,174,3,20,195,4,20,201
2026-04-12,18,FCHBLRVAR01,23,284,2,20,248,2,20,248
2026-04-12,18,FCHBLRWHF01,29,282,7,27,254,8,27,257
2026-04-12,19,FCHBLRAECS01,27,230,3,3,8,2,2,7
2026-04-12,19,FCHBLRBEN01,28,292,5,29,352,5,7,30
2026-04-12,19,FCHBLRBHO01,22,242,4,18,228,3,15,174
2026-04-12,19,FCHBLRDOD01,25,274,5,27,312,4,27,340
2026-04-12,19,FCHBLRELC01,27,245,4,25,230,4,25,226
2026-04-12,19,FCHBLRHAR01,33,417,5,30,389,4,17,163
2026-04-12,19,FCHBLRHEB01,30,331,6,29,324,6,23,196
2026-04-12,19,FCHBLRHOO01,40,499,6,32,259,3,4,26
2026-04-12,19,FCHBLRHSAF01,29,330,6,23,212,6,21,187
2026-04-12,19,FCHBLRHSR01,37,302,4,40,359,4,38,249
2026-04-12,19,FCHBLRJPN01,46,531,8,38,212,8,38,406
2026-04-12,19,FCHBLRKOR01,47,530,4,20,273,1,1,4
2026-04-12,19,FCHBLRSJR01,53,513,4,31,109,0,0,0
2026-04-12,19,FCHBLRTHA01,23,217,3,23,215,2,21,193
2026-04-12,19,FCHBLRVAR01,26,258,5,27,300,5,27,280
2026-04-12,19,FCHBLRWHF01,48,677,6,48,647,7,46,621
2026-04-12,20,FCHBLRAECS01,18,128,2,5,11,1,1,2
2026-04-12,20,FCHBLRBEN01,32,317,4,32,344,3,6,23
2026-04-12,20,FCHBLRBHO01,9,101,3,11,123,3,9,91
2026-04-12,20,FCHBLRDOD01,20,263,4,20,263,4,20,263
2026-04-12,20,FCHBLRELC01,17,142,3,17,155,4,17,173
2026-04-12,20,FCHBLRHAR01,36,371,5,39,458,4,12,44
2026-04-12,20,FCHBLRHEB01,23,205,5,24,226,6,22,201
2026-04-12,20,FCHBLRHOO01,36,408,4,26,178,3,6,29
2026-04-12,20,FCHBLRHSAF01,14,134,4,16,151,4,13,113
2026-04-12,20,FCHBLRHSR01,50,448,4,47,480,3,41,312
2026-04-12,20,FCHBLRJPN01,53,501,5,38,234,5,37,337
2026-04-12,20,FCHBLRKOR01,38,371,4,19,181,0,0,0
2026-04-12,20,FCHBLRSJR01,40,424,4,21,60,1,1,1
2026-04-12,20,FCHBLRTHA01,14,117,2,13,107,2,14,117
2026-04-12,20,FCHBLRVAR01,20,186,3,20,187,3,20,177
2026-04-12,20,FCHBLRWHF01,34,339,5,34,386,6,36,420
2026-04-12,21,FCHBLRAECS01,15,153,1,1,3,0,0,0
2026-04-12,21,FCHBLRBEN01,18,141,3,18,133,3,9,41
2026-04-12,21,FCHBLRBHO01,12,111,3,12,92,4,10,89
2026-04-12,21,FCHBLRDOD01,14,128,4,14,128,4,14,128
2026-04-12,21,FCHBLRELC01,11,71,3,13,86,4,13,93
2026-04-12,21,FCHBLRHAR01,24,216,5,26,249,4,11,65
2026-04-12,21,FCHBLRHEB01,15,146,3,13,122,2,9,63
2026-04-12,21,FCHBLRHOO01,24,212,3,23,148,2,2,9
2026-04-12,21,FCHBLRHSAF01,20,188,6,16,153,5,14,112
2026-04-12,21,FCHBLRHSR01,28,196,3,31,212,2,33,224
2026-04-12,21,FCHBLRJPN01,29,239,6,29,184,6,30,259
2026-04-12,21,FCHBLRKOR01,43,404,5,24,215,0,0,0
2026-04-12,21,FCHBLRSJR01,34,304,3,19,73,2,3,6
2026-04-12,21,FCHBLRTHA01,8,62,2,9,72,3,8,62
2026-04-12,21,FCHBLRVAR01,12,118,4,12,125,5,12,120
2026-04-12,21,FCHBLRWHF01,17,152,3,17,143,5,17,150
2026-04-12,22,FCHBLRAECS01,9,99,1,1,9,0,0,0
2026-04-12,22,FCHBLRBEN01,19,138,5,18,139,4,9,50
2026-04-12,22,FCHBLRBHO01,9,51,3,10,57,3,8,56
2026-04-12,22,FCHBLRDOD01,5,51,3,5,51,3,5,51
2026-04-12,22,FCHBLRELC01,3,25,2,3,25,2,3,25
2026-04-12,22,FCHBLRHAR01,15,124,5,10,67,5,7,31
2026-04-12,22,FCHBLRHEB01,6,69,4,8,86,3,6,60
2026-04-12,22,FCHBLRHOO01,9,69,4,10,64,2,3,16
2026-04-12,22,FCHBLRHSAF01,5,29,2,5,29,2,5,29
2026-04-12,22,FCHBLRHSR01,22,155,4,23,193,3,21,159
2026-04-12,22,FCHBLRJPN01,14,132,6,13,48,4,11,105
2026-04-12,22,FCHBLRKOR01,20,185,3,9,91,1,1,2
2026-04-12,22,FCHBLRSJR01,19,134,3,9,34,1,2,2
2026-04-12,22,FCHBLRTHA01,4,31,2,4,31,2,5,47
2026-04-12,22,FCHBLRVAR01,11,98,3,12,107,4,12,116
2026-04-12,22,FCHBLRWHF01,19,208,4,19,224,4,19,224
2026-04-12,23,FCHBLRAECS01,3,24,1,2,3,0,0,0
2026-04-12,23,FCHBLRBEN01,4,17,2,5,21,1,4,17
2026-04-12,23,FCHBLRBHO01,5,26,2,4,19,2,3,11
2026-04-12,23,FCHBLRDOD01,3,33,3,2,31,2,2,19
2026-04-12,23,FCHBLRELC01,2,8,2,2,8,2,2,8
2026-04-12,23,FCHBLRHAR01,7,61,5,9,123,1,1,4
2026-04-12,23,FCHBLRHEB01,1,7,1,1,7,1,1,7
2026-04-12,23,FCHBLRHOO01,2,8,2,2,7,0,0,0
2026-04-12,23,FCHBLRHSAF01,2,23,2,2,20,1,1,3
2026-04-12,23,FCHBLRHSR01,10,64,2,9,55,3,10,65
2026-04-12,23,FCHBLRJPN01,18,72,2,2,8,3,3,26
2026-04-12,23,FCHBLRKOR01,13,100,2,3,21,0,0,0
2026-04-12,23,FCHBLRSJR01,9,66,1,5,5,0,0,0
2026-04-12,23,FCHBLRTHA01,2,24,2,2,24,2,2,24
2026-04-12,23,FCHBLRVAR01,3,39,2,3,39,2,3,39
2026-04-12,23,FCHBLRWHF01,7,39,3,7,39,5,8,49
2026-04-11,0,FCHBLRDOD01,0,0,2,2,22,2,2,22
2026-04-11,0,FCHBLRVAR01,0,0,1,1,5,1,1,5
2026-04-11,6,FCHBLRAECS01,9,82,4,8,81,2,3,18
2026-04-11,6,FCHBLRBEN01,11,158,4,10,128,3,4,26
2026-04-11,6,FCHBLRBHO01,9,73,2,8,69,3,8,72
2026-04-11,6,FCHBLRDOD01,13,147,6,13,147,5,13,147
2026-04-11,6,FCHBLRELC01,5,56,4,5,56,4,5,56
2026-04-11,6,FCHBLRHAR01,10,96,4,8,102,1,7,69
2026-04-11,6,FCHBLRHEB01,15,181,4,13,150,5,13,150
2026-04-11,6,FCHBLRHOO01,15,181,5,11,103,2,6,49
2026-04-11,6,FCHBLRHSAF01,8,118,4,5,60,3,4,35
2026-04-11,6,FCHBLRHSR01,9,90,3,9,90,3,9,90
2026-04-11,6,FCHBLRJPN01,26,298,7,22,233,5,21,217
2026-04-11,6,FCHBLRKOR01,22,258,5,21,236,5,19,188
2026-04-11,6,FCHBLRSJR01,19,200,3,15,131,3,13,121
2026-04-11,6,FCHBLRTHA01,8,114,5,8,114,4,8,114
2026-04-11,6,FCHBLRVAR01,4,19,2,4,19,2,4,19
2026-04-11,6,FCHBLRWHF01,17,183,5,17,183,6,17,188
2026-04-11,7,FCHBLRAECS01,34,383,7,31,282,2,2,7
2026-04-11,7,FCHBLRBEN01,45,570,7,35,526,1,1,4
2026-04-11,7,FCHBLRBHO01,36,305,3,36,293,3,36,311
2026-04-11,7,FCHBLRDOD01,27,287,6,26,277,6,26,272
2026-04-11,7,FCHBLRELC01,24,286,7,24,394,7,23,285
2026-04-11,7,FCHBLRHAR01,33,372,6,28,406,6,19,173
2026-04-11,7,FCHBLRHEB01,32,397,7,32,412,6,32,395
2026-04-11,7,FCHBLRHOO01,39,436,5,41,407,4,7,35
2026-04-11,7,FCHBLRHSAF01,24,212,8,23,199,7,23,231
2026-04-11,7,FCHBLRHSR01,27,220,3,26,219,4,25,212
2026-04-11,7,FCHBLRJPN01,45,422,10,46,433,9,44,419
2026-04-11,7,FCHBLRKOR01,38,433,7,35,461,6,32,298
2026-04-11,7,FCHBLRSJR01,51,519,9,49,541,8,26,290
2026-04-11,7,FCHBLRTHA01,19,191,4,17,143,6,17,147
2026-04-11,7,FCHBLRVAR01,22,214,4,21,217,4,21,203
2026-04-11,7,FCHBLRWHF01,34,366,5,31,310,6,32,342
2026-04-11,8,FCHBLRAECS01,60,569,5,44,338,1,1,3
2026-04-11,8,FCHBLRBEN01,45,494,8,55,686,5,6,31
2026-04-11,8,FCHBLRBHO01,39,464,4,35,388,5,30,312
2026-04-11,8,FCHBLRDOD01,46,551,6,44,556,6,44,530
2026-04-11,8,FCHBLRELC01,37,471,8,36,480,8,35,386
2026-04-11,8,FCHBLRHAR01,46,649,7,38,538,6,28,291
2026-04-11,8,FCHBLRHEB01,59,596,8,54,618,6,50,545
2026-04-11,8,FCHBLRHOO01,81,935,5,69,475,2,3,10
2026-04-11,8,FCHBLRHSAF01,38,559,8,34,543,8,33,475
2026-04-11,8,FCHBLRHSR01,61,641,5,51,529,5,47,370
2026-04-11,8,FCHBLRJPN01,77,831,9,76,726,8,72,703
2026-04-11,8,FCHBLRKOR01,67,871,9,58,803,8,37,376
2026-04-11,8,FCHBLRSJR01,103,1157,9,86,840,9,46,442
2026-04-11,8,FCHBLRTHA01,28,290,6,30,338,8,30,344
2026-04-11,8,FCHBLRVAR01,50,548,5,45,542,6,43,460
2026-04-11,8,FCHBLRWHF01,67,689,5,65,691,6,64,691
2026-04-11,9,FCHBLRAECS01,51,655,6,41,370,1,2,6
2026-04-11,9,FCHBLRBEN01,62,748,7,60,794,2,4,12
2026-04-11,9,FCHBLRBHO01,44,406,4,31,373,3,30,334
2026-04-11,9,FCHBLRDOD01,44,571,6,43,552,5,42,485
2026-04-11,9,FCHBLRELC01,30,305,6,30,343,6,28,316
2026-04-11,9,FCHBLRHAR01,57,605,10,62,680,10,33,225
2026-04-11,9,FCHBLRHEB01,62,740,8,64,778,8,63,663
2026-04-11,9,FCHBLRHOO01,70,645,5,65,453,3,5,18
2026-04-11,9,FCHBLRHSAF01,62,687,8,52,485,7,43,366
2026-04-11,9,FCHBLRHSR01,59,590,5,62,710,4,35,225
2026-04-11,9,FCHBLRJPN01,83,812,11,75,607,11,68,669
2026-04-11,9,FCHBLRKOR01,88,1064,7,75,870,6,19,129
2026-04-11,9,FCHBLRSJR01,91,1201,9,74,980,8,21,200
2026-04-11,9,FCHBLRTHA01,33,373,5,32,367,6,32,374
2026-04-11,9,FCHBLRVAR01,55,682,6,54,717,4,51,649
2026-04-11,9,FCHBLRWHF01,70,792,6,73,820,7,74,832
2026-04-11,10,FCHBLRAECS01,56,533,5,41,234,3,2,5
2026-04-11,10,FCHBLRBEN01,51,493,6,51,597,3,3,20
2026-04-11,10,FCHBLRBHO01,32,316,3,23,157,4,17,121
2026-04-11,10,FCHBLRDOD01,50,602,6,44,535,7,44,560
2026-04-11,10,FCHBLRELC01,47,591,7,43,547,6,39,440
2026-04-11,10,FCHBLRHAR01,43,512,8,42,540,4,16,62
2026-04-11,10,FCHBLRHEB01,52,588,6,48,526,6,49,568
2026-04-11,10,FCHBLRHOO01,71,751,5,52,425,2,7,25
2026-04-11,10,FCHBLRHSAF01,46,614,7,42,400,7,31,275
2026-04-11,10,FCHBLRHSR01,61,707,6,56,769,6,27,161
2026-04-11,10,FCHBLRJPN01,72,820,10,67,621,10,61,645
2026-04-11,10,FCHBLRKOR01,80,1026,7,67,1066,4,8,38
2026-04-11,10,FCHBLRSJR01,92,989,9,82,643,4,5,15
2026-04-11,10,FCHBLRTHA01,32,317,5,30,312,6,28,296
2026-04-11,10,FCHBLRVAR01,49,581,5,51,590,5,53,624
2026-04-11,10,FCHBLRWHF01,65,781,9,64,833,8,64,799
2026-04-11,11,FCHBLRAECS01,54,631,4,41,305,0,0,0
2026-04-11,11,FCHBLRBEN01,41,438,7,37,377,4,4,9
2026-04-11,11,FCHBLRBHO01,40,445,3,42,474,4,35,334
2026-04-11,11,FCHBLRDOD01,37,392,7,45,621,6,44,554
2026-04-11,11,FCHBLRELC01,39,472,7,44,533,6,30,270
2026-04-11,11,FCHBLRHAR01,46,522,9,47,545,8,24,168
2026-04-11,11,FCHBLRHEB01,36,413,6,40,468,5,37,445
2026-04-11,11,FCHBLRHOO01,49,508,5,42,236,3,9,44
2026-04-11,11,FCHBLRHSAF01,38,403,5,25,166,5,14,91
2026-04-11,11,FCHBLRHSR01,68,598,5,72,839,4,25,140
2026-04-11,11,FCHBLRJPN01,68,723,11,68,532,11,61,551
2026-04-11,11,FCHBLRKOR01,64,581,7,79,780,2,10,36
2026-04-11,11,FCHBLRSJR01,82,908,10,74,628,4,4,15
2026-04-11,11,FCHBLRTHA01,26,266,6,28,299,6,30,325
2026-04-11,11,FCHBLRVAR01,42,561,5,42,585,5,41,548
2026-04-11,11,FCHBLRWHF01,70,776,8,69,776,9,67,730
2026-04-11,12,FCHBLRAECS01,44,404,6,30,251,1,2,7
2026-04-11,12,FCHBLRBEN01,31,344,4,34,389,2,2,5
2026-04-11,12,FCHBLRBHO01,25,257,3,25,233,4,24,223
2026-04-11,12,FCHBLRDOD01,32,318,6,29,291,6,29,304
2026-04-11,12,FCHBLRELC01,26,291,7,25,276,6,21,189
2026-04-11,12,FCHBLRHAR01,35,369,8,36,401,6,16,90
2026-04-11,12,FCHBLRHEB01,39,409,7,38,433,6,39,423
2026-04-11,12,FCHBLRHOO01,47,544,5,43,358,4,6,21
2026-04-11,12,FCHBLRHSAF01,31,311,8,34,365,8,30,270
2026-04-11,12,FCHBLRHSR01,54,554,6,52,560,5,13,54
2026-04-11,12,FCHBLRJPN01,54,504,8,53,361,9,45,307
2026-04-11,12,FCHBLRKOR01,69,651,6,52,437,4,8,27
2026-04-11,12,FCHBLRSJR01,64,614,9,54,498,4,8,75
2026-04-11,12,FCHBLRTHA01,17,148,5,16,137,6,16,140
2026-04-11,12,FCHBLRVAR01,32,322,4,34,349,4,35,378
2026-04-11,12,FCHBLRWHF01,48,502,6,44,448,6,46,510
2026-04-11,13,FCHBLRAECS01,38,301,5,27,146,1,1,2
2026-04-11,13,FCHBLRBEN01,37,407,6,37,431,1,1,3
2026-04-11,13,FCHBLRBHO01,32,401,2,15,212,2,10,103
2026-04-11,13,FCHBLRDOD01,30,326,6,30,316,7,31,299
2026-04-11,13,FCHBLRELC01,20,253,5,18,214,6,15,143
2026-04-11,13,FCHBLRHAR01,27,312,8,26,367,5,13,70
2026-04-11,13,FCHBLRHEB01,38,420,5,39,397,4,39,416
2026-04-11,13,FCHBLRHOO01,43,511,5,31,226,2,2,14
2026-04-11,13,FCHBLRHSAF01,24,207,8,26,250,8,23,208
2026-04-11,13,FCHBLRHSR01,30,263,6,33,333,4,20,117
2026-04-11,13,FCHBLRJPN01,50,537,7,49,388,7,39,318
2026-04-11,13,FCHBLRKOR01,57,628,7,54,599,4,5,18
2026-04-11,13,FCHBLRSJR01,46,448,7,40,292,6,15,77
2026-04-11,13,FCHBLRTHA01,18,123,6,19,139,6,19,137
2026-04-11,13,FCHBLRVAR01,21,236,5,22,248,4,21,234
2026-04-11,13,FCHBLRWHF01,43,396,5,44,435,6,45,427
2026-04-11,14,FCHBLRAECS01,22,216,6,21,162,4,7,32
2026-04-11,14,FCHBLRBEN01,29,279,7,30,336,3,6,26
2026-04-11,14,FCHBLRBHO01,23,221,4,21,247,3,21,195
2026-04-11,14,FCHBLRDOD01,23,264,6,25,305,5,24,315
2026-04-11,14,FCHBLRELC01,22,259,7,21,240,5,18,183
2026-04-11,14,FCHBLRHAR01,31,222,7,31,237,6,9,39
2026-04-11,14,FCHBLRHEB01,16,180,4,17,220,4,16,193
2026-04-11,14,FCHBLRHOO01,33,394,4,27,202,1,1,1
2026-04-11,14,FCHBLRHSAF01,23,242,7,23,225,7,17,167
2026-04-11,14,FCHBLRHSR01,34,237,7,33,291,6,29,191
2026-04-11,14,FCHBLRJPN01,50,451,6,48,311,5,37,244
2026-04-11,14,FCHBLRKOR01,40,378,7,37,390,6,9,32
2026-04-11,14,FCHBLRSJR01,41,425,8,41,285,5,16,101
2026-04-11,14,FCHBLRTHA01,14,81,5,13,71,5,13,71
2026-04-11,14,FCHBLRVAR01,24,239,4,24,239,4,23,200
2026-04-11,14,FCHBLRWHF01,39,409,6,41,419,6,40,382
2026-04-11,15,FCHBLRAECS01,30,229,5,28,246,2,3,10
2026-04-11,15,FCHBLRBEN01,30,330,6,31,352,4,7,37
2026-04-11,15,FCHBLRBHO01,24,195,5,26,220,5,25,166
2026-04-11,15,FCHBLRDOD01,24,266,5,20,207,6,21,213
2026-04-11,15,FCHBLRELC01,23,215,6,26,287,5,23,217
2026-04-11,15,FCHBLRHAR01,28,257,7,23,229,4,9,42
2026-04-11,15,FCHBLRHEB01,27,235,7,24,211,8,23,207
2026-04-11,15,FCHBLRHOO01,23,239,4,16,95,2,5,33
2026-04-11,15,FCHBLRHSAF01,18,228,5,17,206,6,14,114
2026-04-11,15,FCHBLRHSR01,36,309,6,32,291,6,29,215
2026-04-11,15,FCHBLRJPN01,40,408,8,36,286,7,18,119
2026-04-11,15,FCHBLRKOR01,34,306,7,31,287,4,9,52
2026-04-11,15,FCHBLRSJR01,58,713,11,46,430,7,10,48
2026-04-11,15,FCHBLRTHA01,10,81,3,10,71,6,10,76
2026-04-11,15,FCHBLRVAR01,24,262,4,22,256,4,23,295
2026-04-11,15,FCHBLRWHF01,37,326,5,37,326,6,38,385
2026-04-11,16,FCHBLRAECS01,31,251,5,22,98,0,0,0
2026-04-11,16,FCHBLRBEN01,31,329,8,29,385,6,16,106
2026-04-11,16,FCHBLRBHO01,19,230,3,17,250,2,16,201
2026-04-11,16,FCHBLRDOD01,22,242,6,25,334,6,25,298
2026-04-11,16,FCHBLRELC01,12,94,6,11,86,8,11,106
2026-04-11,16,FCHBLRHAR01,33,363,7,35,348,5,13,111
2026-04-11,16,FCHBLRHEB01,21,169,8,24,194,6,24,193
2026-04-11,16,FCHBLRHOO01,41,350,3,31,176,2,4,20
2026-04-11,16,FCHBLRHSAF01,16,148,5,15,155,7,12,150
2026-04-11,16,FCHBLRHSR01,28,291,5,30,328,5,31,337
2026-04-11,16,FCHBLRJPN01,43,551,8,37,249,9,15,105
2026-04-11,16,FCHBLRKOR01,44,395,7,33,278,4,8,32
2026-04-11,16,FCHBLRSJR01,52,450,8,49,344,4,5,23
2026-04-11,16,FCHBLRTHA01,14,163,5,14,158,5,14,158
2026-04-11,16,FCHBLRVAR01,23,200,5,24,205,5,24,212
2026-04-11,16,FCHBLRWHF01,25,269,5,25,269,6,25,277
2026-04-11,17,FCHBLRAECS01,22,195,3,11,60,1,1,3
2026-04-11,17,FCHBLRBEN01,27,275,7,28,300,7,12,63
2026-04-11,17,FCHBLRBHO01,21,214,3,19,196,3,16,178
2026-04-11,17,FCHBLRDOD01,34,432,6,29,359,5,27,304
2026-04-11,17,FCHBLRELC01,19,175,5,20,178,5,18,158
2026-04-11,17,FCHBLRHAR01,46,475,6,35,327,2,6,21
2026-04-11,17,FCHBLRHEB01,15,147,5,11,111,4,11,98
2026-04-11,17,FCHBLRHOO01,38,370,5,33,222,2,4,18
2026-04-11,17,FCHBLRHSAF01,17,137,4,18,148,5,17,153
2026-04-11,17,FCHBLRHSR01,31,218,7,30,216,6,30,217
2026-04-11,17,FCHBLRJPN01,36,337,8,30,164,8,15,84
2026-04-11,17,FCHBLRKOR01,48,456,7,26,234,2,4,10
2026-04-11,17,FCHBLRSJR01,42,380,4,23,161,2,3,26
2026-04-11,17,FCHBLRTHA01,13,129,3,14,154,3,14,154
2026-04-11,17,FCHBLRVAR01,21,263,4,18,218,3,18,196
2026-04-11,17,FCHBLRWHF01,37,338,7,37,338,8,36,326
2026-04-11,18,FCHBLRAECS01,43,422,2,7,44,1,1,4
2026-04-11,18,FCHBLRBEN01,21,222,6,22,324,5,10,41
2026-04-11,18,FCHBLRBHO01,24,184,3,23,175,3,23,184
2026-04-11,18,FCHBLRDOD01,34,357,7,36,472,6,37,442
2026-04-11,18,FCHBLRELC01,22,224,5,22,249,6,23,228
2026-04-11,18,FCHBLRHAR01,33,350,5,28,317,3,11,80
2026-04-11,18,FCHBLRHEB01,19,206,7,22,247,6,17,155
2026-04-11,18,FCHBLRHOO01,25,232,4,24,138,2,2,5
2026-04-11,18,FCHBLRHSAF01,30,263,7,28,239,7,26,261
2026-04-11,18,FCHBLRHSR01,35,349,5,32,382,6,31,287
2026-04-11,18,FCHBLRJPN01,41,325,6,35,184,5,20,99
2026-04-11,18,FCHBLRKOR01,43,359,7,31,319,1,2,6
2026-04-11,18,FCHBLRSJR01,47,513,2,25,94,2,1,6
2026-04-11,18,FCHBLRTHA01,13,165,2,12,159,2,11,142
2026-04-11,18,FCHBLRVAR01,23,255,4,25,290,5,25,288
2026-04-11,18,FCHBLRWHF01,30,303,6,30,303,7,31,332
2026-04-11,19,FCHBLRAECS01,30,222,4,14,76,0,0,0
2026-04-11,19,FCHBLRBEN01,33,301,5,30,288,5,9,37
2026-04-11,19,FCHBLRBHO01,15,138,3,17,150,3,14,101
2026-04-11,19,FCHBLRDOD01,20,260,5,18,249,6,17,212
2026-04-11,19,FCHBLRELC01,16,159,4,16,159,6,16,143
2026-04-11,19,FCHBLRHAR01,28,258,5,27,310,1,3,17
2026-04-11,19,FCHBLRHEB01,18,151,5,19,168,5,17,142
2026-04-11,19,FCHBLRHOO01,33,354,6,28,199,3,5,19
2026-04-11,19,FCHBLRHSAF01,20,240,5,21,244,4,22,249
2026-04-11,19,FCHBLRHSR01,39,409,6,40,465,5,35,283
2026-04-11,19,FCHBLRJPN01,35,349,7,29,128,5,16,73
2026-04-11,19,FCHBLRKOR01,47,425,5,26,212,1,1,7
2026-04-11,19,FCHBLRSJR01,39,359,3,24,98,2,4,12
2026-04-11,19,FCHBLRTHA01,12,64,4,12,76,4,13,81
2026-04-11,19,FCHBLRVAR01,19,221,3,19,227,2,17,189
2026-04-11,19,FCHBLRWHF01,37,327,6,35,294,6,33,275
2026-04-11,20,FCHBLRAECS01,29,223,3,14,68,1,1,1
2026-04-11,20,FCHBLRBEN01,19,193,6,22,228,1,2,6
2026-04-11,20,FCHBLRBHO01,20,237,3,19,218,3,14,137
2026-04-11,20,FCHBLRDOD01,19,161,6,24,216,7,24,269
2026-04-11,20,FCHBLRELC01,18,185,4,18,185,5,17,178
2026-04-11,20,FCHBLRHAR01,29,275,6,21,179,3,5,16
2026-04-11,20,FCHBLRHEB01,19,216,4,17,184,4,13,85
2026-04-11,20,FCHBLRHOO01,23,173,5,17,85,1,2,9
2026-04-11,20,FCHBLRHSAF01,16,153,3,16,139,4,13,130
2026-04-11,20,FCHBLRHSR01,33,242,4,34,267,4,33,242
2026-04-11,20,FCHBLRJPN01,35,257,5,28,139,5,19,111
2026-04-11,20,FCHBLRKOR01,35,411,4,24,276,0,0,0
2026-04-11,20,FCHBLRSJR01,29,255,2,12,48,1,2,11
2026-04-11,20,FCHBLRTHA01,15,111,3,15,111,4,16,128
2026-04-11,20,FCHBLRVAR01,12,140,2,13,149,3,14,168
2026-04-11,20,FCHBLRWHF01,29,292,4,28,272,4,30,282
2026-04-11,21,FCHBLRAECS01,18,130,2,11,47,0,0,0
2026-04-11,21,FCHBLRBEN01,20,183,4,20,211,2,4,24
2026-04-11,21,FCHBLRBHO01,7,54,3,10,79,2,6,35
2026-04-11,21,FCHBLRDOD01,17,134,5,17,134,6,16,131
2026-04-11,21,FCHBLRELC01,14,136,4,13,132,5,12,105
2026-04-11,21,FCHBLRHAR01,15,151,5,18,171,3,10,73
2026-04-11,21,FCHBLRHEB01,9,116,4,9,126,3,7,76
2026-04-11,21,FCHBLRHOO01,22,221,4,20,121,3,5,24
2026-04-11,21,FCHBLRHSAF01,7,39,3,7,36,2,6,26
2026-04-11,21,FCHBLRHSR01,28,228,3,28,238,4,28,242
2026-04-11,21,FCHBLRJPN01,22,201,4,13,56,4,8,33
2026-04-11,21,FCHBLRKOR01,17,133,4,9,73,0,0,0
2026-04-11,21,FCHBLRSJR01,18,127,2,7,16,0,0,0
2026-04-11,21,FCHBLRTHA01,7,47,2,7,47,2,7,47
2026-04-11,21,FCHBLRVAR01,10,77,2,10,77,2,10,77
2026-04-11,21,FCHBLRWHF01,19,141,3,20,196,4,22,210
2026-04-11,22,FCHBLRAECS01,10,80,1,3,5,0,0,0
2026-04-11,22,FCHBLRBEN01,9,68,4,10,72,3,7,32
2026-04-11,22,FCHBLRBHO01,6,44,2,5,38,2,5,38
2026-04-11,22,FCHBLRDOD01,6,29,2,6,37,2,6,32
2026-04-11,22,FCHBLRELC01,6,59,3,7,63,4,7,71
2026-04-11,22,FCHBLRHAR01,11,61,3,10,60,4,10,66
2026-04-11,22,FCHBLRHEB01,6,39,3,6,48,2,4,23
2026-04-11,22,FCHBLRHOO01,12,77,3,8,44,2,2,10
2026-04-11,22,FCHBLRHSAF01,5,40,2,5,32,2,4,29
2026-04-11,22,FCHBLRHSR01,6,33,3,6,33,2,6,33
2026-04-11,22,FCHBLRJPN01,15,103,5,11,46,3,7,20
2026-04-11,22,FCHBLRKOR01,15,72,4,11,52,0,0,0
2026-04-11,22,FCHBLRSJR01,7,51,1,1,6,0,0,0
2026-04-11,22,FCHBLRTHA01,3,15,2,3,15,2,3,15
2026-04-11,22,FCHBLRVAR01,8,112,4,8,112,4,8,112
2026-04-11,22,FCHBLRWHF01,11,67,4,11,67,4,11,77
2026-04-11,23,FCHBLRAECS01,9,79,1,2,23,0,0,0
2026-04-11,23,FCHBLRBEN01,2,45,2,2,45,1,1,12
2026-04-11,23,FCHBLRBHO01,3,17,1,4,23,1,4,23
2026-04-11,23,FCHBLRDOD01,3,53,4,3,65,2,2,41
2026-04-11,23,FCHBLRELC01,2,13,2,2,13,2,2,13
2026-04-11,23,FCHBLRHAR01,4,52,3,4,38,2,2,10
2026-04-11,23,FCHBLRHEB01,3,8,2,2,7,2,2,7
2026-04-11,23,FCHBLRHOO01,3,16,1,2,9,1,1,1
2026-04-11,23,FCHBLRHSAF01,2,12,2,2,9,1,1,4
2026-04-11,23,FCHBLRHSR01,4,15,2,3,14,2,3,14
2026-04-11,23,FCHBLRJPN01,13,52,1,1,2,1,1,2
2026-04-11,23,FCHBLRKOR01,9,71,2,6,28,0,0,0
2026-04-11,23,FCHBLRSJR01,8,77,2,2,10,3,2,15
2026-04-11,23,FCHBLRVAR01,1,5,1,1,5,1,1,5
2026-04-11,23,FCHBLRWHF01,9,42,4,9,42,3,9,42
2026-04-10,0,FCHBLRHAR01,0,0,1,1,5,1,1,5
2026-04-10,0,FCHBLRHOO01,1,2,0,0,0,0,0,0
2026-04-10,0,FCHBLRHSR01,1,8,2,2,12,1,2,12
2026-04-10,0,FCHBLRKOR01,0,0,2,1,22,0,0,0
2026-04-10,0,FCHBLRVAR01,0,0,1,1,2,1,1,2
2026-04-10,0,FCHBLRWHF01,1,20,1,1,20,1,1,20
2026-04-10,6,FCHBLRAECS01,16,111,5,12,81,1,5,24
2026-04-10,6,FCHBLRBEN01,23,251,7,20,217,2,2,15
2026-04-10,6,FCHBLRBHO01,16,139,2,16,139,2,16,139
2026-04-10,6,FCHBLRDOD01,12,114,4,11,105,5,11,114
2026-04-10,6,FCHBLRELC01,8,90,4,8,100,3,8,90
2026-04-10,6,FCHBLRHAR01,11,74,3,8,43,4,7,46
2026-04-10,6,FCHBLRHEB01,16,140,7,16,148,6,16,135
2026-04-10,6,FCHBLRHOO01,26,204,4,22,155,5,15,96
2026-04-10,6,FCHBLRHSAF01,18,193,5,15,138,6,15,139
2026-04-10,6,FCHBLRHSR01,14,99,4,14,99,5,14,104
2026-04-10,6,FCHBLRJPN01,22,243,8,20,166,8,19,223
2026-04-10,6,FCHBLRKOR01,23,259,6,17,236,5,13,104
2026-04-10,6,FCHBLRSJR01,21,189,5,19,149,3,9,45
2026-04-10,6,FCHBLRTHA01,12,113,6,12,143,4,11,100
2026-04-10,6,FCHBLRVAR01,11,107,4,11,135,3,11,107
2026-04-10,6,FCHBLRWHF01,21,206,4,20,193,4,20,193
2026-04-10,7,FCHBLRAECS01,30,256,6,31,317,0,0,0
2026-04-10,7,FCHBLRBEN01,26,263,7,28,350,3,4,18
2026-04-10,7,FCHBLRBHO01,19,153,4,19,152,4,18,149
2026-04-10,7,FCHBLRDOD01,22,275,6,23,311,5,22,286
2026-04-10,7,FCHBLRELC01,14,129,5,14,129,5,14,129
2026-04-10,7,FCHBLRHAR01,34,358,5,31,382,2,12,70
2026-04-10,7,FCHBLRHEB01,35,320,5,34,303,6,32,274
2026-04-10,7,FCHBLRHOO01,48,518,4,42,323,2,2,16
2026-04-10,7,FCHBLRHSAF01,30,317,4,29,319,5,29,363
2026-04-10,7,FCHBLRHSR01,31,256,4,29,228,5,28,228
2026-04-10,7,FCHBLRJPN01,54,671,10,50,545,9,46,522
2026-04-10,7,FCHBLRKOR01,39,322,7,39,340,6,36,292
2026-04-10,7,FCHBLRSJR01,47,541,8,40,440,9,31,341
2026-04-10,7,FCHBLRTHA01,15,176,4,14,167,5,15,185
2026-04-10,7,FCHBLRVAR01,30,275,3,28,270,4,28,273
2026-04-10,7,FCHBLRWHF01,38,387,4,37,382,5,36,389
2026-04-10,8,FCHBLRAECS01,30,322,5,19,260,0,0,0
2026-04-10,8,FCHBLRBEN01,46,501,6,43,585,6,18,118
2026-04-10,8,FCHBLRBHO01,29,359,3,29,359,5,29,327
2026-04-10,8,FCHBLRDOD01,38,437,7,36,418,7,37,399
2026-04-10,8,FCHBLRELC01,25,244,4,25,244,3,24,226
2026-04-10,8,FCHBLRHAR01,39,402,6,42,490,5,13,51
2026-04-10,8,FCHBLRHEB01,38,428,6,34,371,7,33,359
2026-04-10,8,FCHBLRHOO01,54,598,4,42,256,1,2,3
2026-04-10,8,FCHBLRHSAF01,38,413,4,39,431,5,38,434
2026-04-10,8,FCHBLRHSR01,54,510,4,53,576,5,52,488
2026-04-10,8,FCHBLRJPN01,55,600,10,59,535,10,55,579
2026-04-10,8,FCHBLRKOR01,45,450,9,45,432,9,43,353
2026-04-10,8,FCHBLRSJR01,79,792,8,70,632,6,16,117
2026-04-10,8,FCHBLRTHA01,24,219,3,24,221,4,24,245
2026-04-10,8,FCHBLRVAR01,25,260,5,25,272,5,25,267
2026-04-10,8,FCHBLRWHF01,49,562,5,48,511,6,49,546
2026-04-10,9,FCHBLRAECS01,29,315,7,26,241,1,1,7
2026-04-10,9,FCHBLRBEN01,38,450,6,35,412,4,17,93
2026-04-10,9,FCHBLRBHO01,35,355,3,33,333,4,33,339
2026-04-10,9,FCHBLRDOD01,45,463,6,43,482,7,43,500
2026-04-10,9,FCHBLRELC01,21,219,5,21,241,5,21,218
2026-04-10,9,FCHBLRHAR01,42,441,6,38,399,4,10,61
2026-04-10,9,FCHBLRHEB01,35,405,7,37,421,8,30,306
2026-04-10,9,FCHBLRHOO01,52,570,4,38,308,1,2,4
2026-04-10,9,FCHBLRHSAF01,40,407,4,41,401,5,41,396
2026-04-10,9,FCHBLRHSR01,46,415,4,47,440,5,45,360
2026-04-10,9,FCHBLRJPN01,58,617,10,55,472,10,48,412
2026-04-10,9,FCHBLRKOR01,62,634,8,60,640,8,57,534
2026-04-10,9,FCHBLRSJR01,67,670,9,53,420,7,28,176
2026-04-10,9,FCHBLRTHA01,16,162,4,17,169,5,17,177
2026-04-10,9,FCHBLRVAR01,44,494,4,39,453,5,39,423
2026-04-10,9,FCHBLRWHF01,52,394,5,52,432,6,52,442
2026-04-10,10,FCHBLRAECS01,24,224,5,22,151,1,1,2
2026-04-10,10,FCHBLRBEN01,34,301,6,37,461,5,19,113
2026-04-10,10,FCHBLRBHO01,27,284,3,27,281,4,27,291
2026-04-10,10,FCHBLRDOD01,23,214,6,26,238,6,26,238
2026-04-10,10,FCHBLRELC01,19,208,4,19,240,5,20,237
2026-04-10,10,FCHBLRHAR01,33,349,7,37,414,5,10,53
2026-04-10,10,FCHBLRHEB01,31,346,5,29,293,4,28,290
2026-04-10,10,FCHBLRHOO01,35,360,4,23,139,1,2,6
2026-04-10,10,FCHBLRHSAF01,37,395,7,36,411,5,35,380
2026-04-10,10,FCHBLRHSR01,48,430,3,46,410,5,43,339
2026-04-10,10,FCHBLRJPN01,71,743,9,68,594,8,63,597
2026-04-10,10,FCHBLRKOR01,42,515,9,37,403,8,33,334
2026-04-10,10,FCHBLRSJR01,53,467,7,37,248,7,32,274
2026-04-10,10,FCHBLRTHA01,25,241,5,25,241,6,25,246
2026-04-10,10,FCHBLRVAR01,24,252,4,30,382,3,30,329
2026-04-10,10,FCHBLRWHF01,32,339,5,35,376,5,35,383
2026-04-10,11,FCHBLRAECS01,20,144,4,14,56,3,4,13
2026-04-10,11,FCHBLRBEN01,21,229,5,17,183,4,14,94
2026-04-10,11,FCHBLRBHO01,16,134,3,18,159,4,18,191
2026-04-10,11,FCHBLRDOD01,17,210,6,15,182,7,15,190
2026-04-10,11,FCHBLRELC01,21,267,6,20,270,6,18,254
2026-04-10,11,FCHBLRHAR01,21,172,6,19,201,4,10,62
2026-04-10,11,FCHBLRHEB01,28,320,6,30,355,6,28,267
2026-04-10,11,FCHBLRHOO01,39,422,5,26,193,3,3,10
2026-04-10,11,FCHBLRHSAF01,22,227,7,21,224,6,20,210
2026-04-10,11,FCHBLRHSR01,37,303,4,38,363,4,39,318
2026-04-10,11,FCHBLRJPN01,44,381,10,45,376,10,44,419
2026-04-10,11,FCHBLRKOR01,41,361,7,40,362,8,38,267
2026-04-10,11,FCHBLRSJR01,26,303,6,31,303,7,27,254
2026-04-10,11,FCHBLRTHA01,21,229,5,20,222,4,19,207
2026-04-10,11,FCHBLRVAR01,25,237,3,25,237,3,25,237
2026-04-10,11,FCHBLRWHF01,37,343,5,36,335,6,36,351
2026-04-10,12,FCHBLRAECS01,24,195,7,22,134,3,5,17
2026-04-10,12,FCHBLRBEN01,28,292,5,29,351,4,11,62
2026-04-10,12,FCHBLRBHO01,16,156,3,15,151,3,15,151
2026-04-10,12,FCHBLRDOD01,22,199,7,24,243,7,22,193
2026-04-10,12,FCHBLRELC01,12,120,5,13,126,5,15,137
2026-04-10,12,FCHBLRHAR01,17,120,6,16,139,7,15,108
2026-04-10,12,FCHBLRHEB01,12,111,7,14,142,5,13,124
2026-04-10,12,FCHBLRHOO01,22,258,4,23,174,2,2,9
2026-04-10,12,FCHBLRHSAF01,27,344,6,27,308,6,27,280
2026-04-10,12,FCHBLRHSR01,23,202,4,23,200,4,24,200
2026-04-10,12,FCHBLRJPN01,38,342,10,36,315,9,33,314
2026-04-10,12,FCHBLRKOR01,52,487,6,48,470,6,44,332
2026-04-10,12,FCHBLRSJR01,32,279,6,33,265,6,26,273
2026-04-10,12,FCHBLRTHA01,7,58,4,8,64,3,8,64
2026-04-10,12,FCHBLRVAR01,11,104,3,11,104,4,11,107
2026-04-10,12,FCHBLRWHF01,26,200,4,27,208,4,27,208
2026-04-10,13,FCHBLRAECS01,17,170,6,15,156,2,6,20
2026-04-10,13,FCHBLRBEN01,22,254,6,26,363,3,5,29
2026-04-10,13,FCHBLRBHO01,11,92,3,12,97,3,12,97
2026-04-10,13,FCHBLRDOD01,15,178,7,14,215,8,15,189
2026-04-10,13,FCHBLRELC01,11,119,2,11,119,4,11,122
2026-04-10,13,FCHBLRHAR01,18,135,5,17,116,5,14,109
2026-04-10,13,FCHBLRHEB01,19,245,6,17,216,4,13,150
2026-04-10,13,FCHBLRHOO01,21,228,5,22,160,3,3,11
2026-04-10,13,FCHBLRHSAF01,7,72,4,8,118,3,7,75
2026-04-10,13,FCHBLRHSR01,24,229,3,25,252,4,23,222
2026-04-10,13,FCHBLRJPN01,34,284,7,36,287,8,33,275
2026-04-10,13,FCHBLRKOR01,32,299,5,34,330,5,33,329
2026-04-10,13,FCHBLRSJR01,28,236,6,25,218,7,22,189
2026-04-10,13,FCHBLRTHA01,8,84,3,8,84,4,8,84
2026-04-10,13,FCHBLRVAR01,7,95,3,7,95,3,5,61
2026-04-10,13,FCHBLRWHF01,26,221,5,26,243,5,26,234
2026-04-10,14,FCHBLRAECS01,12,103,5,13,111,1,3,13
2026-04-10,14,FCHBLRBEN01,9,75,5,9,92,4,8,65
2026-04-10,14,FCHBLRBHO01,15,129,3,14,117,4,14,125
2026-04-10,14,FCHBLRDOD01,11,125,6,11,109,6,12,132
2026-04-10,14,FCHBLRELC01,14,98,3,13,134,4,12,79
2026-04-10,14,FCHBLRHAR01,23,231,6,25,263,5,19,141
2026-04-10,14,FCHBLRHEB01,14,132,6,15,143,4,11,101
2026-04-10,14,FCHBLRHOO01,21,197,4,19,126,3,4,11
2026-04-10,14,FCHBLRHSAF01,13,120,5,14,131,5,14,133
2026-04-10,14,FCHBLRHSR01,12,79,3,12,82,2,12,82
2026-04-10,14,FCHBLRJPN01,34,330,9,32,283,7,31,299
2026-04-10,14,FCHBLRKOR01,30,276,4,28,249,3,28,226
2026-04-10,14,FCHBLRSJR01,20,177,6,20,221,4,18,173
2026-04-10,14,FCHBLRTHA01,12,101,5,12,101,5,12,101
2026-04-10,14,FCHBLRVAR01,7,68,4,7,87,4,9,108
2026-04-10,14,FCHBLRWHF01,21,188,5,21,188,6,21,201
2026-04-10,15,FCHBLRAECS01,12,108,3,11,93,2,2,11
2026-04-10,15,FCHBLRBEN01,11,91,5,11,113,3,9,73
2026-04-10,15,FCHBLRBHO01,18,128,3,19,140,3,19,140
2026-04-10,15,FCHBLRDOD01,13,80,4,14,100,4,14,100
2026-04-10,15,FCHBLRELC01,13,121,2,12,93,3,13,117
2026-04-10,15,FCHBLRHAR01,19,144,7,17,142,5,11,58
2026-04-10,15,FCHBLRHEB01,22,209,8,20,168,8,20,172
2026-04-10,15,FCHBLRHOO01,23,199,5,13,118,0,0,0
2026-04-10,15,FCHBLRHSAF01,15,175,4,13,127,5,13,131
2026-04-10,15,FCHBLRHSR01,14,97,2,15,101,3,15,104
2026-04-10,15,FCHBLRJPN01,34,305,8,31,226,8,31,275
2026-04-10,15,FCHBLRKOR01,23,154,7,26,204,6,20,112
2026-04-10,15,FCHBLRSJR01,24,223,8,21,131,7,11,51
2026-04-10,15,FCHBLRTHA01,6,41,2,6,41,4,6,46
2026-04-10,15,FCHBLRVAR01,10,98,1,10,98,1,10,98
2026-04-10,15,FCHBLRWHF01,29,247,9,28,247,9,29,248
2026-04-10,16,FCHBLRAECS01,35,339,4,23,158,3,5,24
2026-04-10,16,FCHBLRBEN01,19,229,6,19,233,5,12,111
2026-04-10,16,FCHBLRBHO01,11,103,3,9,63,2,8,55
2026-04-10,16,FCHBLRDOD01,16,170,5,15,161,4,14,153
2026-04-10,16,FCHBLRELC01,11,62,7,13,93,7,13,93
2026-04-10,16,FCHBLRHAR01,24,293,7,26,327,5,8,62
2026-04-10,16,FCHBLRHEB01,23,258,6,24,255,7,21,187
2026-04-10,16,FCHBLRHOO01,26,302,3,26,213,0,0,0
2026-04-10,16,FCHBLRHSAF01,12,121,6,13,173,5,13,175
2026-04-10,16,FCHBLRHSR01,29,269,2,22,197,2,22,197
2026-04-10,16,FCHBLRJPN01,24,265,5,20,144,4,18,162
2026-04-10,16,FCHBLRKOR01,33,332,7,26,227,4,15,92
2026-04-10,16,FCHBLRSJR01,25,243,5,21,198,4,8,77
2026-04-10,16,FCHBLRTHA01,7,73,3,6,44,4,6,44
2026-04-10,16,FCHBLRVAR01,18,191,3,18,200,2,18,191
2026-04-10,16,FCHBLRWHF01,27,375,6,27,375,6,26,363
2026-04-10,17,FCHBLRAECS01,28,237,3,14,91,2,2,7
2026-04-10,17,FCHBLRBEN01,22,200,5,22,219,4,17,128
2026-04-10,17,FCHBLRBHO01,16,132,2,18,153,2,18,153
2026-04-10,17,FCHBLRDOD01,13,120,5,13,117,5,13,116
2026-04-10,17,FCHBLRELC01,17,223,6,17,244,7,16,196
2026-04-10,17,FCHBLRHAR01,24,179,5,22,199,4,17,105
2026-04-10,17,FCHBLRHEB01,25,227,7,23,267,5,18,126
2026-04-10,17,FCHBLRHOO01,27,204,5,27,139,4,5,19
2026-04-10,17,FCHBLRHSAF01,19,149,5,18,142,6,18,160
2026-04-10,17,FCHBLRHSR01,21,190,6,28,271,6,25,198
2026-04-10,17,FCHBLRJPN01,38,298,4,28,162,3,27,229
2026-04-10,17,FCHBLRKOR01,41,410,8,30,288,3,6,35
2026-04-10,17,FCHBLRSJR01,45,442,6,35,281,4,12,71
2026-04-10,17,FCHBLRTHA01,15,127,6,16,169,6,16,161
2026-04-10,17,FCHBLRVAR01,17,158,2,17,158,2,17,158
2026-04-10,17,FCHBLRWHF01,34,301,6,33,301,7,35,318
2026-04-10,18,FCHBLRAECS01,23,178,3,23,175,2,5,15
2026-04-10,18,FCHBLRBEN01,29,344,6,23,316,4,14,141
2026-04-10,18,FCHBLRBHO01,28,202,3,28,201,4,26,181
2026-04-10,18,FCHBLRDOD01,16,168,5,15,192,5,15,167
2026-04-10,18,FCHBLRELC01,14,133,3,13,118,3,13,135
2026-04-10,18,FCHBLRHAR01,19,164,4,19,169,3,18,151
2026-04-10,18,FCHBLRHEB01,29,255,6,29,276,5,24,181
2026-04-10,18,FCHBLRHOO01,25,276,5,20,142,3,4,15
2026-04-10,18,FCHBLRHSAF01,18,136,6,16,133,4,15,126
2026-04-10,18,FCHBLRHSR01,26,203,3,25,197,4,24,196
2026-04-10,18,FCHBLRJPN01,27,278,5,22,97,6,25,229
2026-04-10,18,FCHBLRKOR01,45,433,5,24,176,0,0,0
2026-04-10,18,FCHBLRSJR01,37,329,4,25,96,1,1,8
2026-04-10,18,FCHBLRTHA01,16,155,4,15,155,4,15,144
2026-04-10,18,FCHBLRVAR01,16,128,2,16,140,2,16,131
2026-04-10,18,FCHBLRWHF01,39,339,6,39,339,7,39,343
2026-04-10,19,FCHBLRAECS01,22,225,3,15,144,2,3,17
2026-04-10,19,FCHBLRBEN01,19,155,6,22,182,6,11,61
2026-04-10,19,FCHBLRBHO01,23,216,3,22,246,4,19,148
2026-04-10,19,FCHBLRDOD01,20,173,3,20,173,4,21,185
2026-04-10,19,FCHBLRELC01,16,154,4,17,169,5,17,182
2026-04-10,19,FCHBLRHAR01,23,198,4,23,191,3,17,102
2026-04-10,19,FCHBLRHEB01,23,163,6,27,192,7,23,171
2026-04-10,19,FCHBLRHOO01,15,130,3,13,81,1,1,3
2026-04-10,19,FCHBLRHSAF01,26,218,4,22,145,4,24,191
2026-04-10,19,FCHBLRHSR01,22,181,4,22,186,5,23,199
2026-04-10,19,FCHBLRJPN01,47,420,7,30,181,8,36,291
2026-04-10,19,FCHBLRKOR01,42,371,7,25,176,1,1,6
2026-04-10,19,FCHBLRSJR01,39,433,4,11,39,1,1,2
2026-04-10,19,FCHBLRTHA01,16,154,3,16,154,4,16,126
2026-04-10,19,FCHBLRVAR01,16,126,3,15,120,3,14,107
2026-04-10,19,FCHBLRWHF01,34,253,7,34,270,7,33,264
2026-04-10,20,FCHBLRAECS01,21,235,6,18,137,1,1,4
2026-04-10,20,FCHBLRBEN01,19,182,4,19,209,4,9,50
2026-04-10,20,FCHBLRBHO01,11,101,3,12,119,3,14,135
2026-04-10,20,FCHBLRDOD01,18,185,3,20,203,3,20,203
2026-04-10,20,FCHBLRELC01,20,230,5,20,229,4,19,217
2026-04-10,20,FCHBLRHAR01,19,158,5,20,173,3,16,133
2026-04-10,20,FCHBLRHEB01,15,122,2,14,118,4,14,113
2026-04-10,20,FCHBLRHOO01,16,99,5,15,69,2,2,7
2026-04-10,20,FCHBLRHSAF01,16,97,3,18,117,3,16,104
2026-04-10,20,FCHBLRHSR01,38,307,5,37,327,5,36,257
2026-04-10,20,FCHBLRJPN01,30,242,6,29,171,4,26,179
2026-04-10,20,FCHBLRKOR01,38,266,6,28,149,1,2,11
2026-04-10,20,FCHBLRSJR01,23,213,1,5,16,0,0,0
2026-04-10,20,FCHBLRTHA01,9,59,3,9,59,5,10,99
2026-04-10,20,FCHBLRVAR01,12,128,3,12,155,3,13,147
2026-04-10,20,FCHBLRWHF01,27,241,4,24,220,5,26,226
2026-04-10,21,FCHBLRAECS01,12,77,4,7,31,1,1,2
2026-04-10,21,FCHBLRBEN01,15,127,5,17,152,3,6,26
2026-04-10,21,FCHBLRBHO01,15,117,3,15,139,3,15,125
2026-04-10,21,FCHBLRDOD01,15,126,6,14,124,6,12,94
2026-04-10,21,FCHBLRELC01,12,124,4,12,124,4,11,116
2026-04-10,21,FCHBLRHAR01,16,127,4,14,122,5,12,90
2026-04-10,21,FCHBLRHEB01,10,85,4,10,74,3,9,54
2026-04-10,21,FCHBLRHOO01,32,285,4,24,115,1,1,6
2026-04-10,21,FCHBLRHSAF01,8,75,3,8,74,4,8,78
2026-04-10,21,FCHBLRHSR01,16,98,3,18,124,4,18,127
2026-04-10,21,FCHBLRJPN01,12,98,4,8,32,3,6,30
2026-04-10,21,FCHBLRKOR01,32,209,7,21,107,1,5,15
2026-04-10,21,FCHBLRSJR01,24,224,2,5,8,1,2,5
2026-04-10,21,FCHBLRTHA01,6,35,2,6,35,3,6,44
2026-04-10,21,FCHBLRVAR01,11,98,2,10,65,2,10,65
2026-04-10,21,FCHBLRWHF01,23,161,6,25,182,5,25,182
2026-04-10,22,FCHBLRAECS01,7,68,4,7,58,0,0,0
2026-04-10,22,FCHBLRBEN01,4,15,2,4,15,3,4,19
2026-04-10,22,FCHBLRBHO01,10,78,3,9,87,2,9,77
2026-04-10,22,FCHBLRDOD01,9,81,5,10,98,5,10,89
2026-04-10,22,FCHBLRELC01,8,56,3,8,56,4,9,85
2026-04-10,22,FCHBLRHAR01,11,122,3,13,97,2,8,34
2026-04-10,22,FCHBLRHEB01,7,84,5,8,133,2,6,79
2026-04-10,22,FCHBLRHOO01,11,70,2,9,43,1,2,10
2026-04-10,22,FCHBLRHSAF01,8,72,3,8,70,3,8,70
2026-04-10,22,FCHBLRHSR01,14,102,3,12,81,4,12,86
2026-04-10,22,FCHBLRJPN01,16,218,3,6,62,5,10,137
2026-04-10,22,FCHBLRKOR01,15,94,4,10,57,2,2,12
2026-04-10,22,FCHBLRSJR01,20,142,1,1,3,0,0,0
2026-04-10,22,FCHBLRTHA01,4,29,2,4,29,2,4,29
2026-04-10,22,FCHBLRVAR01,5,42,2,6,75,2,6,75
2026-04-10,22,FCHBLRWHF01,8,50,3,8,50,2,8,50
2026-04-10,23,FCHBLRAECS01,4,17,3,3,8,2,2,6
2026-04-10,23,FCHBLRBEN01,2,5,2,2,5,2,2,5
2026-04-10,23,FCHBLRBHO01,4,45,4,4,72,3,4,45
2026-04-10,23,FCHBLRDOD01,9,67,3,7,44,3,6,48
2026-04-10,23,FCHBLRELC01,5,34,3,5,34,2,5,34
2026-04-10,23,FCHBLRHAR01,6,32,3,7,63,2,6,32
2026-04-10,23,FCHBLRHEB01,4,28,3,3,28,2,3,28
2026-04-10,23,FCHBLRHOO01,5,62,2,3,22,1,1,3
2026-04-10,23,FCHBLRHSAF01,1,4,1,1,4,1,1,4
2026-04-10,23,FCHBLRHSR01,6,32,5,8,53,4,8,53
2026-04-10,23,FCHBLRJPN01,11,41,2,2,16,3,3,28
2026-04-10,23,FCHBLRKOR01,12,120,4,11,102,1,1,1
2026-04-10,23,FCHBLRSJR01,10,60,2,3,12,0,0,0
2026-04-10,23,FCHBLRVAR01,7,44,1,6,39,1,6,39
2026-04-10,23,FCHBLRWHF01,3,37,2,3,37,3,3,56
2026-04-09,0,FCHBLRHAR01,0,0,1,1,27,0,0,0
2026-04-09,0,FCHBLRHSR01,0,0,3,3,17,3,3,17
2026-04-09,0,FCHBLRJPN01,1,4,1,1,4,1,1,4
2026-04-09,0,FCHBLRKOR01,0,0,1,1,3,0,0,0
2026-04-09,6,FCHBLRAECS01,13,142,4,13,140,1,3,19
2026-04-09,6,FCHBLRBEN01,14,144,3,12,134,4,7,57
2026-04-09,6,FCHBLRBHO01,13,165,6,11,127,5,11,121
2026-04-09,6,FCHBLRDOD01,14,165,6,14,203,5,13,156
2026-04-09,6,FCHBLRELC01,13,128,2,9,75,3,9,78
2026-04-09,6,FCHBLRHAR01,16,148,2,14,104,3,14,100
2026-04-09,6,FCHBLRHEB01,13,130,2,13,130,2,12,117
2026-04-09,6,FCHBLRHOO01,19,178,2,18,131,2,4,18
2026-04-09,6,FCHBLRHSAF01,14,124,4,14,121,5,13,113
2026-04-09,6,FCHBLRHSR01,14,106,3,13,95,3,13,95
2026-04-09,6,FCHBLRJPN01,34,279,5,31,231,6,31,236
2026-04-09,6,FCHBLRKOR01,21,243,5,21,266,3,16,176
2026-04-09,6,FCHBLRSJR01,20,256,6,19,251,5,15,173
2026-04-09,6,FCHBLRTHA01,9,90,5,8,83,6,8,87
2026-04-09,6,FCHBLRVAR01,11,70,3,11,70,5,11,74
2026-04-09,6,FCHBLRWHF01,32,305,5,30,271,5,29,254
2026-04-09,7,FCHBLRAECS01,26,299,7,23,301,4,5,37
2026-04-09,7,FCHBLRBEN01,34,358,5,34,398,4,15,100
2026-04-09,7,FCHBLRBHO01,22,174,4,24,212,5,24,229
2026-04-09,7,FCHBLRDOD01,19,209,4,17,214,5,16,196
2026-04-09,7,FCHBLRELC01,23,210,9,26,309,8,26,263
2026-04-09,7,FCHBLRHAR01,46,500,5,37,332,4,9,49
2026-04-09,7,FCHBLRHEB01,31,367,7,25,302,6,24,266
2026-04-09,7,FCHBLRHOO01,48,531,3,38,198,0,0,0
2026-04-09,7,FCHBLRHSAF01,11,100,5,9,78,3,9,64
2026-04-09,7,FCHBLRHSR01,35,320,5,33,326,5,31,202
2026-04-09,7,FCHBLRJPN01,55,603,7,53,455,7,47,481
2026-04-09,7,FCHBLRKOR01,62,583,7,58,536,6,34,207
2026-04-09,7,FCHBLRSJR01,65,697,8,56,584,7,20,141
2026-04-09,7,FCHBLRTHA01,13,159,5,12,152,6,12,158
2026-04-09,7,FCHBLRVAR01,33,297,5,32,300,5,31,296
2026-04-09,7,FCHBLRWHF01,53,511,5,47,493,5,49,656
2026-04-09,8,FCHBLRAECS01,38,349,6,34,310,3,2,11
2026-04-09,8,FCHBLRBEN01,40,401,5,32,315,2,9,48
2026-04-09,8,FCHBLRBHO01,30,273,4,28,250,5,28,260
2026-04-09,8,FCHBLRDOD01,32,366,8,30,344,6,30,303
2026-04-09,8,FCHBLRELC01,28,245,5,28,245,6,26,213
2026-04-09,8,FCHBLRHAR01,44,419,5,42,445,4,14,65
2026-04-09,8,FCHBLRHEB01,32,394,5,30,395,6,28,348
2026-04-09,8,FCHBLRHOO01,54,538,5,40,265,3,3,19
2026-04-09,8,FCHBLRHSAF01,38,426,5,36,417,5,36,427
2026-04-09,8,FCHBLRHSR01,49,410,3,45,398,2,41,330
2026-04-09,8,FCHBLRJPN01,63,643,9,64,490,8,54,455
2026-04-09,8,FCHBLRKOR01,58,619,7,57,625,7,42,321
2026-04-09,8,FCHBLRSJR01,67,723,8,62,555,4,7,38
2026-04-09,8,FCHBLRTHA01,30,397,3,31,403,4,30,401
2026-04-09,8,FCHBLRVAR01,25,241,3,24,226,3,25,234
2026-04-09,8,FCHBLRWHF01,43,398,4,45,429,4,45,416
2026-04-09,9,FCHBLRAECS01,27,253,7,30,285,3,6,33
2026-04-09,9,FCHBLRBEN01,45,420,4,49,493,3,25,169
2026-04-09,9,FCHBLRBHO01,27,255,4,28,274,5,28,300
2026-04-09,9,FCHBLRDOD01,45,519,8,44,560,8,46,583
2026-04-09,9,FCHBLRELC01,29,287,4,28,282,6,32,335
2026-04-09,9,FCHBLRHAR01,47,502,5,44,521,4,13,64
2026-04-09,9,FCHBLRHEB01,45,505,7,46,494,8,40,404
2026-04-09,9,FCHBLRHOO01,46,451,5,35,259,0,0,0
2026-04-09,9,FCHBLRHSAF01,38,402,5,40,398,4,39,392
2026-04-09,9,FCHBLRHSR01,59,506,4,52,490,4,45,307
2026-04-09,9,FCHBLRJPN01,58,530,9,56,423,9,51,431
2026-04-09,9,FCHBLRKOR01,69,822,7,70,879,4,20,124
2026-04-09,9,FCHBLRSJR01,50,450,7,46,416,4,13,62
2026-04-09,9,FCHBLRTHA01,26,219,3,27,227,3,27,236
2026-04-09,9,FCHBLRVAR01,28,328,3,27,315,2,27,297
2026-04-09,9,FCHBLRWHF01,63,678,5,59,615,6,57,600
2026-04-09,10,FCHBLRAECS01,34,341,6,32,420,2,2,6
2026-04-09,10,FCHBLRBEN01,24,218,3,27,293,3,15,92
2026-04-09,10,FCHBLRBHO01,22,172,3,21,152,3,21,152
2026-04-09,10,FCHBLRDOD01,31,334,7,32,378,5,32,367
2026-04-09,10,FCHBLRELC01,19,149,3,18,148,4,18,164
2026-04-09,10,FCHBLRHAR01,30,285,5,33,387,4,14,75
2026-04-09,10,FCHBLRHEB01,29,402,7,32,440,7,25,322
2026-04-09,10,FCHBLRHOO01,31,243,6,30,239,5,18,127
2026-04-09,10,FCHBLRHSAF01,22,255,6,23,300,5,24,321
2026-04-09,10,FCHBLRHSR01,39,391,4,48,493,3,40,252
2026-04-09,10,FCHBLRJPN01,51,517,9,52,454,7,45,402
2026-04-09,10,FCHBLRKOR01,65,627,8,61,589,5,18,92
2026-04-09,10,FCHBLRSJR01,62,765,4,47,381,3,12,59
2026-04-09,10,FCHBLRTHA01,15,155,4,15,166,4,16,161
2026-04-09,10,FCHBLRVAR01,27,341,2,29,387,2,26,344
2026-04-09,10,FCHBLRWHF01,37,415,5,37,447,5,38,459
2026-04-09,11,FCHBLRAECS01,18,149,3,17,123,3,5,17
2026-04-09,11,FCHBLRBEN01,26,245,4,26,233,4,11,58
2026-04-09,11,FCHBLRBHO01,7,41,4,8,63,3,8,65
2026-04-09,11,FCHBLRDOD01,25,258,4,24,248,4,23,229
2026-04-09,11,FCHBLRELC01,14,154,4,12,151,4,12,108
2026-04-09,11,FCHBLRHAR01,24,189,4,24,186,5,19,140
2026-04-09,11,FCHBLRHEB01,15,189,3,15,184,5,15,154
2026-04-09,11,FCHBLRHOO01,32,340,6,29,271,4,7,50
2026-04-09,11,FCHBLRHSAF01,23,262,5,23,252,5,22,246
2026-04-09,11,FCHBLRHSR01,24,185,3,25,237,4,23,156
2026-04-09,11,FCHBLRJPN01,55,604,8,45,332,8,39,319
2026-04-09,11,FCHBLRKOR01,46,398,8,49,429,5,17,66
2026-04-09,11,FCHBLRSJR01,33,384,5,31,275,4,10,47
2026-04-09,11,FCHBLRTHA01,13,108,3,11,103,3,11,103
2026-04-09,11,FCHBLRVAR01,19,237,2,16,205,2,18,227
2026-04-09,11,FCHBLRWHF01,32,367,6,35,429,5,36,423
2026-04-09,12,FCHBLRAECS01,12,94,6,10,65,2,3,10
2026-04-09,12,FCHBLRBEN01,18,218,5,18,206,3,7,42
2026-04-09,12,FCHBLRBHO01,11,123,3,11,123,4,11,127
2026-04-09,12,FCHBLRDOD01,22,225,6,22,227,5,23,235
2026-04-09,12,FCHBLRELC01,6,67,4,8,118,4,8,101
2026-04-09,12,FCHBLRHAR01,17,161,4,17,195,4,13,70
2026-04-09,12,FCHBLRHEB01,19,174,5,20,182,5,17,147
2026-04-09,12,FCHBLRHOO01,31,288,4,27,231,2,6,25
2026-04-09,12,FCHBLRHSAF01,20,214,6,21,230,5,21,214
2026-04-09,12,FCHBLRHSR01,20,206,2,21,224,3,20,166
2026-04-09,12,FCHBLRJPN01,42,451,8,43,301,8,30,248
2026-04-09,12,FCHBLRKOR01,43,426,7,37,371,3,6,28
2026-04-09,12,FCHBLRSJR01,38,317,6,38,291,4,8,30
2026-04-09,12,FCHBLRTHA01,11,85,2,10,79,3,11,80
2026-04-09,12,FCHBLRVAR01,17,196,2,20,228,3,21,256
2026-04-09,12,FCHBLRWHF01,27,236,3,28,250,2,28,242
2026-04-09,13,FCHBLRAECS01,19,155,6,19,185,4,10,50
2026-04-09,13,FCHBLRBEN01,16,184,4,17,246,2,5,17
2026-04-09,13,FCHBLRBHO01,8,94,3,8,94,3,8,94
2026-04-09,13,FCHBLRDOD01,15,132,4,16,151,5,16,155
2026-04-09,13,FCHBLRELC01,15,123,2,14,117,3,14,129
2026-04-09,13,FCHBLRHAR01,21,221,4,21,215,2,6,28
2026-04-09,13,FCHBLRHEB01,13,144,3,13,154,3,13,154
2026-04-09,13,FCHBLRHOO01,20,189,6,23,171,5,17,118
2026-04-09,13,FCHBLRHSAF01,16,149,5,15,130,5,15,166
2026-04-09,13,FCHBLRHSR01,13,103,3,11,67,3,12,95
2026-04-09,13,FCHBLRJPN01,31,299,8,31,273,8,29,268
2026-04-09,13,FCHBLRKOR01,37,343,7,46,525,5,10,40
2026-04-09,13,FCHBLRSJR01,27,253,6,31,271,5,12,101
2026-04-09,13,FCHBLRTHA01,10,84,3,11,94,3,11,94
2026-04-09,13,FCHBLRVAR01,11,139,2,11,139,2,11,139
2026-04-09,13,FCHBLRWHF01,27,268,3,26,268,3,27,269
2026-04-09,14,FCHBLRAECS01,12,141,4,12,148,0,0,0
2026-04-09,14,FCHBLRBEN01,15,188,4,15,190,5,9,68
2026-04-09,14,FCHBLRBHO01,8,87,2,8,87,2,8,87
2026-04-09,14,FCHBLRDOD01,12,109,5,12,109,5,11,96
2026-04-09,14,FCHBLRELC01,11,128,2,12,134,3,12,141
2026-04-09,14,FCHBLRHAR01,18,139,4,16,139,2,3,12
2026-04-09,14,FCHBLRHEB01,11,74,4,11,83,3,10,68
2026-04-09,14,FCHBLRHOO01,26,268,4,23,201,4,8,42
2026-04-09,14,FCHBLRHSAF01,13,107,5,13,136,6,12,108
2026-04-09,14,FCHBLRHSR01,19,146,3,20,173,4,19,167
2026-04-09,14,FCHBLRJPN01,23,209,8,23,175,6,19,140
2026-04-09,14,FCHBLRKOR01,36,317,8,33,276,6,23,156
2026-04-09,14,FCHBLRSJR01,29,335,6,23,221,5,13,70
2026-04-09,14,FCHBLRTHA01,4,27,2,3,26,1,4,27
2026-04-09,14,FCHBLRVAR01,7,69,2,7,69,3,7,73
2026-04-09,14,FCHBLRWHF01,18,156,2,17,151,2,17,151
2026-04-09,15,FCHBLRAECS01,18,167,5,16,157,3,9,64
2026-04-09,15,FCHBLRBEN01,9,110,5,10,136,2,4,25
2026-04-09,15,FCHBLRBHO01,11,48,2,10,45,2,10,45
2026-04-09,15,FCHBLRDOD01,11,119,4,10,103,4,11,116
2026-04-09,15,FCHBLRELC01,10,113,2,9,92,2,9,92
2026-04-09,15,FCHBLRHAR01,17,178,5,17,184,2,2,13
2026-04-09,15,FCHBLRHEB01,11,112,6,10,102,3,9,96
2026-04-09,15,FCHBLRHOO01,22,186,6,27,220,5,9,76
2026-04-09,15,FCHBLRHSAF01,9,71,4,9,54,3,9,55
2026-04-09,15,FCHBLRHSR01,26,222,4,25,228,3,26,232
2026-04-09,15,FCHBLRJPN01,27,350,7,20,204,5,20,221
2026-04-09,15,FCHBLRKOR01,28,230,9,28,260,9,17,99
2026-04-09,15,FCHBLRSJR01,21,200,4,13,87,3,5,30
2026-04-09,15,FCHBLRTHA01,8,105,4,7,78,5,7,78
2026-04-09,15,FCHBLRVAR01,14,185,2,12,154,1,12,154
2026-04-09,15,FCHBLRWHF01,22,161,4,22,169,5,22,175
2026-04-09,16,FCHBLRAECS01,24,220,2,18,168,2,16,137
2026-04-09,16,FCHBLRBEN01,30,350,5,27,375,2,15,123
2026-04-09,16,FCHBLRBHO01,16,130,4,17,133,5,17,154
2026-04-09,16,FCHBLRDOD01,22,245,8,21,243,8,21,224
2026-04-09,16,FCHBLRELC01,15,110,5,14,116,4,14,116
2026-04-09,16,FCHBLRHAR01,19,173,7,21,222,3,2,9
2026-04-09,16,FCHBLRHEB01,23,261,7,22,277,7,16,161
2026-04-09,16,FCHBLRHOO01,30,285,5,26,159,3,6,30
2026-04-09,16,FCHBLRHSAF01,12,105,5,11,94,5,9,82
2026-04-09,16,FCHBLRHSR01,24,196,4,25,204,5,24,212
2026-04-09,16,FCHBLRJPN01,37,359,5,22,146,4,19,165
2026-04-09,16,FCHBLRKOR01,26,241,7,23,222,6,20,122
2026-04-09,16,FCHBLRSJR01,36,306,5,7,24,0,0,0
2026-04-09,16,FCHBLRTHA01,8,69,2,9,96,2,9,96
2026-04-09,16,FCHBLRVAR01,20,220,3,20,262,3,19,232
2026-04-09,16,FCHBLRWHF01,30,301,4,29,291,3,29,291
2026-04-09,17,FCHBLRAECS01,25,192,4,26,166,4,20,136
2026-04-09,17,FCHBLRBEN01,33,272,5,33,311,5,23,159
2026-04-09,17,FCHBLRBHO01,19,177,4,19,172,3,18,134
2026-04-09,17,FCHBLRDOD01,20,172,7,20,211,7,19,183
2026-04-09,17,FCHBLRELC01,14,147,3,16,162,4,16,167
2026-04-09,17,FCHBLRHAR01,28,263,5,27,265,5,24,196
2026-04-09,17,FCHBLRHEB01,15,154,5,16,171,6,15,154
2026-04-09,17,FCHBLRHOO01,29,303,3,17,96,1,1,4
2026-04-09,17,FCHBLRHSAF01,21,279,5,19,227,6,15,178
2026-04-09,17,FCHBLRHSR01,24,235,4,23,222,5,23,225
2026-04-09,17,FCHBLRJPN01,35,316,4,9,41,3,8,46
2026-04-09,17,FCHBLRKOR01,31,307,8,31,371,7,6,62
2026-04-09,17,FCHBLRSJR01,40,424,5,17,172,2,3,11
2026-04-09,17,FCHBLRTHA01,9,66,3,8,47,3,7,35
2026-04-09,17,FCHBLRVAR01,21,231,6,23,256,4,23,260
2026-04-09,17,FCHBLRWHF01,30,309,4,29,317,4,29,318
2026-04-09,18,FCHBLRAECS01,24,225,5,19,231,4,16,169
2026-04-09,18,FCHBLRBEN01,33,347,5,26,313,5,9,46
2026-04-09,18,FCHBLRBHO01,21,200,3,20,194,4,19,186
2026-04-09,18,FCHBLRDOD01,24,252,7,23,223,7,24,233
2026-04-09,18,FCHBLRELC01,17,124,3,15,122,3,15,122
2026-04-09,18,FCHBLRHAR01,27,326,4,26,368,3,21,245
2026-04-09,18,FCHBLRHEB01,18,227,6,19,240,6,12,104
2026-04-09,18,FCHBLRHOO01,34,294,5,23,123,2,3,8
2026-04-09,18,FCHBLRHSAF01,21,223,5,22,210,4,14,129
2026-04-09,18,FCHBLRHSR01,35,325,5,32,289,6,31,255
2026-04-09,18,FCHBLRJPN01,45,369,5,16,65,4,18,122
2026-04-09,18,FCHBLRKOR01,51,437,7,40,439,3,3,21
2026-04-09,18,FCHBLRSJR01,55,476,2,5,16,2,2,6
2026-04-09,18,FCHBLRTHA01,12,104,4,13,123,4,14,135
2026-04-09,18,FCHBLRVAR01,24,215,6,23,218,5,23,204
2026-04-09,18,FCHBLRWHF01,35,294,3,35,289,3,35,289
2026-04-09,19,FCHBLRAECS01,27,204,4,24,199,3,20,151
2026-04-09,19,FCHBLRBEN01,29,305,5,30,371,2,4,12
2026-04-09,19,FCHBLRBHO01,25,267,2,23,210,3,24,231
2026-04-09,19,FCHBLRDOD01,24,325,7,24,386,8,24,373
2026-04-09,19,FCHBLRELC01,31,319,5,27,246,5,25,226
2026-04-09,19,FCHBLRHAR01,27,278,5,28,314,4,24,212
2026-04-09,19,FCHBLRHEB01,21,226,5,19,197,5,14,105
2026-04-09,19,FCHBLRHOO01,40,414,3,14,71,1,1,3
2026-04-09,19,FCHBLRHSAF01,18,187,5,16,123,5,11,84
2026-04-09,19,FCHBLRHSR01,34,283,4,33,284,5,33,246
2026-04-09,19,FCHBLRJPN01,35,328,6,29,142,7,32,262
2026-04-09,19,FCHBLRKOR01,53,407,7,62,512,2,7,41
2026-04-09,19,FCHBLRSJR01,39,368,3,7,31,0,0,0
2026-04-09,19,FCHBLRTHA01,15,149,4,15,149,4,15,149
2026-04-09,19,FCHBLRVAR01,12,100,2,12,107,3,12,107
2026-04-09,19,FCHBLRWHF01,38,335,4,34,317,5,34,320
2026-04-09,20,FCHBLRAECS01,24,201,5,22,182,4,16,120
2026-04-09,20,FCHBLRBEN01,21,156,5,26,242,3,7,25
2026-04-09,20,FCHBLRBHO01,20,185,4,21,241,2,19,189
2026-04-09,20,FCHBLRDOD01,23,225,6,25,249,6,25,258
2026-04-09,20,FCHBLRELC01,16,125,4,20,200,4,20,179
2026-04-09,20,FCHBLRHAR01,26,256,4,25,243,3,22,159
2026-04-09,20,FCHBLRHEB01,14,151,4,15,160,4,11,96
2026-04-09,20,FCHBLRHOO01,26,254,3,16,97,0,0,0
2026-04-09,20,FCHBLRHSAF01,19,163,4,17,130,3,15,117
2026-04-09,20,FCHBLRHSR01,33,240,5,36,302,5,36,273
2026-04-09,20,FCHBLRJPN01,42,388,6,33,210,6,35,323
2026-04-09,20,FCHBLRKOR01,43,345,7,40,287,3,5,15
2026-04-09,20,FCHBLRSJR01,43,355,2,4,10,0,0,0
2026-04-09,20,FCHBLRTHA01,9,101,3,8,102,3,8,102
2026-04-09,20,FCHBLRVAR01,19,227,5,17,198,5,16,176
2026-04-09,20,FCHBLRWHF01,34,316,4,35,334,4,36,324
2026-04-09,21,FCHBLRAECS01,25,194,4,16,112,3,4,15
2026-04-09,21,FCHBLRBEN01,20,176,3,22,181,3,6,25
2026-04-09,21,FCHBLRBHO01,12,70,1,13,77,3,13,93
2026-04-09,21,FCHBLRDOD01,17,141,6,15,128,5,14,124
2026-04-09,21,FCHBLRELC01,15,122,4,15,120,4,13,113
2026-04-09,21,FCHBLRHAR01,17,135,4,19,185,3,15,112
2026-04-09,21,FCHBLRHEB01,19,133,5,20,144,4,17,91
2026-04-09,21,FCHBLRHOO01,22,251,2,10,35,0,0,0
2026-04-09,21,FCHBLRHSAF01,15,95,5,15,108,3,13,74
2026-04-09,21,FCHBLRHSR01,24,184,4,26,216,3,26,206
2026-04-09,21,FCHBLRJPN01,18,163,3,14,69,6,14,114
2026-04-09,21,FCHBLRKOR01,28,206,6,29,274,2,2,11
2026-04-09,21,FCHBLRSJR01,39,330,4,9,20,3,3,4
2026-04-09,21,FCHBLRTHA01,5,31,2,5,31,2,5,31
2026-04-09,21,FCHBLRVAR01,12,123,4,13,139,3,11,119
2026-04-09,21,FCHBLRWHF01,13,85,3,13,85,5,14,119
2026-04-09,22,FCHBLRAECS01,17,130,4,16,95,2,5,25
2026-04-09,22,FCHBLRBEN01,11,77,3,12,82,2,9,57
2026-04-09,22,FCHBLRBHO01,13,107,3,14,117,3,14,117
2026-04-09,22,FCHBLRDOD01,7,33,4,9,50,5,10,59
2026-04-09,22,FCHBLRELC01,5,30,3,5,30,3,5,30
2026-04-09,22,FCHBLRHAR01,13,121,4,11,144,3,8,55
2026-04-09,22,FCHBLRHEB01,3,40,2,3,39,2,2,18
2026-04-09,22,FCHBLRHOO01,11,96,4,7,34,1,3,9
2026-04-09,22,FCHBLRHSAF01,3,23,1,2,19,1,2,19
2026-04-09,22,FCHBLRHSR01,18,140,3,16,128,3,16,138
2026-04-09,22,FCHBLRJPN01,14,104,4,5,28,3,6,44
2026-04-09,22,FCHBLRKOR01,15,99,4,14,84,2,3,7
2026-04-09,22,FCHBLRSJR01,21,165,2,5,35,0,0,0
2026-04-09,22,FCHBLRTHA01,7,73,4,6,65,6,6,70
2026-04-09,22,FCHBLRVAR01,6,42,2,7,47,2,7,47
2026-04-09,22,FCHBLRWHF01,11,109,2,11,109,2,11,109
2026-04-09,23,FCHBLRAECS01,5,15,2,5,23,1,2,5
2026-04-09,23,FCHBLRBEN01,1,19,1,1,18,0,0,0
2026-04-09,23,FCHBLRBHO01,3,34,1,3,34,1,3,34
2026-04-09,23,FCHBLRDOD01,4,56,2,4,56,2,4,56
2026-04-09,23,FCHBLRELC01,4,31,2,4,31,2,4,31
2026-04-09,23,FCHBLRHAR01,3,13,2,4,16,2,3,16
2026-04-09,23,FCHBLRHEB01,2,17,2,2,17,2,2,17
2026-04-09,23,FCHBLRHOO01,1,7,1,1,7,0,0,0
2026-04-09,23,FCHBLRHSAF01,6,40,2,7,44,3,7,39
2026-04-09,23,FCHBLRHSR01,9,64,7,10,87,6,9,69
2026-04-09,23,FCHBLRJPN01,11,56,1,9,35,0,8,25
2026-04-09,23,FCHBLRKOR01,13,76,4,13,67,1,3,8
2026-04-09,23,FCHBLRSJR01,8,45,3,7,26,3,6,28
2026-04-09,23,FCHBLRTHA01,2,13,1,3,21,1,3,21
2026-04-09,23,FCHBLRVAR01,2,11,1,1,9,1,1,9
2026-04-09,23,FCHBLRWHF01,2,11,1,2,11,1,2,11
2026-04-08,0,FCHBLRHSR01,0,0,1,1,4,1,1,4
2026-04-08,0,FCHBLRJPN01,0,0,1,1,3,1,1,3
2026-04-08,0,FCHBLRSJR01,0,0,1,1,5,0,0,0
2026-04-08,6,FCHBLRAECS01,13,139,5,13,155,4,5,33
2026-04-08,6,FCHBLRBEN01,21,205,4,16,184,0,0,0
2026-04-08,6,FCHBLRBHO01,14,132,4,14,132,5,14,138
2026-04-08,6,FCHBLRDOD01,9,78,2,8,77,2,8,77
2026-04-08,6,FCHBLRELC01,5,37,4,5,37,3,5,37
2026-04-08,6,FCHBLRHAR01,21,189,5,17,182,5,11,72
2026-04-08,6,FCHBLRHEB01,13,110,7,12,106,5,11,84
2026-04-08,6,FCHBLRHOO01,27,294,4,16,104,2,4,14
2026-04-08,6,FCHBLRHSAF01,17,204,3,13,123,4,13,126
2026-04-08,6,FCHBLRHSR01,16,146,4,15,137,5,14,105
2026-04-08,6,FCHBLRJPN01,31,340,6,27,271,7,26,282
2026-04-08,6,FCHBLRKOR01,36,373,5,33,334,5,29,252
2026-04-08,6,FCHBLRSJR01,24,269,6,15,151,5,7,46
2026-04-08,6,FCHBLRTHA01,6,53,5,6,53,4,6,53
2026-04-08,6,FCHBLRVAR01,12,101,4,12,101,5,12,106
2026-04-08,6,FCHBLRWHF01,24,234,5,23,229,5,23,229
2026-04-08,7,FCHBLRAECS01,32,321,4,31,337,3,6,50
2026-04-08,7,FCHBLRBEN01,56,649,7,48,596,6,33,292
2026-04-08,7,FCHBLRBHO01,37,390,3,36,389,4,36,415
2026-04-08,7,FCHBLRDOD01,26,260,5,23,236,6,23,239
2026-04-08,7,FCHBLRELC01,24,285,9,22,287,7,21,265
2026-04-08,7,FCHBLRHAR01,36,414,7,33,381,5,23,201
2026-04-08,7,FCHBLRHEB01,38,440,8,37,417,7,36,412
2026-04-08,7,FCHBLRHOO01,51,575,2,19,66,1,1,2
2026-04-08,7,FCHBLRHSAF01,32,307,6,33,358,7,31,334
2026-04-08,7,FCHBLRHSR01,39,427,4,36,384,5,36,357
2026-04-08,7,FCHBLRJPN01,44,508,7,42,398,7,38,409
2026-04-08,7,FCHBLRKOR01,56,656,9,54,669,6,26,165
2026-04-08,7,FCHBLRSJR01,64,744,7,52,765,4,14,147
2026-04-08,7,FCHBLRTHA01,20,203,3,19,188,4,19,192
2026-04-08,7,FCHBLRVAR01,24,248,6,23,266,7,22,227
2026-04-08,7,FCHBLRWHF01,56,667,7,56,669,7,56,669
2026-04-08,8,FCHBLRAECS01,30,272,6,25,190,6,12,62
2026-04-08,8,FCHBLRBEN01,43,424,6,52,521,4,28,197
2026-04-08,8,FCHBLRBHO01,28,234,3,26,222,4,26,225
2026-04-08,8,FCHBLRDOD01,36,404,6,34,357,8,35,404
2026-04-08,8,FCHBLRELC01,34,391,6,32,375,6,32,355
2026-04-08,8,FCHBLRHAR01,50,550,7,50,614,5,14,65
2026-04-08,8,FCHBLRHEB01,26,342,8,28,371,8,28,384
2026-04-08,8,FCHBLRHOO01,63,622,3,13,51,0,0,0
2026-04-08,8,FCHBLRHSAF01,31,349,6,31,343,9,31,324
2026-04-08,8,FCHBLRHSR01,54,467,4,52,472,5,52,480
2026-04-08,8,FCHBLRJPN01,70,823,9,66,555,9,55,519
2026-04-08,8,FCHBLRKOR01,71,863,9,56,771,5,8,37
2026-04-08,8,FCHBLRSJR01,63,670,7,70,593,6,13,102
2026-04-08,8,FCHBLRTHA01,23,247,4,23,261,5,23,274
2026-04-08,8,FCHBLRVAR01,39,421,5,37,436,6,36,358
2026-04-08,8,FCHBLRWHF01,60,641,8,56,616,8,54,591
2026-04-08,9,FCHBLRAECS01,25,211,6,28,268,5,9,36
2026-04-08,9,FCHBLRBEN01,32,377,5,32,384,4,22,223
2026-04-08,9,FCHBLRBHO01,20,253,3,19,239,4,18,222
2026-04-08,9,FCHBLRDOD01,33,434,6,33,451,6,32,436
2026-04-08,9,FCHBLRELC01,25,249,5,27,334,4,25,252
2026-04-08,9,FCHBLRHAR01,39,387,6,40,429,5,20,138
2026-04-08,9,FCHBLRHEB01,37,392,7,33,367,5,30,316
2026-04-08,9,FCHBLRHOO01,41,470,2,8,15,1,1,3
2026-04-08,9,FCHBLRHSAF01,26,262,6,26,270,6,26,276
2026-04-08,9,FCHBLRHSR01,55,550,4,51,592,6,42,278
2026-04-08,9,FCHBLRJPN01,53,609,9,56,464,10,44,478
2026-04-08,9,FCHBLRKOR01,76,968,9,79,1056,7,15,56
2026-04-08,9,FCHBLRSJR01,68,766,7,62,713,4,5,17
2026-04-08,9,FCHBLRTHA01,28,248,4,26,234,5,26,236
2026-04-08,9,FCHBLRVAR01,30,366,5,30,431,5,31,370
2026-04-08,9,FCHBLRWHF01,46,533,5,46,501,5,48,526
2026-04-08,10,FCHBLRAECS01,34,379,6,29,252,5,5,19
2026-04-08,10,FCHBLRBEN01,41,384,6,38,418,5,23,171
2026-04-08,10,FCHBLRBHO01,23,194,3,24,204,3,25,228
2026-04-08,10,FCHBLRDOD01,23,247,4,23,271,4,23,278
2026-04-08,10,FCHBLRELC01,18,182,5,20,208,5,18,185
2026-04-08,10,FCHBLRHAR01,39,370,6,38,421,4,23,158
2026-04-08,10,FCHBLRHEB01,23,200,5,24,224,4,25,240
2026-04-08,10,FCHBLRHOO01,28,309,3,10,45,1,3,17
2026-04-08,10,FCHBLRHSAF01,35,383,7,33,407,6,31,321
2026-04-08,10,FCHBLRHSR01,45,412,5,43,493,5,29,203
2026-04-08,10,FCHBLRJPN01,50,561,9,46,348,9,34,340
2026-04-08,10,FCHBLRKOR01,52,530,8,59,609,4,11,39
2026-04-08,10,FCHBLRSJR01,49,567,9,51,483,5,14,75
2026-04-08,10,FCHBLRTHA01,11,87,4,13,101,4,13,101
2026-04-08,10,FCHBLRVAR01,32,332,4,31,311,5,31,314
2026-04-08,10,FCHBLRWHF01,49,568,5,50,621,6,49,629
2026-04-08,11,FCHBLRAECS01,23,218,6,23,200,3,3,12
2026-04-08,11,FCHBLRBEN01,24,279,6,29,341,5,15,92
2026-04-08,11,FCHBLRBHO01,23,187,3,22,181,4,22,191
2026-04-08,11,FCHBLRDOD01,24,279,5,23,287,4,22,250
2026-04-08,11,FCHBLRELC01,18,179,5,16,177,5,16,146
2026-04-08,11,FCHBLRHAR01,24,300,7,28,334,6,18,97
2026-04-08,11,FCHBLRHEB01,19,213,6,20,241,6,20,208
2026-04-08,11,FCHBLRHOO01,18,197,4,14,76,1,1,1
2026-04-08,11,FCHBLRHSAF01,22,341,6,23,311,5,22,303
2026-04-08,11,FCHBLRHSR01,30,267,3,38,354,3,34,273
2026-04-08,11,FCHBLRJPN01,36,391,9,39,298,9,36,333
2026-04-08,11,FCHBLRKOR01,37,304,7,38,276,5,14,63
2026-04-08,11,FCHBLRSJR01,33,402,8,31,249,7,21,190
2026-04-08,11,FCHBLRTHA01,19,156,4,18,156,5,18,159
2026-04-08,11,FCHBLRVAR01,8,103,5,11,159,4,11,142
2026-04-08,11,FCHBLRWHF01,30,316,4,29,305,5,30,314
2026-04-08,12,FCHBLRAECS01,19,218,5,17,172,2,2,8
2026-04-08,12,FCHBLRBEN01,28,273,6,28,295,4,11,63
2026-04-08,12,FCHBLRBHO01,14,116,5,13,122,4,13,110
2026-04-08,12,FCHBLRDOD01,10,136,3,9,108,5,11,148
2026-04-08,12,FCHBLRELC01,14,141,4,14,148,4,13,125
2026-04-08,12,FCHBLRHAR01,25,258,7,23,322,6,9,39
2026-04-08,12,FCHBLRHEB01,18,225,6,17,221,4,16,193
2026-04-08,12,FCHBLRHOO01,27,264,5,21,123,1,3,20
2026-04-08,12,FCHBLRHSAF01,18,159,7,20,202,7,20,204
2026-04-08,12,FCHBLRHSR01,29,283,4,28,295,4,25,132
2026-04-08,12,FCHBLRJPN01,34,352,7,33,331,6,34,375
2026-04-08,12,FCHBLRKOR01,33,388,6,34,451,2,11,67
2026-04-08,12,FCHBLRSJR01,33,304,6,30,247,5,17,84
2026-04-08,12,FCHBLRTHA01,11,137,4,11,137,5,11,143
2026-04-08,12,FCHBLRVAR01,17,157,4,17,157,4,17,157
2026-04-08,12,FCHBLRWHF01,17,177,3,15,164,3,15,164
2026-04-08,13,FCHBLRAECS01,14,121,3,12,79,4,6,27
2026-04-08,13,FCHBLRBEN01,18,183,5,17,146,5,12,84
2026-04-08,13,FCHBLRBHO01,13,99,4,15,109,4,15,109
2026-04-08,13,FCHBLRDOD01,11,137,5,12,165,6,12,165
2026-04-08,13,FCHBLRELC01,13,157,4,13,154,4,12,160
2026-04-08,13,FCHBLRHAR01,14,132,5,16,175,4,4,16
2026-04-08,13,FCHBLRHEB01,26,254,6,25,256,5,26,279
2026-04-08,13,FCHBLRHOO01,19,154,5,15,73,3,5,18
2026-04-08,13,FCHBLRHSAF01,19,234,6,19,258,6,18,230
2026-04-08,13,FCHBLRHSR01,35,264,4,33,261,3,29,194
2026-04-08,13,FCHBLRJPN01,28,328,6,26,201,6,25,256
2026-04-08,13,FCHBLRKOR01,38,281,6,38,314,4,25,139
2026-04-08,13,FCHBLRSJR01,36,327,6,29,246,5,15,99
2026-04-08,13,FCHBLRTHA01,9,107,6,9,139,5,9,107
2026-04-08,13,FCHBLRVAR01,16,160,4,15,150,5,15,132
2026-04-08,13,FCHBLRWHF01,15,172,4,18,196,4,17,186
2026-04-08,14,FCHBLRAECS01,11,106,3,11,97,3,7,34
2026-04-08,14,FCHBLRBEN01,14,174,5,10,173,3,5,32
2026-04-08,14,FCHBLRBHO01,11,94,5,10,93,5,9,84
2026-04-08,14,FCHBLRDOD01,14,129,4,13,116,4,13,116
2026-04-08,14,FCHBLRELC01,11,83,2,9,73,2,9,66
2026-04-08,14,FCHBLRHAR01,8,105,5,8,109,3,5,41
2026-04-08,14,FCHBLRHEB01,12,151,7,11,138,5,11,135
2026-04-08,14,FCHBLRHOO01,19,173,5,20,106,3,5,25
2026-04-08,14,FCHBLRHSAF01,11,101,4,10,84,3,11,93
2026-04-08,14,FCHBLRHSR01,20,166,4,23,202,4,23,203
2026-04-08,14,FCHBLRJPN01,28,295,8,29,230,8,27,277
2026-04-08,14,FCHBLRKOR01,32,408,4,30,349,3,17,153
2026-04-08,14,FCHBLRSJR01,21,200,4,24,157,5,16,116
2026-04-08,14,FCHBLRTHA01,7,80,3,6,77,3,6,77
2026-04-08,14,FCHBLRVAR01,17,228,4,17,277,3,17,225
2026-04-08,14,FCHBLRWHF01,15,153,3,14,154,3,15,164
2026-04-08,15,FCHBLRAECS01,17,154,5,13,82,3,6,37
2026-04-08,15,FCHBLRBEN01,14,124,6,16,222,5,11,101
2026-04-08,15,FCHBLRBHO01,12,121,4,12,120,3,10,87
2026-04-08,15,FCHBLRDOD01,13,147,5,14,160,5,14,160
2026-04-08,15,FCHBLRELC01,19,193,4,20,202,5,19,174
2026-04-08,15,FCHBLRHAR01,29,296,6,28,348,5,16,119
2026-04-08,15,FCHBLRHEB01,15,147,4,15,158,4,14,131
2026-04-08,15,FCHBLRHOO01,24,276,4,21,201,3,5,33
2026-04-08,15,FCHBLRHSAF01,19,189,5,19,209,5,18,207
2026-04-08,15,FCHBLRHSR01,12,91,3,11,82,3,11,82
2026-04-08,15,FCHBLRJPN01,21,152,7,18,110,8,22,183
2026-04-08,15,FCHBLRKOR01,25,243,6,28,282,5,14,62
2026-04-08,15,FCHBLRSJR01,19,150,7,20,224,5,13,80
2026-04-08,15,FCHBLRTHA01,9,67,3,10,70,3,9,56
2026-04-08,15,FCHBLRVAR01,18,209,4,17,197,3,17,177
2026-04-08,15,FCHBLRWHF01,17,185,4,17,185,4,17,185
2026-04-08,16,FCHBLRAECS01,16,179,4,7,61,3,6,44
2026-04-08,16,FCHBLRBEN01,16,200,6,16,198,4,10,83
2026-04-08,16,FCHBLRBHO01,19,237,5,19,246,6,19,252
2026-04-08,16,FCHBLRDOD01,15,190,5,14,174,4,12,148
2026-04-08,16,FCHBLRELC01,13,104,6,13,128,6,14,122
2026-04-08,16,FCHBLRHAR01,28,330,5,27,360,5,14,96
2026-04-08,16,FCHBLRHEB01,21,251,8,20,208,7,16,130
2026-04-08,16,FCHBLRHOO01,22,241,6,23,214,4,9,69
2026-04-08,16,FCHBLRHSAF01,22,185,6,22,184,6,21,183
2026-04-08,16,FCHBLRHSR01,20,139,3,20,147,3,20,147
2026-04-08,16,FCHBLRJPN01,27,304,6,18,130,8,26,306
2026-04-08,16,FCHBLRKOR01,21,210,3,17,129,2,5,30
2026-04-08,16,FCHBLRSJR01,37,288,6,31,243,6,16,104
2026-04-08,16,FCHBLRTHA01,9,60,4,8,52,4,9,66
2026-04-08,16,FCHBLRVAR01,13,130,5,14,174,5,14,149
2026-04-08,16,FCHBLRWHF01,27,251,4,26,246,5,26,256
2026-04-08,17,FCHBLRAECS01,23,244,4,9,52,3,3,5
2026-04-08,17,FCHBLRBEN01,25,189,5,26,210,3,11,54
2026-04-08,17,FCHBLRBHO01,19,189,4,19,188,4,17,160
2026-04-08,17,FCHBLRDOD01,23,247,5,20,204,5,21,219
2026-04-08,17,FCHBLRELC01,15,123,4,15,132,5,16,151
2026-04-08,17,FCHBLRHAR01,24,226,5,22,265,4,16,126
2026-04-08,17,FCHBLRHEB01,14,123,6,16,160,5,13,106
2026-04-08,17,FCHBLRHOO01,29,265,3,16,95,2,6,19
2026-04-08,17,FCHBLRHSAF01,18,157,5,15,129,6,11,105
2026-04-08,17,FCHBLRHSR01,29,230,2,24,188,3,24,192
2026-04-08,17,FCHBLRJPN01,28,310,7,23,144,6,21,193
2026-04-08,17,FCHBLRKOR01,43,364,6,22,147,0,0,0
2026-04-08,17,FCHBLRSJR01,43,473,6,28,241,4,9,82
2026-04-08,17,FCHBLRTHA01,13,129,4,14,137,6,14,139
2026-04-08,17,FCHBLRVAR01,25,234,4,26,268,4,24,213
2026-04-08,17,FCHBLRWHF01,38,376,6,35,372,6,35,348
2026-04-08,18,FCHBLRAECS01,31,319,3,7,20,3,5,25
2026-04-08,18,FCHBLRBEN01,28,250,2,27,250,3,15,101
2026-04-08,18,FCHBLRBHO01,26,211,3,25,203,3,24,208
2026-04-08,18,FCHBLRDOD01,25,278,6,27,372,5,26,315
2026-04-08,18,FCHBLRELC01,17,173,4,17,173,5,16,159
2026-04-08,18,FCHBLRHAR01,35,278,5,36,314,4,33,278
2026-04-08,18,FCHBLRHEB01,28,299,5,26,279,4,11,80
2026-04-08,18,FCHBLRHOO01,40,377,4,17,100,1,2,10
2026-04-08,18,FCHBLRHSAF01,23,225,6,17,121,6,14,89
2026-04-08,18,FCHBLRHSR01,33,234,2,31,242,3,31,247
2026-04-08,18,FCHBLRJPN01,33,316,4,21,132,4,25,233
2026-04-08,18,FCHBLRKOR01,36,355,4,10,38,0,0,0
2026-04-08,18,FCHBLRSJR01,45,436,4,15,63,3,4,14
2026-04-08,18,FCHBLRTHA01,12,128,3,12,128,4,11,124
2026-04-08,18,FCHBLRVAR01,12,116,2,12,116,2,12,116
2026-04-08,18,FCHBLRWHF01,33,325,5,36,356,6,36,362
2026-04-08,19,FCHBLRAECS01,35,298,1,3,7,0,0,0
2026-04-08,19,FCHBLRBEN01,33,354,5,27,269,3,9,40
2026-04-08,19,FCHBLRBHO01,30,274,3,28,232,4,25,193
2026-04-08,19,FCHBLRDOD01,27,194,4,26,212,4,26,217
2026-04-08,19,FCHBLRELC01,25,227,4,21,188,6,22,235
2026-04-08,19,FCHBLRHAR01,27,261,4,29,305,4,27,247
2026-04-08,19,FCHBLRHEB01,18,195,4,19,213,5,15,160
2026-04-08,19,FCHBLRHOO01,33,307,3,18,94,1,1,1
2026-04-08,19,FCHBLRHSAF01,28,272,6,29,244,6,20,128
2026-04-08,19,FCHBLRHSR01,33,281,4,35,278,3,35,276
2026-04-08,19,FCHBLRJPN01,41,409,5,32,215,7,37,346
2026-04-08,19,FCHBLRKOR01,43,397,4,9,36,0,0,0
2026-04-08,19,FCHBLRSJR01,47,474,5,35,275,4,5,38
2026-04-08,19,FCHBLRTHA01,13,98,3,13,98,4,14,111
2026-04-08,19,FCHBLRVAR01,23,202,5,21,253,4,19,207
2026-04-08,19,FCHBLRWHF01,36,310,3,33,288,3,32,275
2026-04-08,20,FCHBLRAECS01,23,186,3,3,8,3,2,12
2026-04-08,20,FCHBLRBEN01,24,228,4,26,265,4,8,40
2026-04-08,20,FCHBLRBHO01,12,61,4,15,118,3,15,145
2026-04-08,20,FCHBLRDOD01,17,156,6,19,187,5,18,175
2026-04-08,20,FCHBLRELC01,17,127,3,20,165,4,19,144
2026-04-08,20,FCHBLRHAR01,24,223,5,21,203,6,20,164
2026-04-08,20,FCHBLRHEB01,14,167,6,12,144,4,10,91
2026-04-08,20,FCHBLRHOO01,22,210,1,7,27,0,0,0
2026-04-08,20,FCHBLRHSAF01,14,104,5,13,83,4,13,89
2026-04-08,20,FCHBLRHSR01,24,177,3,26,217,4,26,219
2026-04-08,20,FCHBLRJPN01,29,292,6,27,156,7,31,260
2026-04-08,20,FCHBLRKOR01,33,283,4,7,41,2,4,14
2026-04-08,20,FCHBLRSJR01,45,452,3,15,59,0,0,0
2026-04-08,20,FCHBLRTHA01,16,144,5,16,149,5,16,159
2026-04-08,20,FCHBLRVAR01,29,255,4,24,238,3,23,198
2026-04-08,20,FCHBLRWHF01,33,225,3,34,224,3,35,237
2026-04-08,21,FCHBLRAECS01,18,141,2,5,10,1,2,6
2026-04-08,21,FCHBLRBEN01,15,100,3,19,144,1,7,31
2026-04-08,21,FCHBLRBHO01,11,72,2,11,72,3,11,78
2026-04-08,21,FCHBLRDOD01,23,199,5,23,202,6,23,203
2026-04-08,21,FCHBLRELC01,11,115,3,11,115,5,12,99
2026-04-08,21,FCHBLRHAR01,22,151,5,22,178,4,22,153
2026-04-08,21,FCHBLRHEB01,16,128,6,17,148,6,14,131
2026-04-08,21,FCHBLRHOO01,22,233,2,7,25,0,0,0
2026-04-08,21,FCHBLRHSAF01,12,73,4,12,71,4,11,56
2026-04-08,21,FCHBLRHSR01,16,140,3,15,135,3,14,122
2026-04-08,21,FCHBLRJPN01,18,140,6,15,100,5,16,120
2026-04-08,21,FCHBLRKOR01,27,224,2,11,37,0,0,0
2026-04-08,21,FCHBLRSJR01,28,200,4,12,29,2,3,8
2026-04-08,21,FCHBLRTHA01,11,74,4,11,74,4,11,74
2026-04-08,21,FCHBLRVAR01,14,131,3,17,143,4,18,155
2026-04-08,21,FCHBLRWHF01,29,231,4,26,225,4,26,225
2026-04-08,22,FCHBLRAECS01,16,124,1,1,2,1,1,2
2026-04-08,22,FCHBLRBEN01,4,35,3,4,35,2,3,17
2026-04-08,22,FCHBLRBHO01,12,100,3,11,100,4,11,114
2026-04-08,22,FCHBLRDOD01,8,82,3,8,82,3,8,82
2026-04-08,22,FCHBLRELC01,11,82,4,10,82,5,10,83
2026-04-08,22,FCHBLRHAR01,17,111,5,17,98,4,16,105
2026-04-08,22,FCHBLRHEB01,16,107,5,16,95,4,12,66
2026-04-08,22,FCHBLRHOO01,10,84,2,5,19,1,1,6
2026-04-08,22,FCHBLRHSAF01,6,65,3,6,64,2,4,36
2026-04-08,22,FCHBLRHSR01,13,92,5,12,87,5,13,111
2026-04-08,22,FCHBLRJPN01,10,51,3,10,34,5,9,63
2026-04-08,22,FCHBLRKOR01,16,100,4,13,49,3,2,9
2026-04-08,22,FCHBLRSJR01,18,148,4,9,43,3,3,20
2026-04-08,22,FCHBLRTHA01,10,90,3,9,90,3,10,91
2026-04-08,22,FCHBLRVAR01,1,43,2,3,72,2,3,72
2026-04-08,22,FCHBLRWHF01,15,79,4,18,106,5,18,111
2026-04-08,23,FCHBLRAECS01,11,62,0,0,0,0,0,0
2026-04-08,23,FCHBLRBEN01,3,18,2,3,18,2,3,18
2026-04-08,23,FCHBLRBHO01,2,8,1,2,8,2,2,10
2026-04-08,23,FCHBLRDOD01,4,12,2,4,12,2,4,12
2026-04-08,23,FCHBLRELC01,3,27,2,3,27,3,3,35
2026-04-08,23,FCHBLRHAR01,4,43,2,3,27,2,3,27
2026-04-08,23,FCHBLRHEB01,0,0,3,2,35,2,2,16
2026-04-08,23,FCHBLRHOO01,3,14,1,1,1,0,0,0
2026-04-08,23,FCHBLRHSAF01,2,13,2,2,12,1,1,8
2026-04-08,23,FCHBLRHSR01,9,77,2,7,73,5,7,67
2026-04-08,23,FCHBLRJPN01,4,21,1,4,21,2,5,34
2026-04-08,23,FCHBLRKOR01,5,35,2,6,23,1,1,6
2026-04-08,23,FCHBLRSJR01,10,117,4,6,54,0,0,0
2026-04-08,23,FCHBLRTHA01,2,28,1,2,28,1,2,28
2026-04-08,23,FCHBLRVAR01,6,47,3,6,47,3,6,47
2026-04-08,23,FCHBLRWHF01,5,26,2,5,26,2,5,26
2026-04-07,0,FCHBLRELC01,0,0,1,1,12,1,1,1
2026-04-07,0,FCHBLRHSR01,0,0,1,1,5,1,1,5
2026-04-07,6,FCHBLRAECS01,13,153,4,12,142,4,10,110
2026-04-07,6,FCHBLRBEN01,19,197,3,18,187,4,11,58
2026-04-07,6,FCHBLRBHO01,15,179,3,12,145,3,12,145
2026-04-07,6,FCHBLRDOD01,10,169,5,10,168,6,10,168
2026-04-07,6,FCHBLRELC01,10,85,2,10,85,3,10,94
2026-04-07,6,FCHBLRHAR01,18,176,4,15,134,2,5,43
2026-04-07,6,FCHBLRHEB01,12,105,3,12,97,4,7,58
2026-04-07,6,FCHBLRHOO01,28,319,3,21,177,2,4,20
2026-04-07,6,FCHBLRHSAF01,19,194,5,17,187,5,16,154
2026-04-07,6,FCHBLRHSR01,18,153,3,18,151,3,15,132
2026-04-07,6,FCHBLRJPN01,32,358,8,30,323,6,30,329
2026-04-07,6,FCHBLRKOR01,28,348,5,25,300,5,14,81
2026-04-07,6,FCHBLRSJR01,43,579,7,35,555,6,19,130
2026-04-07,6,FCHBLRTHA01,3,18,3,3,18,2,3,18
2026-04-07,6,FCHBLRVAR01,11,72,3,9,73,3,9,73
2026-04-07,6,FCHBLRWHF01,26,223,4,24,214,4,23,203
2026-04-07,7,FCHBLRAECS01,39,430,5,36,406,4,16,108
2026-04-07,7,FCHBLRBEN01,37,410,7,26,333,7,16,159
2026-04-07,7,FCHBLRBHO01,36,355,3,36,378,4,36,393
2026-04-07,7,FCHBLRDOD01,29,355,5,27,321,5,26,304
2026-04-07,7,FCHBLRELC01,22,251,5,21,265,4,20,224
2026-04-07,7,FCHBLRHAR01,55,657,4,25,222,3,7,38
2026-04-07,7,FCHBLRHEB01,38,375,7,36,345,5,26,232
2026-04-07,7,FCHBLRHOO01,56,613,4,39,257,0,0,0
2026-04-07,7,FCHBLRHSAF01,38,425,6,35,366,6,30,292
2026-04-07,7,FCHBLRHSR01,54,473,5,51,423,6,51,360
2026-04-07,7,FCHBLRJPN01,57,566,10,56,519,9,56,557
2026-04-07,7,FCHBLRKOR01,74,791,7,63,740,5,14,68
2026-04-07,7,FCHBLRSJR01,67,735,10,59,623,4,9,46
2026-04-07,7,FCHBLRTHA01,21,233,6,20,231,4,17,174
2026-04-07,7,FCHBLRVAR01,39,459,4,37,394,4,38,387
2026-04-07,7,FCHBLRWHF01,48,495,4,48,488,4,49,514
2026-04-07,8,FCHBLRAECS01,45,450,5,39,435,5,10,47
2026-04-07,8,FCHBLRBEN01,64,699,7,52,584,5,19,124
2026-04-07,8,FCHBLRBHO01,42,442,3,40,420,5,39,393
2026-04-07,8,FCHBLRDOD01,50,497,7,46,470,7,46,464
2026-04-07,8,FCHBLRELC01,40,398,5,35,411,5,33,352
2026-04-07,8,FCHBLRHAR01,65,677,5,52,579,2,3,19
2026-04-07,8,FCHBLRHEB01,27,255,5,26,241,7,23,263
2026-04-07,8,FCHBLRHOO01,44,476,2,27,122,0,0,0
2026-04-07,8,FCHBLRHSAF01,35,353,5,32,269,5,23,193
2026-04-07,8,FCHBLRHSR01,58,560,5,54,539,5,51,466
2026-04-07,8,FCHBLRJPN01,73,720,9,69,614,10,67,673
2026-04-07,8,FCHBLRKOR01,75,803,10,73,824,5,8,25
2026-04-07,8,FCHBLRSJR01,81,839,8,75,573,3,5,18
2026-04-07,8,FCHBLRTHA01,17,176,3,15,148,4,15,146
2026-04-07,8,FCHBLRVAR01,43,458,5,42,557,4,41,528
2026-04-07,8,FCHBLRWHF01,58,504,4,58,510,4,58,510
2026-04-07,9,FCHBLRAECS01,44,392,4,42,404,1,7,27
2026-04-07,9,FCHBLRBEN01,41,412,7,54,611,4,9,36
2026-04-07,9,FCHBLRBHO01,26,277,6,28,323,5,28,304
2026-04-07,9,FCHBLRDOD01,47,551,7,47,593,7,45,520
2026-04-07,9,FCHBLRELC01,32,272,7,35,322,8,37,317
2026-04-07,9,FCHBLRHAR01,46,463,3,64,657,2,10,39
2026-04-07,9,FCHBLRHEB01,45,486,6,45,459,6,44,448
2026-04-07,9,FCHBLRHOO01,55,576,3,23,70,0,0,0
2026-04-07,9,FCHBLRHSAF01,37,363,5,39,353,5,20,153
2026-04-07,9,FCHBLRHSR01,59,553,6,45,487,5,43,402
2026-04-07,9,FCHBLRJPN01,53,593,9,57,458,9,54,476
2026-04-07,9,FCHBLRKOR01,59,592,9,66,637,4,7,20
2026-04-07,9,FCHBLRSJR01,65,684,5,59,384,3,5,25
2026-04-07,9,FCHBLRTHA01,24,236,5,26,300,4,27,289
2026-04-07,9,FCHBLRVAR01,40,454,3,43,476,3,42,455
2026-04-07,9,FCHBLRWHF01,55,453,5,54,459,5,54,459
2026-04-07,10,FCHBLRAECS01,30,312,4,36,373,1,1,2
2026-04-07,10,FCHBLRBEN01,30,289,7,39,459,3,9,54
2026-04-07,10,FCHBLRBHO01,24,219,3,23,218,4,23,242
2026-04-07,10,FCHBLRDOD01,30,406,6,32,462,5,34,452
2026-04-07,10,FCHBLRELC01,29,276,5,27,287,5,25,228
2026-04-07,10,FCHBLRHAR01,24,250,4,25,286,4,7,33
2026-04-07,10,FCHBLRHEB01,30,321,6,31,326,7,30,311
2026-04-07,10,FCHBLRHOO01,41,381,2,25,55,1,2,3
2026-04-07,10,FCHBLRHSAF01,32,315,5,33,325,5,20,180
2026-04-07,10,FCHBLRHSR01,48,458,6,51,498,5,25,143
2026-04-07,10,FCHBLRJPN01,53,465,8,47,359,7,47,420
2026-04-07,10,FCHBLRKOR01,44,350,8,50,416,7,14,49
2026-04-07,10,FCHBLRSJR01,41,395,4,37,259,4,15,109
2026-04-07,10,FCHBLRTHA01,17,148,3,18,156,3,18,156
2026-04-07,10,FCHBLRVAR01,35,384,4,34,388,4,35,396
2026-04-07,10,FCHBLRWHF01,39,388,5,38,385,5,37,375
2026-04-07,11,FCHBLRAECS01,15,146,5,15,156,2,4,11
2026-04-07,11,FCHBLRBEN01,24,284,6,21,253,4,12,111
2026-04-07,11,FCHBLRBHO01,16,132,4,16,130,4,16,134
2026-04-07,11,FCHBLRDOD01,18,204,7,20,216,7,21,239
2026-04-07,11,FCHBLRELC01,23,216,6,24,239,5,23,231
2026-04-07,11,FCHBLRHAR01,26,230,4,26,266,3,13,66
2026-04-07,11,FCHBLRHEB01,23,194,6,22,195,6,21,196
2026-04-07,11,FCHBLRHOO01,36,313,2,16,44,0,0,0
2026-04-07,11,FCHBLRHSAF01,25,231,3,27,238,4,23,213
2026-04-07,11,FCHBLRHSR01,27,243,5,34,417,3,8,29
2026-04-07,11,FCHBLRJPN01,47,505,7,41,320,7,38,311
2026-04-07,11,FCHBLRKOR01,43,413,8,36,307,4,5,16
2026-04-07,11,FCHBLRSJR01,36,442,7,34,331,6,23,208
2026-04-07,11,FCHBLRTHA01,20,217,5,19,213,5,19,213
2026-04-07,11,FCHBLRVAR01,21,176,4,21,199,3,20,179
2026-04-07,11,FCHBLRWHF01,39,345,5,38,327,4,38,332
2026-04-07,12,FCHBLRAECS01,23,220,6,22,204,5,6,46
2026-04-07,12,FCHBLRBEN01,12,110,5,15,161,4,10,92
2026-04-07,12,FCHBLRBHO01,13,100,3,13,100,3,12,86
2026-04-07,12,FCHBLRDOD01,17,201,4,18,236,5,18,222
2026-04-07,12,FCHBLRELC01,12,124,5,13,131,5,11,102
2026-04-07,12,FCHBLRHAR01,28,257,4,25,237,3,7,28
2026-04-07,12,FCHBLRHEB01,33,377,7,32,334,7,32,347
2026-04-07,12,FCHBLRHOO01,28,282,4,23,155,1,1,2
2026-04-07,12,FCHBLRHSAF01,32,336,5,30,250,5,22,191
2026-04-07,12,FCHBLRHSR01,29,214,4,33,307,5,17,90
2026-04-07,12,FCHBLRJPN01,43,451,6,38,346,5,33,363
2026-04-07,12,FCHBLRKOR01,35,282,7,39,343,4,7,24
2026-04-07,12,FCHBLRSJR01,39,330,5,35,222,6,22,171
2026-04-07,12,FCHBLRTHA01,9,94,4,10,98,6,10,108
2026-04-07,12,FCHBLRVAR01,22,170,4,22,174,4,23,189
2026-04-07,12,FCHBLRWHF01,17,179,5,17,197,4,17,190
2026-04-07,13,FCHBLRAECS01,20,186,5,18,154,5,6,20
2026-04-07,13,FCHBLRBEN01,18,147,3,17,146,4,12,92
2026-04-07,13,FCHBLRBHO01,9,89,3,9,89,3,10,103
2026-04-07,13,FCHBLRDOD01,15,149,6,13,117,6,13,119
2026-04-07,13,FCHBLRELC01,13,87,2,12,83,3,12,88
2026-04-07,13,FCHBLRHAR01,25,232,5,24,245,4,10,62
2026-04-07,13,FCHBLRHEB01,19,168,6,20,190,6,19,187
2026-04-07,13,FCHBLRHOO01,24,211,3,16,80,2,2,6
2026-04-07,13,FCHBLRHSAF01,11,90,4,11,85,4,10,69
2026-04-07,13,FCHBLRHSR01,22,160,4,21,199,5,18,137
2026-04-07,13,FCHBLRJPN01,35,315,5,36,222,5,31,284
2026-04-07,13,FCHBLRKOR01,29,196,6,29,214,3,7,21
2026-04-07,13,FCHBLRSJR01,41,436,7,32,262,5,17,153
2026-04-07,13,FCHBLRTHA01,6,67,4,6,67,3,6,67
2026-04-07,13,FCHBLRVAR01,24,244,3,23,220,3,23,220
2026-04-07,13,FCHBLRWHF01,24,239,5,25,244,5,25,244
2026-04-07,14,FCHBLRAECS01,7,49,4,9,83,2,3,16
2026-04-07,14,FCHBLRBEN01,15,161,6,15,169,5,14,118
2026-04-07,14,FCHBLRBHO01,9,69,4,9,69,4,9,69
2026-04-07,14,FCHBLRDOD01,16,137,4,17,158,5,17,155
2026-04-07,14,FCHBLRELC01,12,108,4,13,118,3,13,112
2026-04-07,14,FCHBLRHAR01,13,161,5,14,171,4,6,31
2026-04-07,14,FCHBLRHEB01,14,124,5,15,154,5,14,155
2026-04-07,14,FCHBLRHOO01,21,197,4,15,57,1,1,5
2026-04-07,14,FCHBLRHSAF01,5,35,3,5,31,3,4,29
2026-04-07,14,FCHBLRHSR01,23,153,5,24,179,6,24,165
2026-04-07,14,FCHBLRJPN01,32,260,5,28,196,6,26,203
2026-04-07,14,FCHBLRKOR01,32,251,7,30,232,6,15,100
2026-04-07,14,FCHBLRSJR01,24,253,6,34,222,5,13,69
2026-04-07,14,FCHBLRTHA01,9,90,2,9,90,3,9,90
2026-04-07,14,FCHBLRVAR01,9,74,3,9,87,4,9,91
2026-04-07,14,FCHBLRWHF01,15,159,4,13,141,4,13,141
2026-04-07,15,FCHBLRAECS01,8,51,3,7,36,2,2,18
2026-04-07,15,FCHBLRBEN01,10,79,5,11,84,4,10,69
2026-04-07,15,FCHBLRBHO01,21,163,5,20,151,4,19,150
2026-04-07,15,FCHBLRDOD01,15,165,4,13,146,5,12,130
2026-04-07,15,FCHBLRELC01,5,37,4,5,36,3,3,23
2026-04-07,15,FCHBLRHAR01,10,100,2,8,64,2,5,21
2026-04-07,15,FCHBLRHEB01,12,87,4,12,87,4,13,95
2026-04-07,15,FCHBLRHOO01,20,192,4,18,127,3,11,63
2026-04-07,15,FCHBLRHSAF01,14,95,3,14,95,3,13,88
2026-04-07,15,FCHBLRHSR01,20,190,4,19,188,5,19,209
2026-04-07,15,FCHBLRJPN01,22,182,6,24,171,8,23,184
2026-04-07,15,FCHBLRKOR01,26,239,6,24,227,2,2,21
2026-04-07,15,FCHBLRSJR01,28,237,7,24,174,6,15,99
2026-04-07,15,FCHBLRTHA01,8,54,2,7,54,3,7,54
2026-04-07,15,FCHBLRVAR01,17,157,5,16,143,5,16,156
2026-04-07,15,FCHBLRWHF01,28,266,6,26,267,6,25,261
2026-04-07,16,FCHBLRAECS01,16,142,2,8,52,2,4,17
2026-04-07,16,FCHBLRBEN01,23,242,6,23,237,5,17,162
2026-04-07,16,FCHBLRBHO01,11,106,4,12,113,4,10,96
2026-04-07,16,FCHBLRDOD01,24,205,8,24,249,8,25,241
2026-04-07,16,FCHBLRELC01,19,167,4,18,155,5,18,173
2026-04-07,16,FCHBLRHAR01,17,152,3,19,183,2,15,105
2026-04-07,16,FCHBLRHEB01,16,126,5,10,68,5,9,56
2026-04-07,16,FCHBLRHOO01,38,408,6,30,272,5,17,118
2026-04-07,16,FCHBLRHSAF01,14,158,6,11,103,4,12,100
2026-04-07,16,FCHBLRHSR01,28,264,5,29,266,7,29,267
2026-04-07,16,FCHBLRJPN01,32,344,7,25,150,6,21,215
2026-04-07,16,FCHBLRKOR01,32,294,5,31,239,1,3,7
2026-04-07,16,FCHBLRSJR01,41,375,8,40,327,7,23,150
2026-04-07,16,FCHBLRTHA01,7,57,3,6,47,4,5,35
2026-04-07,16,FCHBLRVAR01,15,125,5,17,138,5,17,138
2026-04-07,16,FCHBLRWHF01,32,294,8,33,304,8,35,337
2026-04-07,17,FCHBLRAECS01,30,246,0,0,0,0,0,0
2026-04-07,17,FCHBLRBEN01,28,269,5,27,264,4,22,148
2026-04-07,17,FCHBLRBHO01,18,227,4,16,211,4,13,191
2026-04-07,17,FCHBLRDOD01,19,216,4,21,218,5,20,201
2026-04-07,17,FCHBLRELC01,18,130,4,18,159,4,19,155
2026-04-07,17,FCHBLRHAR01,35,407,6,32,376,3,18,122
2026-04-07,17,FCHBLRHEB01,22,244,6,23,284,5,14,151
2026-04-07,17,FCHBLRHOO01,32,374,5,26,146,5,9,44
2026-04-07,17,FCHBLRHSAF01,14,88,4,15,131,4,14,136
2026-04-07,17,FCHBLRHSR01,17,121,5,16,111,5,16,114
2026-04-07,17,FCHBLRJPN01,45,427,5,21,130,5,33,294
2026-04-07,17,FCHBLRKOR01,36,342,5,30,229,0,0,0
2026-04-07,17,FCHBLRSJR01,56,563,7,43,299,4,4,28
2026-04-07,17,FCHBLRTHA01,10,79,4,11,77,4,11,95
2026-04-07,17,FCHBLRVAR01,18,165,4,17,168,4,17,163
2026-04-07,17,FCHBLRWHF01,23,204,5,20,170,6,20,174
2026-04-07,18,FCHBLRAECS01,35,256,0,0,0,0,0,0
2026-04-07,18,FCHBLRBEN01,28,296,5,25,276,3,14,79
2026-04-07,18,FCHBLRBHO01,21,165,2,19,150,4,20,165
2026-04-07,18,FCHBLRDOD01,22,224,4,20,218,4,20,221
2026-04-07,18,FCHBLRELC01,19,203,3,18,168,3,18,168
2026-04-07,18,FCHBLRHAR01,35,313,5,36,386,5,12,55
2026-04-07,18,FCHBLRHEB01,21,153,3,21,158,4,21,177
2026-04-07,18,FCHBLRHOO01,48,449,4,24,162,3,7,28
2026-04-07,18,FCHBLRHSAF01,17,181,6,16,156,5,12,129
2026-04-07,18,FCHBLRHSR01,33,243,4,29,235,4,30,221
2026-04-07,18,FCHBLRJPN01,38,336,8,39,298,7,46,384
2026-04-07,18,FCHBLRKOR01,44,387,5,20,105,1,2,3
2026-04-07,18,FCHBLRSJR01,49,505,4,28,134,3,3,7
2026-04-07,18,FCHBLRTHA01,13,121,3,13,121,3,13,121
2026-04-07,18,FCHBLRVAR01,20,221,4,20,245,3,19,219
2026-04-07,18,FCHBLRWHF01,31,236,4,33,268,4,33,268
2026-04-07,19,FCHBLRAECS01,31,245,1,1,3,1,1,3
2026-04-07,19,FCHBLRBEN01,23,251,4,22,293,4,13,104
2026-04-07,19,FCHBLRBHO01,15,120,4,15,125,5,14,118
2026-04-07,19,FCHBLRDOD01,26,240,4,27,267,4,27,259
2026-04-07,19,FCHBLRELC01,16,148,4,17,171,3,15,104
2026-04-07,19,FCHBLRHAR01,32,285,5,33,377,3,21,146
2026-04-07,19,FCHBLRHEB01,23,201,5,22,197,4,21,180
2026-04-07,19,FCHBLRHOO01,33,335,4,17,61,4,8,34
2026-04-07,19,FCHBLRHSAF01,19,138,4,21,152,4,16,125
2026-04-07,19,FCHBLRHSR01,32,256,4,36,293,5,34,258
2026-04-07,19,FCHBLRJPN01,44,397,9,35,307,8,41,357
2026-04-07,19,FCHBLRKOR01,49,398,3,23,96,0,0,0
2026-04-07,19,FCHBLRSJR01,48,375,5,26,126,2,3,10
2026-04-07,19,FCHBLRTHA01,9,60,2,9,60,2,9,60
2026-04-07,19,FCHBLRVAR01,16,117,4,15,119,3,16,117
2026-04-07,19,FCHBLRWHF01,45,378,3,42,365,4,42,366
2026-04-07,20,FCHBLRAECS01,14,139,0,0,0,0,0,0
2026-04-07,20,FCHBLRBEN01,40,380,6,41,385,5,26,170
2026-04-07,20,FCHBLRBHO01,20,151,3,22,186,3,22,176
2026-04-07,20,FCHBLRDOD01,22,284,4,24,309,3,24,293
2026-04-07,20,FCHBLRELC01,15,133,5,16,152,4,15,131
2026-04-07,20,FCHBLRHAR01,20,159,5,19,145,5,18,108
2026-04-07,20,FCHBLRHEB01,16,205,4,17,184,4,15,133
2026-04-07,20,FCHBLRHOO01,36,317,4,15,77,3,4,24
2026-04-07,20,FCHBLRHSAF01,21,146,5,18,108,5,18,111
2026-04-07,20,FCHBLRHSR01,31,208,4,29,180,4,30,192
2026-04-07,20,FCHBLRJPN01,32,300,5,27,207,6,36,329
2026-04-07,20,FCHBLRKOR01,36,300,3,22,111,0,0,0
2026-04-07,20,FCHBLRSJR01,41,394,4,19,90,1,1,2
2026-04-07,20,FCHBLRTHA01,11,57,3,11,57,3,11,57
2026-04-07,20,FCHBLRVAR01,22,205,5,19,219,4,18,186
2026-04-07,20,FCHBLRWHF01,22,217,3,23,229,3,22,212
2026-04-07,21,FCHBLRAECS01,18,170,2,6,21,1,2,7
2026-04-07,21,FCHBLRBEN01,20,156,5,20,170,5,16,114
2026-04-07,21,FCHBLRBHO01,18,121,2,16,103,2,16,103
2026-04-07,21,FCHBLRDOD01,14,123,4,14,142,4,14,114
2026-04-07,21,FCHBLRELC01,8,79,2,8,79,3,8,79
2026-04-07,21,FCHBLRHAR01,27,270,5,28,316,3,22,173
2026-04-07,21,FCHBLRHEB01,9,66,4,9,88,3,8,54
2026-04-07,21,FCHBLRHOO01,22,176,4,21,91,3,9,43
2026-04-07,21,FCHBLRHSAF01,10,85,5,9,77,4,10,79
2026-04-07,21,FCHBLRHSR01,29,220,3,29,237,4,29,240
2026-04-07,21,FCHBLRJPN01,25,200,4,20,140,6,24,169
2026-04-07,21,FCHBLRKOR01,19,176,2,12,39,0,0,0
2026-04-07,21,FCHBLRSJR01,35,277,3,20,82,1,1,1
2026-04-07,21,FCHBLRTHA01,8,39,1,8,39,2,8,36
2026-04-07,21,FCHBLRVAR01,12,80,4,15,102,4,14,105
2026-04-07,21,FCHBLRWHF01,21,188,4,14,135,4,15,152
2026-04-07,22,FCHBLRAECS01,10,58,2,7,40,1,5,31
2026-04-07,22,FCHBLRBEN01,14,126,4,15,135,4,13,111
2026-04-07,22,FCHBLRBHO01,9,56,4,10,68,2,9,50
2026-04-07,22,FCHBLRDOD01,9,62,1,8,61,3,9,101
2026-04-07,22,FCHBLRELC01,7,58,1,7,58,1,7,58
2026-04-07,22,FCHBLRHAR01,10,68,4,11,88,3,9,60
2026-04-07,22,FCHBLRHEB01,8,69,3,9,85,6,9,78
2026-04-07,22,FCHBLRHOO01,9,96,2,10,50,2,5,16
2026-04-07,22,FCHBLRHSAF01,5,28,3,5,28,4,5,27
2026-04-07,22,FCHBLRHSR01,15,71,3,16,80,4,16,83
2026-04-07,22,FCHBLRJPN01,19,112,4,6,30,4,8,55
2026-04-07,22,FCHBLRKOR01,13,106,3,13,61,0,0,0
2026-04-07,22,FCHBLRSJR01,23,185,3,9,55,0,0,0
2026-04-07,22,FCHBLRTHA01,3,17,2,3,17,2,3,17
2026-04-07,22,FCHBLRVAR01,11,110,2,10,102,2,10,102
2026-04-07,22,FCHBLRWHF01,18,137,3,19,181,3,18,178
2026-04-07,23,FCHBLRAECS01,3,16,1,1,2,0,0,0
2026-04-07,23,FCHBLRBEN01,3,14,1,3,14,1,3,14
2026-04-07,23,FCHBLRBHO01,4,40,1,4,40,1,4,40
2026-04-07,23,FCHBLRDOD01,6,50,3,6,50,3,6,50
2026-04-07,23,FCHBLRELC01,4,18,2,3,17,2,3,17
2026-04-07,23,FCHBLRHAR01,8,43,3,8,39,2,6,34
2026-04-07,23,FCHBLRHEB01,2,7,1,2,7,1,2,7
2026-04-07,23,FCHBLRHOO01,5,46,1,4,12,0,0,0
2026-04-07,23,FCHBLRHSAF01,1,4,1,1,4,1,1,4
2026-04-07,23,FCHBLRHSR01,9,53,3,9,51,3,9,51
2026-04-07,23,FCHBLRJPN01,5,36,4,6,43,6,6,61
2026-04-07,23,FCHBLRKOR01,11,75,3,11,57,0,0,0
2026-04-07,23,FCHBLRSJR01,11,71,3,9,48,2,4,27
2026-04-07,23,FCHBLRTHA01,2,4,2,2,4,2,2,4
2026-04-07,23,FCHBLRVAR01,2,8,2,2,8,2,2,8
2026-04-07,23,FCHBLRWHF01,6,21,3,6,25,4,7,31
2026-04-06,0,FCHBLRWHF01,1,2,1,1,2,1,1,2
2026-04-06,6,FCHBLRAECS01,14,128,4,14,128,6,14,144
2026-04-06,6,FCHBLRBEN01,11,58,4,10,58,4,8,43
2026-04-06,6,FCHBLRBHO01,8,59,3,7,52,3,7,52
2026-04-06,6,FCHBLRDOD01,7,64,3,7,64,4,6,57
2026-04-06,6,FCHBLRELC01,11,108,3,10,106,4,10,109
2026-04-06,6,FCHBLRHAR01,22,185,4,10,70,3,7,42
2026-04-06,6,FCHBLRHEB01,14,138,6,11,130,4,11,107
2026-04-06,6,FCHBLRHOO01,20,198,4,18,154,3,6,34
2026-04-06,6,FCHBLRHSAF01,7,73,4,7,82,2,7,73
2026-04-06,6,FCHBLRHSR01,15,158,2,12,102,3,12,106
2026-04-06,6,FCHBLRJPN01,21,203,6,21,168,5,20,195
2026-04-06,6,FCHBLRKOR01,32,349,7,26,274,4,7,51
2026-04-06,6,FCHBLRSJR01,18,212,4,12,138,4,11,112
2026-04-06,6,FCHBLRTHA01,8,62,5,8,62,4,8,62
2026-04-06,6,FCHBLRVAR01,6,74,3,5,68,3,5,68
2026-04-06,6,FCHBLRWHF01,19,176,3,19,176,3,18,164
2026-04-06,7,FCHBLRAECS01,26,199,4,23,171,7,23,176
2026-04-06,7,FCHBLRBEN01,32,286,4,26,262,4,22,173
2026-04-06,7,FCHBLRBHO01,23,228,3,23,229,4,23,246
2026-04-06,7,FCHBLRDOD01,23,323,4,20,283,4,21,274
2026-04-06,7,FCHBLRELC01,18,125,8,17,134,7,17,124
2026-04-06,7,FCHBLRHAR01,40,422,4,22,201,4,15,115
2026-04-06,7,FCHBLRHEB01,27,294,7,29,312,5,29,308
2026-04-06,7,FCHBLRHOO01,48,542,4,45,357,2,6,22
2026-04-06,7,FCHBLRHSAF01,30,315,6,24,272,5,22,211
2026-04-06,7,FCHBLRHSR01,40,457,5,37,466,4,36,412
2026-04-06,7,FCHBLRJPN01,43,499,8,40,361,8,41,436
2026-04-06,7,FCHBLRKOR01,37,414,8,37,430,4,6,22
2026-04-06,7,FCHBLRSJR01,51,550,8,46,527,9,33,334
2026-04-06,7,FCHBLRTHA01,15,148,4,14,141,4,14,151
2026-04-06,7,FCHBLRVAR01,27,269,4,27,260,4,27,248
2026-04-06,7,FCHBLRWHF01,46,395,5,44,379,5,43,380
2026-04-06,8,FCHBLRAECS01,31,339,5,31,326,6,27,257
2026-04-06,8,FCHBLRBEN01,46,457,4,48,494,4,33,245
2026-04-06,8,FCHBLRBHO01,43,513,3,40,465,5,39,439
2026-04-06,8,FCHBLRDOD01,38,472,5,38,539,5,36,469
2026-04-06,8,FCHBLRELC01,33,368,5,28,331,5,25,274
2026-04-06,8,FCHBLRHAR01,45,416,6,41,382,4,10,51
2026-04-06,8,FCHBLRHEB01,43,459,8,38,433,6,36,376
2026-04-06,8,FCHBLRHOO01,52,551,5,39,246,2,2,8
2026-04-06,8,FCHBLRHSAF01,40,430,4,39,282,5,32,241
2026-04-06,8,FCHBLRHSR01,52,471,4,46,433,3,36,335
2026-04-06,8,FCHBLRJPN01,49,561,8,47,442,7,49,577
2026-04-06,8,FCHBLRKOR01,72,850,10,66,756,5,11,32
2026-04-06,8,FCHBLRSJR01,66,685,7,65,613,10,57,497
2026-04-06,8,FCHBLRTHA01,19,145,3,20,152,3,20,152
2026-04-06,8,FCHBLRVAR01,39,384,4,39,416,4,39,416
2026-04-06,8,FCHBLRWHF01,54,491,4,50,472,4,50,466
2026-04-06,9,FCHBLRAECS01,29,336,6,31,360,5,10,76
2026-04-06,9,FCHBLRBEN01,32,338,4,33,413,4,19,160
2026-04-06,9,FCHBLRBHO01,29,267,4,30,300,4,30,305
2026-04-06,9,FCHBLRDOD01,22,270,7,25,327,4,27,333
2026-04-06,9,FCHBLRELC01,27,263,7,32,312,7,31,332
2026-04-06,9,FCHBLRHAR01,40,458,6,42,497,2,8,61
2026-04-06,9,FCHBLRHEB01,43,499,4,41,442,6,41,450
2026-04-06,9,FCHBLRHOO01,43,486,4,25,187,1,1,3
2026-04-06,9,FCHBLRHSAF01,31,354,7,28,302,9,25,284
2026-04-06,9,FCHBLRHSR01,51,452,4,57,499,3,57,403
2026-04-06,9,FCHBLRJPN01,66,804,9,45,362,9,44,494
2026-04-06,9,FCHBLRKOR01,66,667,10,70,642,7,14,51
2026-04-06,9,FCHBLRSJR01,75,799,8,71,606,10,59,527
2026-04-06,9,FCHBLRTHA01,23,277,5,22,276,5,22,281
2026-04-06,9,FCHBLRVAR01,40,402,4,40,402,5,39,387
2026-04-06,9,FCHBLRWHF01,36,336,5,38,352,5,39,356
2026-04-06,10,FCHBLRAECS01,28,305,6,26,308,5,8,38
2026-04-06,10,FCHBLRBEN01,34,364,4,36,401,4,26,229
2026-04-06,10,FCHBLRBHO01,13,135,3,14,120,3,15,139
2026-04-06,10,FCHBLRDOD01,27,270,5,24,224,4,23,215
2026-04-06,10,FCHBLRELC01,18,188,5,18,198,5,18,200
2026-04-06,10,FCHBLRHAR01,33,308,5,30,300,4,16,131
2026-04-06,10,FCHBLRHEB01,34,325,5,35,376,5,34,375
2026-04-06,10,FCHBLRHOO01,33,423,2,24,121,1,2,6
2026-04-06,10,FCHBLRHSAF01,32,336,6,32,287,7,31,273
2026-04-06,10,FCHBLRHSR01,38,301,2,43,365,2,43,365
2026-04-06,10,FCHBLRJPN01,34,331,7,43,250,7,31,300
2026-04-06,10,FCHBLRKOR01,50,536,10,52,586,5,7,23
2026-04-06,10,FCHBLRSJR01,36,411,9,43,414,8,32,314
2026-04-06,10,FCHBLRTHA01,9,76,4,10,88,4,10,88
2026-04-06,10,FCHBLRVAR01,24,268,5,22,266,4,23,279
2026-04-06,10,FCHBLRWHF01,38,387,5,41,406,5,41,415
2026-04-06,11,FCHBLRAECS01,30,257,6,32,264,5,17,101
2026-04-06,11,FCHBLRBEN01,20,176,3,18,212,3,17,105
2026-04-06,11,FCHBLRBHO01,16,112,4,17,145,4,17,151
2026-04-06,11,FCHBLRDOD01,22,189,5,24,254,5,24,238
2026-04-06,11,FCHBLRELC01,19,228,4,19,228,5,19,230
2026-04-06,11,FCHBLRHAR01,26,267,4,28,279,4,18,121
2026-04-06,11,FCHBLRHEB01,18,193,5,25,253,4,24,250
2026-04-06,11,FCHBLRHOO01,26,224,4,18,79,1,1,3
2026-04-06,11,FCHBLRHSAF01,28,299,6,30,261,7,28,247
2026-04-06,11,FCHBLRHSR01,25,233,3,24,230,3,24,221
2026-04-06,11,FCHBLRJPN01,34,309,9,31,180,7,29,200
2026-04-06,11,FCHBLRKOR01,35,355,7,39,413,4,3,14
2026-04-06,11,FCHBLRSJR01,32,268,9,31,258,9,32,312
2026-04-06,11,FCHBLRTHA01,19,156,3,19,156,4,19,162
2026-04-06,11,FCHBLRVAR01,26,271,4,28,295,5,28,288
2026-04-06,11,FCHBLRWHF01,32,357,5,32,357,6,33,364
2026-04-06,12,FCHBLRAECS01,17,204,6,15,171,4,8,75
2026-04-06,12,FCHBLRBEN01,25,221,4,26,261,4,21,147
2026-04-06,12,FCHBLRBHO01,11,115,3,11,115,3,11,115
2026-04-06,12,FCHBLRDOD01,12,176,4,13,181,4,14,188
2026-04-06,12,FCHBLRELC01,12,148,5,11,129,5,10,116
2026-04-06,12,FCHBLRHAR01,26,259,6,26,297,5,14,75
2026-04-06,12,FCHBLRHEB01,27,274,5,24,206,4,23,178
2026-04-06,12,FCHBLRHOO01,24,276,3,19,95,2,2,15
2026-04-06,12,FCHBLRHSAF01,16,176,5,16,144,5,14,123
2026-04-06,12,FCHBLRHSR01,30,275,3,30,277,5,30,277
2026-04-06,12,FCHBLRJPN01,35,304,8,31,230,8,34,309
2026-04-06,12,FCHBLRKOR01,24,257,5,25,241,3,7,27
2026-04-06,12,FCHBLRSJR01,39,395,7,35,400,8,20,163
2026-04-06,12,FCHBLRTHA01,12,151,4,12,151,5,12,159
2026-04-06,12,FCHBLRVAR01,15,133,2,15,133,2,15,133
2026-04-06,12,FCHBLRWHF01,26,257,5,26,257,5,26,257
2026-04-06,13,FCHBLRAECS01,7,54,5,8,135,3,6,46
2026-04-06,13,FCHBLRBEN01,17,142,3,17,150,4,12,97
2026-04-06,13,FCHBLRBHO01,11,96,4,11,96,5,11,109
2026-04-06,13,FCHBLRDOD01,23,313,4,20,283,5,19,258
2026-04-06,13,FCHBLRELC01,13,116,3,11,104,2,12,101
2026-04-06,13,FCHBLRHAR01,25,242,5,25,239,5,15,92
2026-04-06,13,FCHBLRHEB01,21,190,5,23,230,4,23,258
2026-04-06,13,FCHBLRHOO01,18,181,5,16,106,3,7,36
2026-04-06,13,FCHBLRHSAF01,23,168,6,22,204,6,21,167
2026-04-06,13,FCHBLRHSR01,22,145,4,24,176,3,24,168
2026-04-06,13,FCHBLRJPN01,31,262,6,28,206,6,30,243
2026-04-06,13,FCHBLRKOR01,29,293,7,29,281,2,3,9
2026-04-06,13,FCHBLRSJR01,29,273,8,30,224,8,21,135
2026-04-06,13,FCHBLRTHA01,11,110,3,11,110,3,11,110
2026-04-06,13,FCHBLRVAR01,11,116,3,8,61,5,9,88
2026-04-06,13,FCHBLRWHF01,23,264,4,22,241,5,22,241
2026-04-06,14,FCHBLRAECS01,18,182,3,18,179,4,11,57
2026-04-06,14,FCHBLRBEN01,17,160,6,16,159,6,15,134
2026-04-06,14,FCHBLRBHO01,10,107,3,10,107,4,10,115
2026-04-06,14,FCHBLRDOD01,17,149,7,20,196,5,21,207
2026-04-06,14,FCHBLRELC01,13,113,5,16,160,5,16,160
2026-04-06,14,FCHBLRHAR01,12,130,4,12,130,4,9,95
2026-04-06,14,FCHBLRHEB01,8,73,4,8,78,3,7,59
2026-04-06,14,FCHBLRHOO01,19,190,4,17,144,3,8,50
2026-04-06,14,FCHBLRHSAF01,12,101,3,10,90,3,9,83
2026-04-06,14,FCHBLRHSR01,23,169,3,22,143,4,22,149
2026-04-06,14,FCHBLRJPN01,41,389,7,38,289,6,36,294
2026-04-06,14,FCHBLRKOR01,44,469,8,37,338,3,7,20
2026-04-06,14,FCHBLRSJR01,24,225,5,22,166,5,11,65
2026-04-06,14,FCHBLRTHA01,14,137,3,14,137,3,14,137
2026-04-06,14,FCHBLRVAR01,12,131,3,13,138,4,13,155
2026-04-06,14,FCHBLRWHF01,19,179,4,19,191,5,20,204
2026-04-06,15,FCHBLRAECS01,18,166,6,17,150,7,11,104
2026-04-06,15,FCHBLRBEN01,18,179,7,20,209,7,16,144
2026-04-06,15,FCHBLRBHO01,13,161,2,13,161,3,12,120
2026-04-06,15,FCHBLRDOD01,11,150,3,10,133,3,9,117
2026-04-06,15,FCHBLRELC01,12,84,3,12,84,4,12,92
2026-04-06,15,FCHBLRHAR01,19,172,4,17,158,5,19,167
2026-04-06,15,FCHBLRHEB01,16,174,6,17,185,6,13,131
2026-04-06,15,FCHBLRHOO01,11,125,2,9,79,0,0,0
2026-04-06,15,FCHBLRHSAF01,10,73,5,13,90,6,14,79
2026-04-06,15,FCHBLRHSR01,15,129,3,16,155,3,16,155
2026-04-06,15,FCHBLRJPN01,31,303,5,18,109,6,24,225
2026-04-06,15,FCHBLRKOR01,23,187,8,28,261,3,4,23
2026-04-06,15,FCHBLRSJR01,33,351,10,30,283,8,19,134
2026-04-06,15,FCHBLRTHA01,7,69,4,7,69,4,7,69
2026-04-06,15,FCHBLRVAR01,13,119,3,14,142,4,14,149
2026-04-06,15,FCHBLRWHF01,22,169,4,19,151,5,19,154
2026-04-06,16,FCHBLRAECS01,26,196,4,16,64,4,12,51
2026-04-06,16,FCHBLRBEN01,20,184,5,16,158,4,16,155
2026-04-06,16,FCHBLRBHO01,15,151,1,14,142,2,14,145
2026-04-06,16,FCHBLRDOD01,27,242,5,27,292,4,26,243
2026-04-06,16,FCHBLRELC01,11,105,4,11,105,6,11,111
2026-04-06,16,FCHBLRHAR01,19,131,5,20,151,6,18,135
2026-04-06,16,FCHBLRHEB01,14,208,5,14,208,4,10,123
2026-04-06,16,FCHBLRHOO01,28,270,2,4,19,1,1,3
2026-04-06,16,FCHBLRHSAF01,16,153,6,15,147,6,12,96
2026-04-06,16,FCHBLRHSR01,10,120,3,10,120,2,10,120
2026-04-06,16,FCHBLRJPN01,25,359,5,12,53,6,15,118
2026-04-06,16,FCHBLRKOR01,29,324,5,17,176,0,0,0
2026-04-06,16,FCHBLRSJR01,35,315,10,32,259,8,22,144
2026-04-06,16,FCHBLRTHA01,11,109,3,11,116,3,11,105
2026-04-06,16,FCHBLRVAR01,17,117,4,17,116,4,16,117
2026-04-06,16,FCHBLRWHF01,41,368,5,39,345,6,38,344
2026-04-06,17,FCHBLRAECS01,29,283,4,17,85,5,12,75
2026-04-06,17,FCHBLRBEN01,26,301,7,27,303,6,22,179
2026-04-06,17,FCHBLRBHO01,20,122,3,20,126,3,18,110
2026-04-06,17,FCHBLRDOD01,21,176,5,20,175,4,21,168
2026-04-06,17,FCHBLRELC01,21,177,4,21,177,4,21,177
2026-04-06,17,FCHBLRHAR01,32,275,5,32,269,5,16,78
2026-04-06,17,FCHBLRHEB01,25,249,5,23,204,6,19,147
2026-04-06,17,FCHBLRHOO01,31,304,3,26,213,3,18,114
2026-04-06,17,FCHBLRHSAF01,20,224,5,19,199,6,10,112
2026-04-06,17,FCHBLRHSR01,34,306,3,31,254,5,31,248
2026-04-06,17,FCHBLRJPN01,38,338,5,22,80,6,28,246
2026-04-06,17,FCHBLRKOR01,46,439,7,37,278,1,1,2
2026-04-06,17,FCHBLRSJR01,46,420,5,38,279,4,7,25
2026-04-06,17,FCHBLRTHA01,11,76,4,11,76,3,11,76
2026-04-06,17,FCHBLRVAR01,18,178,2,16,134,3,16,138
2026-04-06,17,FCHBLRWHF01,27,239,4,30,251,4,32,308
2026-04-06,18,FCHBLRAECS01,23,124,4,20,85,4,14,70
2026-04-06,18,FCHBLRBEN01,31,378,7,30,395,6,21,165
2026-04-06,18,FCHBLRBHO01,23,200,3,22,182,4,21,177
2026-04-06,18,FCHBLRDOD01,31,223,4,31,242,4,32,248
2026-04-06,18,FCHBLRELC01,23,165,3,23,165,3,23,165
2026-04-06,18,FCHBLRHAR01,28,212,4,29,230,3,20,124
2026-04-06,18,FCHBLRHEB01,32,305,5,30,286,5,21,139
2026-04-06,18,FCHBLRHOO01,30,286,4,19,125,4,11,67
2026-04-06,18,FCHBLRHSAF01,11,93,5,10,78,6,10,85
2026-04-06,18,FCHBLRHSR01,35,227,4,38,280,3,36,241
2026-04-06,18,FCHBLRJPN01,31,291,4,23,125,7,34,300
2026-04-06,18,FCHBLRKOR01,39,318,8,26,111,3,2,6
2026-04-06,18,FCHBLRSJR01,51,403,9,47,297,5,15,47
2026-04-06,18,FCHBLRTHA01,16,121,3,16,121,4,16,128
2026-04-06,18,FCHBLRVAR01,21,189,3,24,251,2,23,229
2026-04-06,18,FCHBLRWHF01,29,265,4,26,215,4,26,215
2026-04-06,19,FCHBLRAECS01,31,254,4,16,55,4,10,49
2026-04-06,19,FCHBLRBEN01,33,299,6,34,356,6,23,154
2026-04-06,19,FCHBLRBHO01,21,134,3,21,140,3,20,127
2026-04-06,19,FCHBLRDOD01,23,180,4,25,195,4,24,180
2026-04-06,19,FCHBLRELC01,14,139,3,14,139,3,13,130
2026-04-06,19,FCHBLRHAR01,37,340,6,35,327,6,24,163
2026-04-06,19,FCHBLRHEB01,31,274,5,33,319,5,25,173
2026-04-06,19,FCHBLRHOO01,40,343,3,16,65,3,7,33
2026-04-06,19,FCHBLRHSAF01,18,118,3,18,111,3,12,71
2026-04-06,19,FCHBLRHSR01,34,253,4,32,241,4,31,215
2026-04-06,19,FCHBLRJPN01,45,516,4,17,83,5,22,173
2026-04-06,19,FCHBLRKOR01,44,400,5,13,69,1,1,2
2026-04-06,19,FCHBLRSJR01,59,570,4,35,180,4,4,11
2026-04-06,19,FCHBLRTHA01,17,174,3,16,157,4,16,162
2026-04-06,19,FCHBLRVAR01,23,197,3,23,196,3,21,176
2026-04-06,19,FCHBLRWHF01,35,351,6,36,382,6,36,382
2026-04-06,20,FCHBLRAECS01,27,233,4,9,34,4,7,33
2026-04-06,20,FCHBLRBEN01,36,377,6,33,343,4,23,166
2026-04-06,20,FCHBLRBHO01,23,203,3,21,145,4,20,135
2026-04-06,20,FCHBLRDOD01,16,137,4,15,113,3,16,137
2026-04-06,20,FCHBLRELC01,26,250,3,26,250,4,27,274
2026-04-06,20,FCHBLRHAR01,20,177,5,21,191,5,12,71
2026-04-06,20,FCHBLRHEB01,21,174,3,22,183,4,22,190
2026-04-06,20,FCHBLRHOO01,23,218,1,1,1,1,1,1
2026-04-06,20,FCHBLRHSAF01,24,191,5,23,163,6,17,110
2026-04-06,20,FCHBLRHSR01,25,161,2,25,175,2,26,184
2026-04-06,20,FCHBLRJPN01,35,308,5,26,120,6,20,164
2026-04-06,20,FCHBLRKOR01,53,435,2,9,35,0,0,0
2026-04-06,20,FCHBLRSJR01,53,443,3,32,85,3,4,7
2026-04-06,20,FCHBLRTHA01,13,111,2,14,128,3,14,135
2026-04-06,20,FCHBLRVAR01,19,136,3,18,113,2,18,122
2026-04-06,20,FCHBLRWHF01,25,181,5,27,196,5,27,196
2026-04-06,21,FCHBLRAECS01,18,140,4,9,39,3,5,21
2026-04-06,21,FCHBLRBEN01,21,141,6,25,226,5,15,72
2026-04-06,21,FCHBLRBHO01,17,157,3,20,209,2,19,188
2026-04-06,21,FCHBLRDOD01,19,176,5,19,204,5,17,175
2026-04-06,21,FCHBLRELC01,8,68,4,7,64,3,5,35
2026-04-06,21,FCHBLRHAR01,15,101,3,12,89,3,11,58
2026-04-06,21,FCHBLRHEB01,13,115,3,12,99,4,12,107
2026-04-06,21,FCHBLRHOO01,29,193,3,17,77,2,11,61
2026-04-06,21,FCHBLRHSAF01,16,104,4,18,99,5,9,54
2026-04-06,21,FCHBLRHSR01,24,176,3,23,170,3,21,134
2026-04-06,21,FCHBLRJPN01,10,105,4,16,89,3,17,156
2026-04-06,21,FCHBLRKOR01,29,281,3,3,19,0,0,0
2026-04-06,21,FCHBLRSJR01,27,210,5,17,55,3,4,10
2026-04-06,21,FCHBLRTHA01,6,37,5,6,37,4,6,42
2026-04-06,21,FCHBLRVAR01,19,153,3,19,177,2,19,167
2026-04-06,21,FCHBLRWHF01,27,251,3,25,222,4,25,222
2026-04-06,22,FCHBLRAECS01,12,92,4,8,44,2,6,36
2026-04-06,22,FCHBLRBEN01,8,59,3,9,61,4,8,54
2026-04-06,22,FCHBLRBHO01,9,56,2,8,46,2,6,33
2026-04-06,22,FCHBLRDOD01,12,113,4,13,122,5,14,131
2026-04-06,22,FCHBLRELC01,8,59,4,9,62,5,10,93
2026-04-06,22,FCHBLRHAR01,22,172,5,22,134,4,13,73
2026-04-06,22,FCHBLRHEB01,8,86,3,9,102,3,8,82
2026-04-06,22,FCHBLRHOO01,12,89,3,12,75,3,9,45
2026-04-06,22,FCHBLRHSAF01,2,12,3,2,19,2,2,12
2026-04-06,22,FCHBLRHSR01,23,158,4,23,157,4,22,167
2026-04-06,22,FCHBLRJPN01,15,106,3,14,68,2,14,103
2026-04-06,22,FCHBLRKOR01,13,81,1,3,16,0,0,0
2026-04-06,22,FCHBLRSJR01,29,249,4,20,99,3,5,18
2026-04-06,22,FCHBLRTHA01,7,46,4,7,46,3,7,46
2026-04-06,22,FCHBLRVAR01,11,127,2,12,135,2,12,135
2026-04-06,22,FCHBLRWHF01,12,98,3,15,124,2,15,137
2026-04-06,23,FCHBLRAECS01,6,31,2,3,13,1,2,12
2026-04-06,23,FCHBLRBEN01,1,9,2,1,18,1,1,9
2026-04-06,23,FCHBLRBHO01,9,60,2,10,68,3,11,95
2026-04-06,23,FCHBLRDOD01,4,19,3,3,25,2,3,17
2026-04-06,23,FCHBLRELC01,5,63,3,3,32,2,3,32
2026-04-06,23,FCHBLRHAR01,8,89,3,9,94,1,5,28
2026-04-06,23,FCHBLRHEB01,1,9,1,1,9,1,1,9
2026-04-06,23,FCHBLRHOO01,1,6,0,0,0,0,0,0
2026-04-06,23,FCHBLRHSR01,11,89,4,11,86,3,10,83
2026-04-06,23,FCHBLRJPN01,5,51,3,4,26,3,5,51
2026-04-06,23,FCHBLRKOR01,12,75,1,1,1,0,0,0
2026-04-06,23,FCHBLRSJR01,9,62,5,11,62,2,4,20
2026-04-06,23,FCHBLRTHA01,1,6,1,1,6,1,1,6
2026-04-06,23,FCHBLRWHF01,1,8,1,1,8,1,1,8
2026-04-05,0,FCHBLRAECS01,0,0,1,1,2,1,1,2
2026-04-05,0,FCHBLRBHO01,1,13,0,0,0,0,0,0
2026-04-05,0,FCHBLRELC01,0,0,1,1,5,1,1,5
2026-04-05,6,FCHBLRAECS01,3,16,1,3,16,1,3,16
2026-04-05,6,FCHBLRBEN01,14,159,5,12,138,3,6,61
2026-04-05,6,FCHBLRBHO01,6,47,2,6,47,2,6,47
2026-04-05,6,FCHBLRDOD01,12,129,7,12,142,6,12,131
2026-04-05,6,FCHBLRELC01,2,15,1,2,15,2,2,15
2026-04-05,6,FCHBLRHAR01,2,27,2,2,26,1,1,4
2026-04-05,6,FCHBLRHEB01,6,75,2,6,75,2,5,61
2026-04-05,6,FCHBLRHOO01,9,84,5,9,98,4,7,59
2026-04-05,6,FCHBLRHSAF01,9,77,3,8,67,5,7,62
2026-04-05,6,FCHBLRHSR01,3,17,2,3,17,3,3,21
2026-04-05,6,FCHBLRJPN01,12,145,6,10,91,7,10,125
2026-04-05,6,FCHBLRKOR01,7,105,2,6,84,2,4,26
2026-04-05,6,FCHBLRSJR01,5,46,2,5,42,1,3,27
2026-04-05,6,FCHBLRTHA01,3,56,2,3,56,2,2,14
2026-04-05,6,FCHBLRVAR01,3,34,2,3,34,2,3,34
2026-04-05,7,FCHBLRAECS01,21,321,5,20,295,5,19,277
2026-04-05,7,FCHBLRBEN01,22,184,7,20,170,7,16,106
2026-04-05,7,FCHBLRBHO01,20,263,4,18,242,5,18,247
2026-04-05,7,FCHBLRDOD01,14,141,5,14,143,3,14,141
2026-04-05,7,FCHBLRELC01,17,224,6,17,224,8,17,226
2026-04-05,7,FCHBLRHAR01,22,276,6,18,236,7,14,131
2026-04-05,7,FCHBLRHEB01,32,406,6,31,409,5,32,392
2026-04-05,7,FCHBLRHOO01,29,292,5,26,246,5,13,91
2026-04-05,7,FCHBLRHSAF01,19,245,9,18,238,9,18,218
2026-04-05,7,FCHBLRHSR01,18,222,5,17,216,4,17,189
2026-04-05,7,FCHBLRJPN01,51,659,8,41,383,8,40,445
2026-04-05,7,FCHBLRKOR01,36,425,7,34,446,5,16,106
2026-04-05,7,FCHBLRSJR01,47,566,9,37,397,8,34,360
2026-04-05,7,FCHBLRTHA01,11,108,3,11,108,4,12,159
2026-04-05,7,FCHBLRVAR01,17,210,4,16,227,3,15,169
2026-04-05,7,FCHBLRWHF01,30,307,6,29,291,7,29,303
2026-04-05,8,FCHBLRAECS01,34,399,7,33,410,6,33,419
2026-04-05,8,FCHBLRBEN01,32,443,5,30,378,4,25,267
2026-04-05,8,FCHBLRBHO01,36,427,5,32,361,6,31,363
2026-04-05,8,FCHBLRDOD01,27,278,7,27,326,5,26,275
2026-04-05,8,FCHBLRELC01,26,400,7,23,379,6,23,347
2026-04-05,8,FCHBLRHAR01,39,450,7,40,503,6,37,395
2026-04-05,8,FCHBLRHEB01,51,662,7,50,692,7,49,670
2026-04-05,8,FCHBLRHOO01,56,569,5,50,405,4,16,64
2026-04-05,8,FCHBLRHSAF01,32,355,7,29,329,9,29,290
2026-04-05,8,FCHBLRHSR01,48,478,5,45,449,6,43,397
2026-04-05,8,FCHBLRJPN01,80,914,11,65,643,11,62,681
2026-04-05,8,FCHBLRKOR01,58,701,8,58,842,4,11,55
2026-04-05,8,FCHBLRSJR01,72,872,8,66,741,8,67,730
2026-04-05,8,FCHBLRTHA01,27,375,6,25,350,5,25,319
2026-04-05,8,FCHBLRVAR01,30,364,4,28,337,4,27,318
2026-04-05,8,FCHBLRWHF01,52,557,7,51,555,7,50,548
2026-04-05,9,FCHBLRAECS01,47,507,8,44,483,8,40,442
2026-04-05,9,FCHBLRBEN01,37,384,6,36,487,6,24,253
2026-04-05,9,FCHBLRBHO01,37,366,5,41,426,6,42,437
2026-04-05,9,FCHBLRDOD01,49,533,10,45,473,9,46,462
2026-04-05,9,FCHBLRELC01,32,405,6,32,423,6,28,350
2026-04-05,9,FCHBLRHAR01,70,847,7,63,744,7,53,513
2026-04-05,9,FCHBLRHEB01,60,771,8,52,674,8,50,636
2026-04-05,9,FCHBLRHOO01,58,747,6,44,309,1,2,17
2026-04-05,9,FCHBLRHSAF01,44,517,9,46,519,9,38,365
2026-04-05,9,FCHBLRHSR01,69,697,6,62,659,6,57,500
2026-04-05,9,FCHBLRJPN01,65,822,11,68,662,11,65,717
2026-04-05,9,FCHBLRKOR01,78,857,8,69,770,7,32,186
2026-04-05,9,FCHBLRSJR01,76,986,10,62,660,10,30,245
2026-04-05,9,FCHBLRTHA01,25,278,6,26,348,5,26,334
2026-04-05,9,FCHBLRVAR01,47,554,5,46,553,6,46,524
2026-04-05,9,FCHBLRWHF01,64,699,9,64,712,8,65,730
2026-04-05,10,FCHBLRAECS01,50,469,7,50,437,8,48,425
2026-04-05,10,FCHBLRBEN01,57,673,7,48,643,7,35,306
2026-04-05,10,FCHBLRBHO01,26,306,5,26,323,5,26,332
2026-04-05,10,FCHBLRDOD01,33,366,9,35,387,10,35,407
2026-04-05,10,FCHBLRELC01,32,457,7,31,447,6,24,273
2026-04-05,10,FCHBLRHAR01,43,434,6,44,469,6,44,414
2026-04-05,10,FCHBLRHEB01,38,446,8,42,514,8,42,538
2026-04-05,10,FCHBLRHOO01,65,750,5,51,297,2,11,44
2026-04-05,10,FCHBLRHSAF01,36,327,8,38,392,6,36,330
2026-04-05,10,FCHBLRHSR01,48,501,6,55,599,6,52,386
2026-04-05,10,FCHBLRJPN01,82,912,9,77,745,9,70,692
2026-04-05,10,FCHBLRKOR01,59,553,8,67,671,7,23,102
2026-04-05,10,FCHBLRSJR01,73,814,10,61,532,10,50,464
2026-04-05,10,FCHBLRTHA01,20,208,5,18,206,5,17,188
2026-04-05,10,FCHBLRVAR01,45,434,5,45,455,4,46,454
2026-04-05,10,FCHBLRWHF01,63,711,7,61,654,8,61,694
2026-04-05,11,FCHBLRAECS01,43,409,7,45,451,7,41,403
2026-04-05,11,FCHBLRBEN01,38,387,8,48,580,6,28,186
2026-04-05,11,FCHBLRBHO01,24,200,4,24,197,5,24,215
2026-04-05,11,FCHBLRDOD01,32,333,9,32,376,9,30,323
2026-04-05,11,FCHBLRELC01,35,422,6,38,466,7,31,287
2026-04-05,11,FCHBLRHAR01,63,729,7,55,661,7,53,593
2026-04-05,11,FCHBLRHEB01,28,340,7,26,372,5,24,272
2026-04-05,11,FCHBLRHOO01,40,576,3,32,244,2,2,10
2026-04-05,11,FCHBLRHSAF01,33,458,7,29,400,6,25,296
2026-04-05,11,FCHBLRHSR01,50,508,4,43,441,5,43,422
2026-04-05,11,FCHBLRJPN01,72,757,10,67,521,10,61,536
2026-04-05,11,FCHBLRKOR01,68,660,8,70,695,7,28,120
2026-04-05,11,FCHBLRSJR01,75,728,7,65,471,7,18,109
2026-04-05,11,FCHBLRTHA01,20,147,5,22,157,6,23,167
2026-04-05,11,FCHBLRVAR01,27,231,5,29,284,4,29,278
2026-04-05,11,FCHBLRWHF01,54,670,7,48,611,8,48,615
2026-04-05,12,FCHBLRAECS01,47,495,7,44,427,6,40,345
2026-04-05,12,FCHBLRBEN01,44,514,6,44,521,6,25,146
2026-04-05,12,FCHBLRBHO01,27,353,5,26,309,5,25,299
2026-04-05,12,FCHBLRDOD01,37,391,9,38,485,9,39,452
2026-04-05,12,FCHBLRELC01,30,333,6,28,363,6,26,299
2026-04-05,12,FCHBLRHAR01,41,422,7,53,627,7,50,503
2026-04-05,12,FCHBLRHEB01,31,351,7,37,436,6,38,445
2026-04-05,12,FCHBLRHOO01,43,407,3,25,123,3,3,11
2026-04-05,12,FCHBLRHSAF01,24,272,7,26,297,7,22,228
2026-04-05,12,FCHBLRHSR01,52,406,4,60,523,4,57,457
2026-04-05,12,FCHBLRJPN01,69,781,9,61,517,9,55,533
2026-04-05,12,FCHBLRKOR01,61,615,8,60,632,6,21,95
2026-04-05,12,FCHBLRSJR01,71,858,8,50,363,7,10,38
2026-04-05,12,FCHBLRTHA01,22,263,5,22,263,5,21,254
2026-04-05,12,FCHBLRVAR01,26,373,4,25,378,3,24,347
2026-04-05,12,FCHBLRWHF01,44,485,6,51,605,7,49,599
2026-04-05,13,FCHBLRAECS01,34,426,8,36,390,7,31,333
2026-04-05,13,FCHBLRBEN01,32,395,6,32,532,4,17,113
2026-04-05,13,FCHBLRBHO01,20,226,5,21,279,4,19,251
2026-04-05,13,FCHBLRDOD01,30,317,9,29,336,8,28,312
2026-04-05,13,FCHBLRELC01,20,153,4,21,167,5,22,193
2026-04-05,13,FCHBLRHAR01,31,352,5,27,322,5,27,302
2026-04-05,13,FCHBLRHEB01,20,245,6,20,249,4,19,228
2026-04-05,13,FCHBLRHOO01,23,213,7,27,190,3,3,17
2026-04-05,13,FCHBLRHSAF01,23,212,5,24,220,5,21,210
2026-04-05,13,FCHBLRHSR01,33,310,4,35,315,4,34,281
2026-04-05,13,FCHBLRJPN01,47,621,7,46,308,8,37,432
2026-04-05,13,FCHBLRKOR01,66,721,8,57,610,6,12,67
2026-04-05,13,FCHBLRSJR01,38,489,4,39,232,4,8,46
2026-04-05,13,FCHBLRTHA01,12,180,4,12,180,5,13,208
2026-04-05,13,FCHBLRVAR01,22,209,4,24,236,5,24,242
2026-04-05,13,FCHBLRWHF01,24,204,6,19,161,8,21,188
2026-04-05,14,FCHBLRAECS01,20,141,4,21,172,5,21,154
2026-04-05,14,FCHBLRBEN01,21,251,7,20,225,5,11,94
2026-04-05,14,FCHBLRBHO01,16,180,4,15,172,5,17,218
2026-04-05,14,FCHBLRDOD01,20,247,8,20,238,8,21,248
2026-04-05,14,FCHBLRELC01,15,129,3,14,124,3,15,127
2026-04-05,14,FCHBLRHAR01,19,181,6,25,273,5,25,252
2026-04-05,14,FCHBLRHEB01,29,258,5,30,272,5,31,293
2026-04-05,14,FCHBLRHOO01,24,218,5,24,185,5,14,61
2026-04-05,14,FCHBLRHSAF01,21,229,5,20,168,5,18,119
2026-04-05,14,FCHBLRHSR01,34,340,4,32,337,4,33,330
2026-04-05,14,FCHBLRJPN01,35,386,10,35,222,10,31,291
2026-04-05,14,FCHBLRKOR01,33,334,7,38,387,7,21,158
2026-04-05,14,FCHBLRSJR01,49,451,6,44,321,7,26,170
2026-04-05,14,FCHBLRTHA01,6,90,4,6,90,4,6,90
2026-04-05,14,FCHBLRVAR01,23,289,4,21,284,3,21,285
2026-04-05,14,FCHBLRWHF01,37,337,7,41,385,7,41,389
2026-04-05,15,FCHBLRAECS01,33,336,5,27,265,4,24,202
2026-04-05,15,FCHBLRBEN01,24,254,8,25,314,7,21,224
2026-04-05,15,FCHBLRBHO01,14,174,4,14,155,3,14,155
2026-04-05,15,FCHBLRDOD01,19,233,10,19,278,9,19,254
2026-04-05,15,FCHBLRELC01,16,135,5,17,136,5,14,121
2026-04-05,15,FCHBLRHAR01,18,265,6,18,264,4,17,260
2026-04-05,15,FCHBLRHEB01,15,142,6,14,139,5,13,129
2026-04-05,15,FCHBLRHOO01,26,263,5,13,92,3,4,16
2026-04-05,15,FCHBLRHSAF01,12,107,4,9,120,2,8,77
2026-04-05,15,FCHBLRHSR01,37,378,2,33,343,2,33,343
2026-04-05,15,FCHBLRJPN01,39,360,9,31,245,8,38,380
2026-04-05,15,FCHBLRKOR01,40,420,6,32,362,4,8,56
2026-04-05,15,FCHBLRSJR01,40,451,7,33,299,6,18,127
2026-04-05,15,FCHBLRTHA01,6,90,3,6,90,5,6,94
2026-04-05,15,FCHBLRVAR01,9,105,3,9,105,4,9,116
2026-04-05,15,FCHBLRWHF01,29,333,9,28,318,9,26,267
2026-04-05,16,FCHBLRAECS01,28,308,6,34,331,7,23,160
2026-04-05,16,FCHBLRBEN01,29,322,6,28,342,6,23,258
2026-04-05,16,FCHBLRBHO01,23,295,4,23,358,4,23,306
2026-04-05,16,FCHBLRDOD01,12,180,4,12,176,4,11,149
2026-04-05,16,FCHBLRELC01,12,125,4,11,119,4,12,128
2026-04-05,16,FCHBLRHAR01,38,378,6,26,250,6,21,219
2026-04-05,16,FCHBLRHEB01,32,301,7,28,238,8,16,119
2026-04-05,16,FCHBLRHOO01,34,371,4,10,38,1,2,5
2026-04-05,16,FCHBLRHSAF01,21,211,7,26,251,7,19,163
2026-04-05,16,FCHBLRHSR01,27,203,4,32,245,3,31,232
2026-04-05,16,FCHBLRJPN01,35,404,6,21,150,10,24,225
2026-04-05,16,FCHBLRKOR01,51,493,6,15,70,1,1,2
2026-04-05,16,FCHBLRSJR01,46,497,7,37,306,5,26,177
2026-04-05,16,FCHBLRTHA01,14,111,5,14,111,5,14,111
2026-04-05,16,FCHBLRVAR01,24,255,6,23,228,8,22,167
2026-04-05,16,FCHBLRWHF01,27,253,5,28,268,5,30,321
2026-04-05,17,FCHBLRAECS01,24,226,6,21,194,6,15,115
2026-04-05,17,FCHBLRBEN01,28,296,6,27,304,5,18,114
2026-04-05,17,FCHBLRBHO01,21,230,2,18,231,1,18,224
2026-04-05,17,FCHBLRDOD01,22,200,3,22,217,3,23,239
2026-04-05,17,FCHBLRELC01,11,113,5,12,118,5,11,117
2026-04-05,17,FCHBLRHAR01,21,179,5,30,316,4,15,138
2026-04-05,17,FCHBLRHEB01,26,273,5,27,280,5,18,124
2026-04-05,17,FCHBLRHOO01,35,402,5,19,87,3,6,33
2026-04-05,17,FCHBLRHSAF01,17,161,3,13,79,3,11,88
2026-04-05,17,FCHBLRHSR01,39,337,2,38,333,3,37,292
2026-04-05,17,FCHBLRJPN01,47,608,4,25,192,7,38,408
2026-04-05,17,FCHBLRKOR01,53,615,4,8,30,1,1,4
2026-04-05,17,FCHBLRSJR01,44,481,8,49,437,7,14,118
2026-04-05,17,FCHBLRTHA01,10,89,5,9,86,4,9,86
2026-04-05,17,FCHBLRVAR01,17,149,4,15,146,4,15,159
2026-04-05,17,FCHBLRWHF01,37,518,5,35,476,7,34,474
2026-04-05,18,FCHBLRAECS01,23,266,5,19,155,5,13,103
2026-04-05,18,FCHBLRBEN01,37,454,5,34,509,7,27,241
2026-04-05,18,FCHBLRBHO01,24,214,3,25,249,2,23,206
2026-04-05,18,FCHBLRDOD01,21,245,3,20,240,4,20,239
2026-04-05,18,FCHBLRELC01,22,214,3,20,197,4,20,260
2026-04-05,18,FCHBLRHAR01,27,266,6,28,298,4,15,128
2026-04-05,18,FCHBLRHEB01,24,241,3,21,184,4,18,126
2026-04-05,18,FCHBLRHOO01,41,456,4,10,41,2,2,7
2026-04-05,18,FCHBLRHSAF01,21,190,6,19,116,6,10,50
2026-04-05,18,FCHBLRHSR01,35,320,3,35,361,2,32,263
2026-04-05,18,FCHBLRJPN01,48,531,7,32,179,7,33,277
2026-04-05,18,FCHBLRKOR01,50,494,1,10,24,0,0,0
2026-04-05,18,FCHBLRSJR01,50,602,7,37,354,5,6,44
2026-04-05,18,FCHBLRTHA01,15,131,3,16,134,4,16,134
2026-04-05,18,FCHBLRVAR01,23,241,3,25,269,3,25,269
2026-04-05,18,FCHBLRWHF01,43,479,5,42,459,7,41,450
2026-04-05,19,FCHBLRAECS01,31,344,3,24,147,4,20,115
2026-04-05,19,FCHBLRBEN01,38,394,5,43,486,4,26,178
2026-04-05,19,FCHBLRBHO01,30,311,3,26,239,3,26,233
2026-04-05,19,FCHBLRDOD01,32,376,6,30,366,6,29,362
2026-04-05,19,FCHBLRELC01,19,227,4,19,292,3,19,244
2026-04-05,19,FCHBLRHAR01,32,400,6,26,251,4,9,41
2026-04-05,19,FCHBLRHEB01,17,126,4,20,182,2,16,122
2026-04-05,19,FCHBLRHOO01,36,439,1,4,6,0,0,0
2026-04-05,19,FCHBLRHSAF01,18,157,7,19,158,6,13,92
2026-04-05,19,FCHBLRHSR01,38,350,3,34,309,4,34,234
2026-04-05,19,FCHBLRJPN01,49,522,7,18,115,6,17,131
2026-04-05,19,FCHBLRKOR01,56,620,2,6,13,1,1,7
2026-04-05,19,FCHBLRSJR01,67,607,7,45,275,6,13,56
2026-04-05,19,FCHBLRTHA01,15,157,5,15,157,4,15,157
2026-04-05,19,FCHBLRVAR01,24,227,3,21,191,4,21,184
2026-04-05,19,FCHBLRWHF01,39,365,3,38,408,3,39,429
2026-04-05,20,FCHBLRAECS01,25,216,3,20,142,3,16,107
2026-04-05,20,FCHBLRBEN01,26,283,6,26,321,6,20,142
2026-04-05,20,FCHBLRBHO01,18,173,3,19,161,2,17,137
2026-04-05,20,FCHBLRDOD01,31,304,7,30,308,6,30,262
2026-04-05,20,FCHBLRELC01,18,171,4,18,183,4,18,190
2026-04-05,20,FCHBLRHAR01,23,224,3,17,113,2,6,39
2026-04-05,20,FCHBLRHEB01,22,229,5,19,175,5,17,96
2026-04-05,20,FCHBLRHOO01,30,293,2,5,15,1,1,2
2026-04-05,20,FCHBLRHSAF01,18,117,4,17,107,4,13,89
2026-04-05,20,FCHBLRHSR01,30,173,2,32,200,4,32,217
2026-04-05,20,FCHBLRJPN01,38,392,3,25,98,3,12,67
2026-04-05,20,FCHBLRKOR01,31,383,1,5,8,0,0,0
2026-04-05,20,FCHBLRSJR01,36,344,5,51,279,3,6,21
2026-04-05,20,FCHBLRTHA01,8,111,3,8,111,3,8,111
2026-04-05,20,FCHBLRVAR01,11,165,3,13,195,4,13,178
2026-04-05,20,FCHBLRWHF01,37,397,3,39,378,4,40,402
2026-04-05,21,FCHBLRAECS01,15,87,4,15,95,3,14,85
2026-04-05,21,FCHBLRBEN01,16,140,4,16,139,4,14,89
2026-04-05,21,FCHBLRBHO01,15,150,3,16,217,3,16,193
2026-04-05,21,FCHBLRDOD01,17,204,7,21,277,7,20,252
2026-04-05,21,FCHBLRELC01,10,88,3,10,88,3,10,88
2026-04-05,21,FCHBLRHAR01,25,308,3,11,28,2,3,15
2026-04-05,21,FCHBLRHEB01,12,117,3,13,140,3,5,21
2026-04-05,21,FCHBLRHOO01,11,116,2,4,7,1,1,3
2026-04-05,21,FCHBLRHSAF01,11,73,3,10,54,3,9,60
2026-04-05,21,FCHBLRHSR01,16,92,3,19,132,2,19,120
2026-04-05,21,FCHBLRJPN01,29,268,3,11,35,4,9,52
2026-04-05,21,FCHBLRKOR01,24,244,2,5,9,1,4,8
2026-04-05,21,FCHBLRSJR01,29,273,6,29,185,6,14,84
2026-04-05,21,FCHBLRTHA01,9,68,3,9,68,4,9,66
2026-04-05,21,FCHBLRVAR01,17,186,3,17,181,4,16,175
2026-04-05,21,FCHBLRWHF01,24,218,4,26,256,4,26,256
2026-04-05,22,FCHBLRAECS01,11,92,4,10,63,3,6,42
2026-04-05,22,FCHBLRBEN01,11,112,3,10,105,3,9,72
2026-04-05,22,FCHBLRBHO01,2,14,1,3,21,1,3,21
2026-04-05,22,FCHBLRDOD01,7,70,3,8,92,2,8,83
2026-04-05,22,FCHBLRELC01,7,35,3,7,35,4,7,49
2026-04-05,22,FCHBLRHAR01,9,93,2,4,13,2,2,10
2026-04-05,22,FCHBLRHEB01,7,54,2,9,73,2,7,46
2026-04-05,22,FCHBLRHOO01,7,52,1,4,24,2,4,21
2026-04-05,22,FCHBLRHSAF01,2,10,2,3,24,2,4,20
2026-04-05,22,FCHBLRHSR01,14,115,1,13,106,1,13,106
2026-04-05,22,FCHBLRJPN01,18,154,4,13,46,3,12,119
2026-04-05,22,FCHBLRKOR01,23,192,2,8,32,0,0,0
2026-04-05,22,FCHBLRSJR01,21,202,5,22,131,3,8,37
2026-04-05,22,FCHBLRTHA01,1,22,1,1,22,1,1,22
2026-04-05,22,FCHBLRVAR01,8,56,3,9,67,3,10,71
2026-04-05,22,FCHBLRWHF01,6,52,3,6,52,3,6,52
2026-04-05,23,FCHBLRAECS01,5,38,1,1,1,0,0,0
2026-04-05,23,FCHBLRBEN01,3,32,3,4,39,3,3,13
2026-04-05,23,FCHBLRBHO01,3,48,3,3,54,2,3,48
2026-04-05,23,FCHBLRDOD01,9,124,3,9,122,3,8,118
2026-04-05,23,FCHBLRELC01,2,22,2,2,22,3,2,30
2026-04-05,23,FCHBLRHAR01,2,11,2,2,17,1,2,11
2026-04-05,23,FCHBLRHEB01,5,42,2,5,39,3,4,22
2026-04-05,23,FCHBLRHOO01,3,30,2,2,3,1,1,2
2026-04-05,23,FCHBLRHSAF01,2,13,1,1,7,1,1,7
2026-04-05,23,FCHBLRHSR01,6,34,2,7,43,2,7,43
2026-04-05,23,FCHBLRJPN01,6,38,3,8,43,3,8,60
2026-04-05,23,FCHBLRKOR01,12,59,4,4,30,1,1,4
2026-04-05,23,FCHBLRSJR01,6,34,3,4,14,2,2,8
2026-04-05,23,FCHBLRTHA01,1,1,1,1,1,1,1,1
2026-04-05,23,FCHBLRVAR01,3,30,2,3,30,2,3,30
2026-04-05,23,FCHBLRWHF01,9,58,3,8,57,3,8,57
2026-04-04,0,FCHBLRDOD01,0,0,1,1,9,1,1,9
2026-04-04,0,FCHBLRKOR01,1,-1,0,0,0,0,0,0
2026-04-04,0,FCHBLRSJR01,0,0,1,1,14,0,0,0
2026-04-04,5,FCHBLRSJR01,1,1,0,0,0,0,0,0
2026-04-04,6,FCHBLRAECS01,8,103,4,8,103,3,7,93
2026-04-04,6,FCHBLRBEN01,6,49,4,6,49,4,6,49
2026-04-04,6,FCHBLRBHO01,5,37,2,4,20,3,4,23
2026-04-04,6,FCHBLRDOD01,2,12,1,2,12,2,2,12
2026-04-04,6,FCHBLRELC01,6,87,2,6,87,2,6,87
2026-04-04,6,FCHBLRHAR01,5,42,5,5,56,3,4,33
2026-04-04,6,FCHBLRHEB01,5,28,3,5,28,2,5,28
2026-04-04,6,FCHBLRHOO01,16,137,6,15,126,5,11,83
2026-04-04,6,FCHBLRHSAF01,5,71,2,4,53,3,4,55
2026-04-04,6,FCHBLRHSR01,9,90,2,9,90,3,9,90
2026-04-04,6,FCHBLRJPN01,16,185,5,15,167,4,15,167
2026-04-04,6,FCHBLRKOR01,10,101,3,10,101,4,10,111
2026-04-04,6,FCHBLRSJR01,11,193,6,10,163,5,10,154
2026-04-04,6,FCHBLRTHA01,1,7,1,1,7,1,1,7
2026-04-04,6,FCHBLRVAR01,6,32,4,6,32,4,6,32
2026-04-04,6,FCHBLRWHF01,20,224,4,18,188,3,18,188
2026-04-04,7,FCHBLRAECS01,26,320,6,23,295,6,21,257
2026-04-04,7,FCHBLRBEN01,21,228,5,18,170,4,19,181
2026-04-04,7,FCHBLRBHO01,28,315,6,27,333,5,27,300
2026-04-04,7,FCHBLRDOD01,17,227,4,16,197,4,16,197
2026-04-04,7,FCHBLRELC01,17,186,6,15,167,6,14,163
2026-04-04,7,FCHBLRHAR01,27,224,4,25,219,4,25,193
2026-04-04,7,FCHBLRHEB01,36,346,9,36,359,7,35,338
2026-04-04,7,FCHBLRHOO01,40,402,6,38,295,3,7,30
2026-04-04,7,FCHBLRHSAF01,26,263,7,24,260,6,21,216
2026-04-04,7,FCHBLRHSR01,37,308,4,34,296,3,33,257
2026-04-04,7,FCHBLRJPN01,48,416,8,44,315,9,43,385
2026-04-04,7,FCHBLRKOR01,49,582,8,46,554,7,24,122
2026-04-04,7,FCHBLRSJR01,53,567,8,45,537,9,40,372
2026-04-04,7,FCHBLRTHA01,16,130,4,14,119,3,14,119
2026-04-04,7,FCHBLRVAR01,33,285,5,31,278,6,31,284
2026-04-04,7,FCHBLRWHF01,38,395,7,38,416,8,37,423
2026-04-04,8,FCHBLRAECS01,34,379,6,35,405,7,37,446
2026-04-04,8,FCHBLRBEN01,43,597,8,38,588,6,17,185
2026-04-04,8,FCHBLRBHO01,37,440,5,37,440,6,37,446
2026-04-04,8,FCHBLRDOD01,28,265,6,29,325,6,29,295
2026-04-04,8,FCHBLRELC01,38,385,7,40,432,8,40,365
2026-04-04,8,FCHBLRHAR01,54,638,4,50,605,4,50,586
2026-04-04,8,FCHBLRHEB01,59,547,8,53,486,8,52,480
2026-04-04,8,FCHBLRHOO01,76,859,7,57,447,3,4,20
2026-04-04,8,FCHBLRHSAF01,48,528,6,42,441,6,44,459
2026-04-04,8,FCHBLRHSR01,46,434,5,46,449,4,43,376
2026-04-04,8,FCHBLRJPN01,78,886,9,68,656,9,64,663
2026-04-04,8,FCHBLRKOR01,72,779,9,68,819,7,23,122
2026-04-04,8,FCHBLRSJR01,77,914,13,75,871,14,69,856
2026-04-04,8,FCHBLRTHA01,31,290,5,31,289,6,29,261
2026-04-04,8,FCHBLRVAR01,43,546,5,43,597,6,43,540
2026-04-04,8,FCHBLRWHF01,83,1074,7,74,926,8,73,917
2026-04-04,9,FCHBLRAECS01,43,426,8,39,378,7,35,299
2026-04-04,9,FCHBLRBEN01,49,524,9,47,467,6,16,143
2026-04-04,9,FCHBLRBHO01,47,511,7,41,462,8,40,396
2026-04-04,9,FCHBLRDOD01,39,535,8,31,525,6,30,406
2026-04-04,9,FCHBLRELC01,37,569,7,27,373,7,18,149
2026-04-04,9,FCHBLRHAR01,63,659,5,49,506,4,40,380
2026-04-04,9,FCHBLRHEB01,34,395,7,28,320,6,27,267
2026-04-04,9,FCHBLRHOO01,76,908,7,46,326,2,3,5
2026-04-04,9,FCHBLRHSAF01,48,575,6,32,306,5,20,164
2026-04-04,9,FCHBLRHSR01,50,483,6,40,396,6,37,282
2026-04-04,9,FCHBLRJPN01,85,943,9,57,488,9,44,476
2026-04-04,9,FCHBLRKOR01,77,809,9,69,845,5,12,44
2026-04-04,9,FCHBLRSJR01,89,1147,13,59,858,11,47,551
2026-04-04,9,FCHBLRTHA01,34,433,7,27,385,5,27,337
2026-04-04,9,FCHBLRVAR01,43,459,7,37,426,7,34,388
2026-04-04,9,FCHBLRWHF01,54,613,7,53,673,8,52,634
2026-04-04,10,FCHBLRAECS01,42,476,7,41,459,7,38,415
2026-04-04,10,FCHBLRBEN01,52,681,7,49,715,5,16,134
2026-04-04,10,FCHBLRBHO01,32,347,6,36,427,8,33,297
2026-04-04,10,FCHBLRDOD01,31,413,8,35,493,6,35,467
2026-04-04,10,FCHBLRELC01,30,336,6,40,510,4,9,61
2026-04-04,10,FCHBLRHAR01,40,547,6,45,490,5,37,345
2026-04-04,10,FCHBLRHEB01,37,372,8,43,461,7,34,337
2026-04-04,10,FCHBLRHOO01,40,509,3,36,250,0,1,9
2026-04-04,10,FCHBLRHSAF01,41,457,6,38,422,6,20,128
2026-04-04,10,FCHBLRHSR01,53,462,6,57,525,7,53,408
2026-04-04,10,FCHBLRJPN01,37,391,10,51,431,9,46,395
2026-04-04,10,FCHBLRKOR01,63,743,9,66,766,5,9,40
2026-04-04,10,FCHBLRSJR01,41,481,9,57,436,4,6,18
2026-04-04,10,FCHBLRTHA01,31,345,7,39,444,8,40,471
2026-04-04,10,FCHBLRVAR01,43,455,6,49,524,6,45,442
2026-04-04,10,FCHBLRWHF01,41,448,8,45,485,7,48,535
2026-04-04,11,FCHBLRAECS01,33,331,5,34,353,6,34,343
2026-04-04,11,FCHBLRBEN01,51,563,7,49,634,6,22,130
2026-04-04,11,FCHBLRBHO01,24,244,4,24,260,6,26,381
2026-04-04,11,FCHBLRDOD01,29,428,7,29,430,7,30,401
2026-04-04,11,FCHBLRELC01,26,332,6,21,282,5,16,201
2026-04-04,11,FCHBLRHAR01,42,473,6,46,620,5,43,549
2026-04-04,11,FCHBLRHEB01,35,420,7,37,425,5,32,376
2026-04-04,11,FCHBLRHOO01,33,389,5,29,256,2,3,16
2026-04-04,11,FCHBLRHSAF01,31,351,4,39,453,4,19,124
2026-04-04,11,FCHBLRHSR01,42,469,5,49,600,6,50,547
2026-04-04,11,FCHBLRJPN01,42,411,10,43,408,10,40,370
2026-04-04,11,FCHBLRKOR01,69,686,8,73,891,3,6,27
2026-04-04,11,FCHBLRSJR01,36,449,9,33,415,7,23,240
2026-04-04,11,FCHBLRTHA01,21,182,4,20,172,5,20,185
2026-04-04,11,FCHBLRVAR01,37,441,7,36,448,7,36,455
2026-04-04,11,FCHBLRWHF01,50,578,7,52,598,7,52,598
2026-04-04,12,FCHBLRAECS01,27,331,5,24,292,5,22,256
2026-04-04,12,FCHBLRBEN01,38,350,6,44,478,6,12,67
2026-04-04,12,FCHBLRBHO01,22,186,4,20,137,5,21,158
2026-04-04,12,FCHBLRDOD01,23,281,6,27,425,6,27,401
2026-04-04,12,FCHBLRELC01,26,364,6,23,299,5,20,234
2026-04-04,12,FCHBLRHAR01,36,442,5,41,580,5,39,425
2026-04-04,12,FCHBLRHEB01,32,366,7,29,314,6,30,290
2026-04-04,12,FCHBLRHOO01,43,623,5,37,252,0,0,0
2026-04-04,12,FCHBLRHSAF01,29,349,6,28,309,5,22,208
2026-04-04,12,FCHBLRHSR01,28,216,5,31,269,4,32,284
2026-04-04,12,FCHBLRJPN01,59,795,8,49,646,8,46,590
2026-04-04,12,FCHBLRKOR01,46,434,8,42,382,4,6,19
2026-04-04,12,FCHBLRSJR01,64,604,9,56,473,8,50,555
2026-04-04,12,FCHBLRTHA01,21,195,4,21,195,4,22,199
2026-04-04,12,FCHBLRVAR01,27,322,6,28,341,5,28,331
2026-04-04,12,FCHBLRWHF01,50,436,5,49,446,5,49,446
2026-04-04,13,FCHBLRAECS01,29,246,7,31,293,6,30,275
2026-04-04,13,FCHBLRBEN01,33,306,6,33,302,5,25,181
2026-04-04,13,FCHBLRBHO01,22,265,5,25,316,7,25,294
2026-04-04,13,FCHBLRDOD01,25,277,5,25,308,4,24,249
2026-04-04,13,FCHBLRELC01,19,191,5,23,257,5,17,174
2026-04-04,13,FCHBLRHAR01,22,232,5,21,192,4,22,188
2026-04-04,13,FCHBLRHEB01,27,289,6,27,336,6,26,318
2026-04-04,13,FCHBLRHOO01,37,487,2,23,179,0,0,0
2026-04-04,13,FCHBLRHSAF01,21,195,5,22,223,6,19,179
2026-04-04,13,FCHBLRHSR01,32,266,5,32,266,6,31,270
2026-04-04,13,FCHBLRJPN01,41,527,9,48,560,8,48,585
2026-04-04,13,FCHBLRKOR01,55,601,7,55,642,5,9,34
2026-04-04,13,FCHBLRSJR01,51,560,10,45,329,10,46,429
2026-04-04,13,FCHBLRTHA01,14,187,5,14,187,4,14,187
2026-04-04,13,FCHBLRVAR01,19,281,4,20,292,4,21,298
2026-04-04,13,FCHBLRWHF01,43,508,6,44,536,6,44,542
2026-04-04,14,FCHBLRAECS01,21,216,6,22,221,4,21,216
2026-04-04,14,FCHBLRBEN01,25,187,6,24,173,6,19,123
2026-04-04,14,FCHBLRBHO01,21,270,5,19,219,6,19,240
2026-04-04,14,FCHBLRDOD01,13,145,3,13,145,3,14,173
2026-04-04,14,FCHBLRELC01,21,213,6,20,186,3,18,147
2026-04-04,14,FCHBLRHAR01,28,338,5,30,393,5,29,362
2026-04-04,14,FCHBLRHEB01,19,188,5,21,217,7,20,220
2026-04-04,14,FCHBLRHOO01,28,296,3,20,139,1,1,4
2026-04-04,14,FCHBLRHSAF01,13,148,4,14,174,4,14,151
2026-04-04,14,FCHBLRHSR01,30,261,6,30,298,6,29,254
2026-04-04,14,FCHBLRJPN01,40,421,7,38,289,7,37,358
2026-04-04,14,FCHBLRKOR01,34,393,8,36,414,5,7,19
2026-04-04,14,FCHBLRSJR01,45,465,7,49,403,8,52,490
2026-04-04,14,FCHBLRTHA01,14,157,3,14,157,4,14,157
2026-04-04,14,FCHBLRVAR01,16,230,2,14,187,3,14,193
2026-04-04,14,FCHBLRWHF01,23,185,5,24,220,7,25,229
2026-04-04,15,FCHBLRAECS01,25,260,6,24,240,6,23,224
2026-04-04,15,FCHBLRBEN01,19,237,5,19,264,6,15,157
2026-04-04,15,FCHBLRBHO01,15,159,6,16,201,6,14,151
2026-04-04,15,FCHBLRDOD01,13,110,6,13,135,7,13,111
2026-04-04,15,FCHBLRELC01,13,211,5,13,238,7,13,154
2026-04-04,15,FCHBLRHAR01,29,327,5,31,342,5,30,316
2026-04-04,15,FCHBLRHEB01,18,195,6,15,133,5,16,144
2026-04-04,15,FCHBLRHOO01,30,267,5,15,80,1,1,2
2026-04-04,15,FCHBLRHSAF01,15,160,6,16,184,6,14,164
2026-04-04,15,FCHBLRHSR01,32,320,5,32,320,5,33,334
2026-04-04,15,FCHBLRJPN01,44,528,7,26,182,7,30,375
2026-04-04,15,FCHBLRKOR01,35,341,6,27,254,1,4,17
2026-04-04,15,FCHBLRSJR01,35,424,11,33,374,8,29,374
2026-04-04,15,FCHBLRTHA01,13,154,5,11,105,5,11,105
2026-04-04,15,FCHBLRVAR01,13,126,4,15,168,4,15,175
2026-04-04,15,FCHBLRWHF01,29,307,6,29,307,6,29,311
2026-04-04,16,FCHBLRAECS01,19,206,5,16,142,4,13,121
2026-04-04,16,FCHBLRBEN01,21,270,3,18,192,4,19,197
2026-04-04,16,FCHBLRBHO01,24,241,6,25,253,5,24,277
2026-04-04,16,FCHBLRDOD01,25,278,5,23,247,5,23,254
2026-04-04,16,FCHBLRELC01,18,154,4,19,170,6,19,186
2026-04-04,16,FCHBLRHAR01,30,309,6,29,374,6,28,306
2026-04-04,16,FCHBLRHEB01,22,284,8,23,319,7,17,202
2026-04-04,16,FCHBLRHOO01,45,505,3,12,43,2,2,5
2026-04-04,16,FCHBLRHSAF01,20,233,4,19,213,5,17,206
2026-04-04,16,FCHBLRHSR01,24,169,5,23,163,4,23,163
2026-04-04,16,FCHBLRJPN01,40,407,7,37,217,6,47,494
2026-04-04,16,FCHBLRKOR01,45,551,3,16,111,2,2,11
2026-04-04,16,FCHBLRSJR01,38,391,7,30,374,8,27,281
2026-04-04,16,FCHBLRTHA01,11,126,5,13,175,6,13,175
2026-04-04,16,FCHBLRVAR01,19,232,5,19,226,5,17,153
2026-04-04,16,FCHBLRWHF01,26,294,4,23,238,5,21,226
2026-04-04,17,FCHBLRAECS01,31,309,4,30,322,4,21,166
2026-04-04,17,FCHBLRBEN01,17,162,5,20,249,4,18,175
2026-04-04,17,FCHBLRBHO01,21,186,5,20,201,4,18,152
2026-04-04,17,FCHBLRDOD01,25,338,8,25,384,6,25,349
2026-04-04,17,FCHBLRELC01,22,300,4,22,300,6,21,297
2026-04-04,17,FCHBLRHAR01,32,292,7,32,273,7,32,282
2026-04-04,17,FCHBLRHEB01,28,267,6,28,243,5,22,195
2026-04-04,17,FCHBLRHOO01,36,326,3,18,79,2,5,18
2026-04-04,17,FCHBLRHSAF01,24,255,4,24,225,4,25,237
2026-04-04,17,FCHBLRHSR01,30,278,5,30,259,5,29,245
2026-04-04,17,FCHBLRJPN01,34,424,5,22,143,5,31,384
2026-04-04,17,FCHBLRKOR01,43,471,1,1,5,0,0,0
2026-04-04,17,FCHBLRSJR01,46,580,9,43,572,9,40,491
2026-04-04,17,FCHBLRTHA01,11,79,3,11,79,3,11,79
2026-04-04,17,FCHBLRVAR01,12,122,2,12,122,2,12,122
2026-04-04,17,FCHBLRWHF01,32,246,6,34,303,6,36,334
2026-04-04,18,FCHBLRAECS01,20,227,6,19,174,5,12,80
2026-04-04,18,FCHBLRBEN01,26,248,4,25,250,3,23,219
2026-04-04,18,FCHBLRBHO01,14,128,3,15,135,3,15,172
2026-04-04,18,FCHBLRDOD01,23,218,6,22,227,6,22,227
2026-04-04,18,FCHBLRELC01,19,279,6,18,300,5,17,256
2026-04-04,18,FCHBLRHAR01,30,304,5,28,308,4,26,247
2026-04-04,18,FCHBLRHEB01,24,156,5,24,188,5,18,119
2026-04-04,18,FCHBLRHOO01,31,330,1,4,8,0,0,0
2026-04-04,18,FCHBLRHSAF01,21,205,5,21,200,4,18,158
2026-04-04,18,FCHBLRHSR01,30,229,4,29,234,5,28,233
2026-04-04,18,FCHBLRJPN01,35,410,6,24,152,7,35,350
2026-04-04,18,FCHBLRKOR01,33,297,4,15,76,0,0,0
2026-04-04,18,FCHBLRSJR01,43,466,8,36,429,7,18,126
2026-04-04,18,FCHBLRTHA01,11,104,4,11,104,4,11,104
2026-04-04,18,FCHBLRVAR01,18,160,3,18,163,2,18,160
2026-04-04,18,FCHBLRWHF01,29,251,5,29,261,6,29,292
2026-04-04,19,FCHBLRAECS01,27,307,4,25,176,5,18,119
2026-04-04,19,FCHBLRBEN01,30,328,4,28,326,5,26,219
2026-04-04,19,FCHBLRBHO01,15,118,3,15,116,2,13,101
2026-04-04,19,FCHBLRDOD01,23,207,5,25,222,4,25,216
2026-04-04,19,FCHBLRELC01,24,236,5,23,228,7,24,249
2026-04-04,19,FCHBLRHAR01,21,175,4,22,187,3,23,186
2026-04-04,19,FCHBLRHEB01,14,158,5,15,167,4,8,70
2026-04-04,19,FCHBLRHOO01,36,358,1,3,9,0,0,0
2026-04-04,19,FCHBLRHSAF01,17,191,4,16,122,4,13,107
2026-04-04,19,FCHBLRHSR01,25,228,5,27,261,4,28,256
2026-04-04,19,FCHBLRJPN01,41,441,4,35,201,6,38,470
2026-04-04,19,FCHBLRKOR01,30,268,2,16,54,1,2,3
2026-04-04,19,FCHBLRSJR01,48,467,7,52,415,6,19,132
2026-04-04,19,FCHBLRTHA01,25,252,6,24,247,5,24,247
2026-04-04,19,FCHBLRVAR01,13,136,2,12,137,3,12,136
2026-04-04,19,FCHBLRWHF01,34,237,4,34,236,5,33,240
2026-04-04,20,FCHBLRAECS01,17,148,3,14,123,2,10,59
2026-04-04,20,FCHBLRBEN01,27,295,5,27,292,6,23,231
2026-04-04,20,FCHBLRBHO01,15,118,3,13,92,2,13,97
2026-04-04,20,FCHBLRDOD01,12,82,4,13,106,3,13,97
2026-04-04,20,FCHBLRELC01,16,163,5,17,189,4,17,181
2026-04-04,20,FCHBLRHAR01,26,196,4,27,222,4,27,233
2026-04-04,20,FCHBLRHEB01,9,73,4,9,71,4,6,48
2026-04-04,20,FCHBLRHOO01,32,271,2,4,12,1,1,5
2026-04-04,20,FCHBLRHSAF01,14,132,4,14,70,5,8,46
2026-04-04,20,FCHBLRHSR01,29,243,5,26,246,5,25,215
2026-04-04,20,FCHBLRJPN01,33,303,6,25,158,6,38,390
2026-04-04,20,FCHBLRKOR01,26,237,3,11,23,2,4,6
2026-04-04,20,FCHBLRSJR01,26,227,6,27,170,5,7,43
2026-04-04,20,FCHBLRTHA01,8,85,3,9,90,4,9,99
2026-04-04,20,FCHBLRVAR01,11,129,2,11,129,3,11,138
2026-04-04,20,FCHBLRWHF01,25,181,2,26,186,3,27,192
2026-04-04,21,FCHBLRAECS01,13,132,2,9,60,3,9,64
2026-04-04,21,FCHBLRBEN01,18,150,5,19,180,5,19,176
2026-04-04,21,FCHBLRBHO01,15,176,4,16,251,3,16,141
2026-04-04,21,FCHBLRDOD01,14,165,5,12,156,5,12,156
2026-04-04,21,FCHBLRELC01,10,82,4,11,86,5,11,93
2026-04-04,21,FCHBLRHAR01,18,138,3,17,141,4,16,143
2026-04-04,21,FCHBLRHEB01,13,74,4,13,72,4,11,59
2026-04-04,21,FCHBLRHOO01,15,115,1,2,2,0,0,0
2026-04-04,21,FCHBLRHSAF01,7,58,4,7,52,3,4,15
2026-04-04,21,FCHBLRHSR01,18,157,4,20,190,4,21,197
2026-04-04,21,FCHBLRJPN01,20,193,3,15,107,3,20,180
2026-04-04,21,FCHBLRKOR01,26,200,2,4,16,0,0,0
2026-04-04,21,FCHBLRSJR01,23,205,5,20,134,4,12,77
2026-04-04,21,FCHBLRTHA01,10,77,4,9,75,5,8,66
2026-04-04,21,FCHBLRVAR01,8,88,2,8,88,2,8,88
2026-04-04,21,FCHBLRWHF01,19,174,2,19,174,3,19,186
2026-04-04,22,FCHBLRAECS01,9,85,2,8,69,1,2,10
2026-04-04,22,FCHBLRBEN01,7,64,3,7,64,3,7,64
2026-04-04,22,FCHBLRBHO01,6,35,3,7,54,2,6,41
2026-04-04,22,FCHBLRDOD01,9,105,4,10,124,3,10,114
2026-04-04,22,FCHBLRELC01,2,15,1,1,5,1,1,5
2026-04-04,22,FCHBLRHAR01,10,49,2,8,51,3,9,59
2026-04-04,22,FCHBLRHEB01,5,29,5,5,32,3,3,22
2026-04-04,22,FCHBLRHOO01,6,29,1,1,3,0,0,0
2026-04-04,22,FCHBLRHSAF01,4,17,1,4,17,1,4,17
2026-04-04,22,FCHBLRHSR01,8,37,2,7,32,2,7,32
2026-04-04,22,FCHBLRJPN01,8,56,3,6,31,2,8,75
2026-04-04,22,FCHBLRKOR01,20,191,4,10,54,2,2,2
2026-04-04,22,FCHBLRSJR01,14,144,4,14,91,3,7,75
2026-04-04,22,FCHBLRTHA01,6,41,4,7,43,4,8,52
2026-04-04,22,FCHBLRVAR01,6,38,2,6,38,2,6,38
2026-04-04,22,FCHBLRWHF01,15,92,3,14,92,3,15,93
2026-04-04,23,FCHBLRAECS01,5,35,2,2,14,3,2,23
2026-04-04,23,FCHBLRBEN01,2,8,2,2,8,2,2,8
2026-04-04,23,FCHBLRBHO01,3,21,1,3,21,2,3,25
2026-04-04,23,FCHBLRDOD01,3,15,1,3,15,1,3,15
2026-04-04,23,FCHBLRELC01,1,5,1,1,10,1,1,10
2026-04-04,23,FCHBLRHAR01,6,37,3,7,43,4,7,49
2026-04-04,23,FCHBLRHEB01,3,19,3,3,26,1,1,4
2026-04-04,23,FCHBLRHOO01,4,32,1,1,1,0,0,0
2026-04-04,23,FCHBLRHSAF01,2,9,2,2,8,1,1,4
2026-04-04,23,FCHBLRHSR01,7,39,2,8,44,2,8,44
2026-04-04,23,FCHBLRJPN01,3,29,2,2,12,4,4,37
2026-04-04,23,FCHBLRKOR01,10,85,2,4,23,1,2,8
2026-04-04,23,FCHBLRSJR01,3,18,2,3,10,0,0,0
2026-04-04,23,FCHBLRTHA01,3,29,3,3,29,3,3,29
2026-04-04,23,FCHBLRVAR01,3,26,1,2,17,1,2,17
2026-04-03,0,FCHBLRHEB01,0,0,1,1,10,1,1,10
2026-04-03,0,FCHBLRHSR01,0,0,1,1,10,1,2,16
2026-04-03,6,FCHBLRAECS01,9,78,3,9,77,3,8,65
2026-04-03,6,FCHBLRBEN01,22,239,6,19,227,4,14,160
2026-04-03,6,FCHBLRBHO01,10,107,7,9,119,6,8,81
2026-04-03,6,FCHBLRDOD01,6,65,3,6,65,3,5,52
2026-04-03,6,FCHBLRELC01,4,35,3,4,35,3,4,35
2026-04-03,6,FCHBLRHAR01,11,123,3,9,86,3,8,68
2026-04-03,6,FCHBLRHEB01,6,74,4,6,74,3,6,74
2026-04-03,6,FCHBLRHOO01,21,238,6,18,171,6,12,80
2026-04-03,6,FCHBLRHSAF01,8,96,4,8,95,3,7,71
2026-04-03,6,FCHBLRHSR01,4,71,1,2,49,1,1,9
2026-04-03,6,FCHBLRJPN01,16,144,7,15,132,5,15,139
2026-04-03,6,FCHBLRKOR01,19,158,4,18,155,4,16,127
2026-04-03,6,FCHBLRSJR01,12,127,5,12,95,3,9,82
2026-04-03,6,FCHBLRTHA01,4,62,3,4,62,3,4,62
2026-04-03,6,FCHBLRVAR01,8,101,3,7,93,3,6,82
2026-04-03,6,FCHBLRWHF01,8,104,3,7,94,4,7,94
2026-04-03,7,FCHBLRAECS01,30,282,3,29,261,3,27,261
2026-04-03,7,FCHBLRBEN01,37,433,6,34,366,5,26,246
2026-04-03,7,FCHBLRBHO01,22,198,4,21,178,4,19,139
2026-04-03,7,FCHBLRDOD01,18,239,5,18,238,5,17,190
2026-04-03,7,FCHBLRELC01,16,149,5,16,149,6,16,158
2026-04-03,7,FCHBLRHAR01,30,288,5,30,320,6,29,294
2026-04-03,7,FCHBLRHEB01,35,331,6,34,331,7,33,334
2026-04-03,7,FCHBLRHOO01,43,492,5,40,417,3,11,58
2026-04-03,7,FCHBLRHSAF01,20,253,8,20,263,7,18,211
2026-04-03,7,FCHBLRHSR01,27,302,3,23,277,3,23,285
2026-04-03,7,FCHBLRJPN01,39,379,9,37,355,9,37,356
2026-04-03,7,FCHBLRKOR01,35,482,6,31,425,5,24,247
2026-04-03,7,FCHBLRSJR01,40,520,10,33,361,8,26,276
2026-04-03,7,FCHBLRTHA01,14,118,3,13,112,4,13,126
2026-04-03,7,FCHBLRVAR01,16,126,2,15,109,3,16,126
2026-04-03,7,FCHBLRWHF01,24,276,5,24,276,5,23,266
2026-04-03,8,FCHBLRAECS01,43,417,4,37,382,5,31,269
2026-04-03,8,FCHBLRBEN01,40,432,6,39,482,5,28,257
2026-04-03,8,FCHBLRBHO01,31,329,4,32,341,4,31,307
2026-04-03,8,FCHBLRDOD01,36,421,7,32,437,7,16,121
2026-04-03,8,FCHBLRELC01,38,374,7,37,347,6,33,282
2026-04-03,8,FCHBLRHAR01,41,494,6,41,532,5,39,496
2026-04-03,8,FCHBLRHEB01,47,491,7,46,484,7,46,487
2026-04-03,8,FCHBLRHOO01,45,494,5,46,345,3,5,13
2026-04-03,8,FCHBLRHSAF01,23,295,7,20,238,8,19,184
2026-04-03,8,FCHBLRHSR01,36,297,3,40,374,3,38,335
2026-04-03,8,FCHBLRJPN01,72,705,9,73,610,9,72,684
2026-04-03,8,FCHBLRKOR01,59,625,8,60,655,8,46,354
2026-04-03,8,FCHBLRSJR01,69,746,7,60,744,8,45,425
2026-04-03,8,FCHBLRTHA01,17,175,3,13,129,3,13,129
2026-04-03,8,FCHBLRVAR01,30,297,3,31,332,3,31,310
2026-04-03,8,FCHBLRWHF01,41,414,4,40,392,5,41,438
2026-04-03,9,FCHBLRAECS01,45,419,4,46,449,5,46,467
2026-04-03,9,FCHBLRBEN01,43,433,6,41,389,5,30,244
2026-04-03,9,FCHBLRBHO01,28,267,3,29,277,4,29,288
2026-04-03,9,FCHBLRDOD01,30,439,7,30,535,4,16,168
2026-04-03,9,FCHBLRELC01,18,179,5,18,198,5,17,175
2026-04-03,9,FCHBLRHAR01,46,539,5,36,495,5,38,444
2026-04-03,9,FCHBLRHEB01,51,465,6,50,447,6,47,428
2026-04-03,9,FCHBLRHOO01,61,724,4,44,320,1,1,4
2026-04-03,9,FCHBLRHSAF01,38,447,7,36,447,6,32,344
2026-04-03,9,FCHBLRHSR01,53,557,3,50,553,3,50,543
2026-04-03,9,FCHBLRJPN01,67,734,9,65,621,9,60,642
2026-04-03,9,FCHBLRKOR01,50,475,9,54,522,9,42,372
2026-04-03,9,FCHBLRSJR01,69,906,7,56,647,7,22,240
2026-04-03,9,FCHBLRTHA01,15,158,4,19,200,5,18,193
2026-04-03,9,FCHBLRVAR01,38,495,3,36,613,4,34,462
2026-04-03,9,FCHBLRWHF01,45,550,5,47,582,5,47,615
2026-04-03,10,FCHBLRAECS01,28,340,6,27,307,6,25,286
2026-04-03,10,FCHBLRBEN01,35,333,7,38,413,6,29,224
2026-04-03,10,FCHBLRBHO01,29,263,3,29,263,4,29,275
2026-04-03,10,FCHBLRDOD01,30,313,5,33,331,6,34,394
2026-04-03,10,FCHBLRELC01,21,253,5,18,246,5,17,172
2026-04-03,10,FCHBLRHAR01,46,489,6,47,499,4,44,473
2026-04-03,10,FCHBLRHEB01,35,380,7,34,352,7,34,321
2026-04-03,10,FCHBLRHOO01,48,524,5,39,342,1,1,4
2026-04-03,10,FCHBLRHSAF01,25,304,8,28,339,7,29,353
2026-04-03,10,FCHBLRHSR01,50,488,4,45,432,4,46,444
2026-04-03,10,FCHBLRJPN01,52,532,7,46,362,8,51,473
2026-04-03,10,FCHBLRKOR01,60,507,8,56,473,8,49,351
2026-04-03,10,FCHBLRSJR01,52,537,8,61,486,7,20,87
2026-04-03,10,FCHBLRTHA01,15,158,4,15,158,5,16,175
2026-04-03,10,FCHBLRVAR01,21,188,3,21,210,3,23,244
2026-04-03,10,FCHBLRWHF01,51,556,6,51,556,5,49,511
2026-04-03,11,FCHBLRAECS01,32,388,5,31,369,4,26,286
2026-04-03,11,FCHBLRBEN01,34,345,8,30,359,8,16,114
2026-04-03,11,FCHBLRBHO01,27,280,3,26,273,4,24,254
2026-04-03,11,FCHBLRDOD01,29,344,6,26,266,7,25,269
2026-04-03,11,FCHBLRELC01,27,251,6,28,276,4,20,166
2026-04-03,11,FCHBLRHAR01,42,407,5,49,495,5,48,506
2026-04-03,11,FCHBLRHEB01,34,385,7,35,416,5,34,411
2026-04-03,11,FCHBLRHOO01,36,441,3,29,264,0,0,0
2026-04-03,11,FCHBLRHSAF01,24,232,4,23,225,6,24,236
2026-04-03,11,FCHBLRHSR01,48,429,5,51,511,5,45,352
2026-04-03,11,FCHBLRJPN01,45,493,9,45,399,9,42,480
2026-04-03,11,FCHBLRKOR01,52,452,8,50,486,8,38,309
2026-04-03,11,FCHBLRSJR01,48,498,7,46,302,8,31,216
2026-04-03,11,FCHBLRTHA01,16,130,3,15,117,3,15,117
2026-04-03,11,FCHBLRVAR01,23,288,4,20,263,3,19,208
2026-04-03,11,FCHBLRWHF01,43,469,5,41,451,5,43,496
2026-04-03,12,FCHBLRAECS01,37,438,4,29,348,3,22,278
2026-04-03,12,FCHBLRBEN01,22,238,6,25,244,5,17,126
2026-04-03,12,FCHBLRBHO01,15,117,3,15,96,4,17,130
2026-04-03,12,FCHBLRDOD01,26,273,6,28,314,8,29,291
2026-04-03,12,FCHBLRELC01,22,251,5,22,271,3,18,212
2026-04-03,12,FCHBLRHAR01,31,276,5,30,260,5,29,248
2026-04-03,12,FCHBLRHEB01,13,155,5,13,159,4,13,160
2026-04-03,12,FCHBLRHOO01,33,369,4,23,164,3,3,17
2026-04-03,12,FCHBLRHSAF01,23,303,7,24,319,7,23,237
2026-04-03,12,FCHBLRHSR01,23,173,2,26,226,3,26,206
2026-04-03,12,FCHBLRJPN01,41,412,9,36,328,9,35,333
2026-04-03,12,FCHBLRKOR01,47,474,6,45,416,6,35,303
2026-04-03,12,FCHBLRSJR01,45,505,7,43,452,7,39,381
2026-04-03,12,FCHBLRTHA01,9,77,3,10,90,5,10,92
2026-04-03,12,FCHBLRVAR01,11,130,3,13,172,3,12,165
2026-04-03,12,FCHBLRWHF01,38,327,5,40,345,6,40,356
2026-04-03,13,FCHBLRAECS01,18,176,5,28,254,4,25,237
2026-04-03,13,FCHBLRBEN01,22,164,5,23,219,5,20,124
2026-04-03,13,FCHBLRBHO01,12,139,3,13,167,3,13,167
2026-04-03,13,FCHBLRDOD01,20,256,6,20,280,5,19,252
2026-04-03,13,FCHBLRELC01,14,137,3,15,143,3,16,147
2026-04-03,13,FCHBLRHAR01,18,182,4,19,218,5,20,247
2026-04-03,13,FCHBLRHEB01,20,226,4,17,213,4,14,167
2026-04-03,13,FCHBLRHOO01,20,150,4,19,106,2,3,8
2026-04-03,13,FCHBLRHSAF01,14,184,6,11,157,5,10,89
2026-04-03,13,FCHBLRHSR01,32,325,3,29,267,3,27,234
2026-04-03,13,FCHBLRJPN01,27,273,7,25,228,7,28,273
2026-04-03,13,FCHBLRKOR01,55,521,7,54,548,6,41,297
2026-04-03,13,FCHBLRSJR01,36,333,7,37,298,7,33,294
2026-04-03,13,FCHBLRTHA01,8,124,3,7,114,3,6,100
2026-04-03,13,FCHBLRVAR01,17,150,3,18,169,3,18,147
2026-04-03,13,FCHBLRWHF01,28,310,5,28,310,6,28,314
2026-04-03,14,FCHBLRAECS01,18,207,5,16,184,5,15,199
2026-04-03,14,FCHBLRBEN01,11,180,6,11,176,4,7,61
2026-04-03,14,FCHBLRBHO01,9,53,2,9,53,2,9,53
2026-04-03,14,FCHBLRDOD01,13,137,5,14,150,6,15,178
2026-04-03,14,FCHBLRELC01,19,197,3,18,179,3,11,88
2026-04-03,14,FCHBLRHAR01,26,203,4,25,237,5,24,221
2026-04-03,14,FCHBLRHEB01,17,163,6,18,196,5,18,179
2026-04-03,14,FCHBLRHOO01,28,248,5,20,133,1,1,4
2026-04-03,14,FCHBLRHSAF01,15,151,6,18,240,5,17,174
2026-04-03,14,FCHBLRHSR01,26,211,4,27,234,4,26,216
2026-04-03,14,FCHBLRJPN01,33,400,8,32,298,7,31,339
2026-04-03,14,FCHBLRKOR01,37,299,7,39,332,8,32,234
2026-04-03,14,FCHBLRSJR01,34,349,7,33,306,6,31,294
2026-04-03,14,FCHBLRTHA01,15,128,5,16,137,4,16,146
2026-04-03,14,FCHBLRVAR01,16,154,2,15,132,3,15,145
2026-04-03,14,FCHBLRWHF01,20,181,6,20,181,6,20,186
2026-04-03,15,FCHBLRAECS01,20,204,7,18,196,6,9,87
2026-04-03,15,FCHBLRBEN01,13,147,4,13,160,3,12,108
2026-04-03,15,FCHBLRBHO01,12,100,4,11,96,4,9,80
2026-04-03,15,FCHBLRDOD01,21,181,6,18,167,6,18,170
2026-04-03,15,FCHBLRELC01,7,73,4,8,77,3,9,94
2026-04-03,15,FCHBLRHAR01,12,80,3,12,79,4,13,96
2026-04-03,15,FCHBLRHEB01,16,170,5,16,172,4,15,190
2026-04-03,15,FCHBLRHOO01,21,215,5,18,112,2,5,34
2026-04-03,15,FCHBLRHSAF01,16,154,4,16,163,4,16,164
2026-04-03,15,FCHBLRHSR01,15,140,4,16,183,3,16,170
2026-04-03,15,FCHBLRJPN01,30,292,10,31,263,10,31,326
2026-04-03,15,FCHBLRKOR01,31,270,9,29,335,8,17,112
2026-04-03,15,FCHBLRSJR01,25,248,8,26,206,7,26,273
2026-04-03,15,FCHBLRTHA01,12,73,4,11,66,5,11,66
2026-04-03,15,FCHBLRVAR01,10,154,3,11,176,3,11,176
2026-04-03,15,FCHBLRWHF01,16,185,7,15,164,6,15,164
2026-04-03,16,FCHBLRAECS01,23,234,4,23,222,4,18,187
2026-04-03,16,FCHBLRBEN01,20,175,4,20,175,4,19,168
2026-04-03,16,FCHBLRBHO01,12,89,4,12,99,3,12,85
2026-04-03,16,FCHBLRDOD01,23,206,8,25,219,6,25,219
2026-04-03,16,FCHBLRELC01,15,147,5,13,123,4,12,102
2026-04-03,16,FCHBLRHAR01,25,247,3,25,245,3,25,245
2026-04-03,16,FCHBLRHEB01,20,197,6,20,203,5,17,123
2026-04-03,16,FCHBLRHOO01,32,324,3,21,157,3,8,24
2026-04-03,16,FCHBLRHSAF01,18,232,6,17,228,6,17,223
2026-04-03,16,FCHBLRHSR01,21,184,4,23,205,4,23,205
2026-04-03,16,FCHBLRJPN01,32,336,8,19,138,9,33,346
2026-04-03,16,FCHBLRKOR01,34,332,6,35,332,3,8,27
2026-04-03,16,FCHBLRSJR01,30,278,6,28,268,6,25,226
2026-04-03,16,FCHBLRTHA01,5,106,2,5,74,1,4,62
2026-04-03,16,FCHBLRVAR01,16,206,4,14,187,4,14,198
2026-04-03,16,FCHBLRWHF01,35,327,7,31,288,5,31,281
2026-04-03,17,FCHBLRAECS01,23,156,5,23,154,3,19,134
2026-04-03,17,FCHBLRBEN01,24,246,3,23,237,4,24,246
2026-04-03,17,FCHBLRBHO01,17,146,3,17,175,3,17,148
2026-04-03,17,FCHBLRDOD01,18,170,3,18,172,3,17,160
2026-04-03,17,FCHBLRELC01,15,164,6,16,207,6,16,150
2026-04-03,17,FCHBLRHAR01,15,111,3,15,110,3,14,119
2026-04-03,17,FCHBLRHEB01,9,73,4,10,74,3,7,56
2026-04-03,17,FCHBLRHOO01,39,420,4,18,97,2,5,26
2026-04-03,17,FCHBLRHSAF01,20,196,5,21,232,6,20,198
2026-04-03,17,FCHBLRHSR01,29,220,4,27,219,3,26,205
2026-04-03,17,FCHBLRJPN01,24,196,5,16,106,7,23,207
2026-04-03,17,FCHBLRKOR01,31,345,5,23,131,2,3,10
2026-04-03,17,FCHBLRSJR01,48,557,7,30,268,4,8,57
2026-04-03,17,FCHBLRTHA01,9,84,4,10,123,4,11,135
2026-04-03,17,FCHBLRVAR01,21,211,3,23,237,3,23,237
2026-04-03,17,FCHBLRWHF01,28,292,7,32,375,7,31,368
2026-04-03,18,FCHBLRAECS01,22,197,4,21,220,4,17,107
2026-04-03,18,FCHBLRBEN01,21,211,5,22,220,6,22,224
2026-04-03,18,FCHBLRBHO01,18,148,2,18,154,2,18,148
2026-04-03,18,FCHBLRDOD01,21,222,4,20,211,4,20,213
2026-04-03,18,FCHBLRELC01,14,134,4,14,144,4,14,144
2026-04-03,18,FCHBLRHAR01,29,210,4,30,223,4,29,203
2026-04-03,18,FCHBLRHEB01,12,98,2,12,98,3,10,86
2026-04-03,18,FCHBLRHOO01,26,275,4,14,51,2,5,17
2026-04-03,18,FCHBLRHSAF01,19,204,6,17,171,7,16,135
2026-04-03,18,FCHBLRHSR01,24,232,5,23,236,4,24,242
2026-04-03,18,FCHBLRJPN01,31,281,7,27,173,8,31,277
2026-04-03,18,FCHBLRKOR01,38,427,5,22,242,3,3,7
2026-04-03,18,FCHBLRSJR01,40,361,6,33,289,5,14,97
2026-04-03,18,FCHBLRTHA01,11,124,5,10,118,3,10,120
2026-04-03,18,FCHBLRVAR01,14,138,4,13,142,3,13,140
2026-04-03,18,FCHBLRWHF01,31,325,5,31,325,5,32,330
2026-04-03,19,FCHBLRAECS01,32,266,3,25,208,3,16,126
2026-04-03,19,FCHBLRBEN01,27,303,6,26,287,5,25,260
2026-04-03,19,FCHBLRBHO01,23,237,3,22,236,3,22,228
2026-04-03,19,FCHBLRDOD01,14,192,5,16,267,4,16,206
2026-04-03,19,FCHBLRELC01,11,120,4,11,117,4,10,84
2026-04-03,19,FCHBLRHAR01,31,228,3,28,205,5,28,234
2026-04-03,19,FCHBLRHEB01,21,166,5,19,134,6,18,95
2026-04-03,19,FCHBLRHOO01,31,280,3,15,55,3,5,18
2026-04-03,19,FCHBLRHSAF01,15,164,5,15,146,6,11,85
2026-04-03,19,FCHBLRHSR01,35,309,5,36,310,4,34,273
2026-04-03,19,FCHBLRJPN01,31,371,5,23,139,7,31,358
2026-04-03,19,FCHBLRKOR01,39,411,3,14,71,0,0,0
2026-04-03,19,FCHBLRSJR01,33,309,5,31,232,3,9,61
2026-04-03,19,FCHBLRTHA01,11,104,4,11,81,4,11,91
2026-04-03,19,FCHBLRVAR01,17,144,3,17,144,3,17,144
2026-04-03,19,FCHBLRWHF01,27,311,4,27,311,4,27,311
2026-04-03,20,FCHBLRAECS01,17,116,4,20,110,2,15,86
2026-04-03,20,FCHBLRBEN01,20,157,4,20,157,5,17,109
2026-04-03,20,FCHBLRBHO01,14,106,2,15,114,4,15,118
2026-04-03,20,FCHBLRDOD01,16,139,6,13,139,6,14,128
2026-04-03,20,FCHBLRELC01,11,88,4,12,96,5,11,91
2026-04-03,20,FCHBLRHAR01,18,169,2,19,156,3,19,165
2026-04-03,20,FCHBLRHEB01,18,149,5,19,162,5,13,97
2026-04-03,20,FCHBLRHOO01,13,89,2,6,17,1,1,4
2026-04-03,20,FCHBLRHSAF01,17,152,5,15,103,3,15,105
2026-04-03,20,FCHBLRHSR01,22,167,5,22,167,4,23,190
2026-04-03,20,FCHBLRJPN01,37,338,7,33,184,8,38,350
2026-04-03,20,FCHBLRKOR01,26,230,2,6,9,1,1,2
2026-04-03,20,FCHBLRSJR01,36,333,6,33,259,5,17,90
2026-04-03,20,FCHBLRTHA01,8,114,3,9,141,3,9,141
2026-04-03,20,FCHBLRVAR01,14,107,4,13,116,4,12,96
2026-04-03,20,FCHBLRWHF01,27,234,3,25,209,3,25,209
2026-04-03,21,FCHBLRAECS01,15,118,5,10,45,2,2,5
2026-04-03,21,FCHBLRBEN01,22,210,6,21,191,6,17,119
2026-04-03,21,FCHBLRBHO01,7,50,2,6,51,2,6,51
2026-04-03,21,FCHBLRDOD01,6,72,3,9,95,3,9,95
2026-04-03,21,FCHBLRELC01,12,97,4,11,89,4,12,98
2026-04-03,21,FCHBLRHAR01,17,159,3,18,198,3,18,191
2026-04-03,21,FCHBLRHEB01,11,87,3,10,79,2,6,42
2026-04-03,21,FCHBLRHOO01,16,109,5,12,68,4,9,40
2026-04-03,21,FCHBLRHSAF01,15,123,3,15,122,4,15,103
2026-04-03,21,FCHBLRHSR01,22,152,4,20,145,5,20,164
2026-04-03,21,FCHBLRJPN01,19,188,4,12,60,5,17,178
2026-04-03,21,FCHBLRKOR01,26,202,1,3,3,0,0,0
2026-04-03,21,FCHBLRSJR01,18,161,6,17,90,5,9,51
2026-04-03,21,FCHBLRTHA01,6,27,3,6,27,2,6,27
2026-04-03,21,FCHBLRVAR01,15,134,3,13,110,3,14,121
2026-04-03,21,FCHBLRWHF01,13,61,3,13,74,3,14,75
2026-04-03,22,FCHBLRAECS01,10,75,3,9,71,4,8,60
2026-04-03,22,FCHBLRBEN01,7,50,3,8,67,3,8,67
2026-04-03,22,FCHBLRBHO01,5,35,2,5,35,2,5,35
2026-04-03,22,FCHBLRDOD01,12,136,3,12,136,3,12,136
2026-04-03,22,FCHBLRELC01,3,17,2,4,25,2,4,25
2026-04-03,22,FCHBLRHAR01,6,53,4,7,91,3,7,66
2026-04-03,22,FCHBLRHEB01,8,48,4,9,53,2,7,35
2026-04-03,22,FCHBLRHOO01,4,24,2,4,10,1,2,5
2026-04-03,22,FCHBLRHSAF01,7,54,4,6,46,4,5,35
2026-04-03,22,FCHBLRHSR01,11,74,2,12,81,4,12,79
2026-04-03,22,FCHBLRJPN01,11,67,5,12,76,4,12,78
2026-04-03,22,FCHBLRKOR01,13,89,4,5,18,0,0,0
2026-04-03,22,FCHBLRSJR01,13,136,7,11,122,5,9,51
2026-04-03,22,FCHBLRTHA01,3,27,2,3,27,2,3,27
2026-04-03,22,FCHBLRVAR01,10,86,3,11,108,4,11,118
2026-04-03,22,FCHBLRWHF01,9,59,4,10,71,4,10,71
2026-04-03,23,FCHBLRAECS01,4,36,4,5,30,3,3,20
2026-04-03,23,FCHBLRBHO01,2,10,1,2,10,1,2,10
2026-04-03,23,FCHBLRDOD01,4,30,2,3,21,2,3,21
2026-04-03,23,FCHBLRELC01,5,42,2,5,42,2,5,42
2026-04-03,23,FCHBLRHAR01,3,19,2,3,19,2,3,19
2026-04-03,23,FCHBLRHEB01,3,28,2,2,8,2,2,8
2026-04-03,23,FCHBLRHOO01,4,40,2,4,21,1,2,11
2026-04-03,23,FCHBLRHSAF01,1,5,2,2,14,2,2,14
2026-04-03,23,FCHBLRHSR01,12,79,3,11,79,4,11,51
2026-04-03,23,FCHBLRJPN01,8,29,5,8,25,4,8,29
2026-04-03,23,FCHBLRKOR01,9,112,3,5,36,0,0,0
2026-04-03,23,FCHBLRSJR01,6,31,3,6,30,3,6,30
2026-04-03,23,FCHBLRTHA01,4,27,3,4,27,3,4,27
2026-04-03,23,FCHBLRVAR01,1,5,2,2,12,2,2,12
2026-04-03,23,FCHBLRWHF01,4,24,3,4,24,3,4,24
2026-04-02,0,FCHBLRSJR01,1,2,0,0,0,0,0,0
2026-04-02,6,FCHBLRAECS01,8,62,4,7,51,3,6,46
2026-04-02,6,FCHBLRBEN01,20,168,5,20,168,7,15,98
2026-04-02,6,FCHBLRBHO01,12,75,2,12,75,2,12,75
2026-04-02,6,FCHBLRDOD01,8,108,6,8,107,6,8,98
2026-04-02,6,FCHBLRELC01,11,103,3,11,121,3,10,114
2026-04-02,6,FCHBLRHAR01,12,96,1,12,96,3,11,81
2026-04-02,6,FCHBLRHEB01,16,156,6,14,130,6,14,123
2026-04-02,6,FCHBLRHOO01,22,130,6,22,124,5,16,89
2026-04-02,6,FCHBLRHSAF01,20,159,6,20,167,5,16,106
2026-04-02,6,FCHBLRHSR01,14,98,2,13,86,2,13,86
2026-04-02,6,FCHBLRJPN01,18,176,7,17,137,6,16,149
2026-04-02,6,FCHBLRKOR01,25,243,6,23,231,5,17,167
2026-04-02,6,FCHBLRSJR01,23,189,3,18,179,4,18,133
2026-04-02,6,FCHBLRTHA01,6,43,3,5,37,4,5,37
2026-04-02,6,FCHBLRVAR01,14,180,3,14,180,3,14,180
2026-04-02,6,FCHBLRWHF01,17,156,4,14,128,3,14,128
2026-04-02,7,FCHBLRAECS01,25,210,4,24,194,3,23,175
2026-04-02,7,FCHBLRBEN01,34,301,5,31,292,5,23,185
2026-04-02,7,FCHBLRBHO01,26,228,3,25,222,5,25,225
2026-04-02,7,FCHBLRDOD01,29,318,5,29,334,4,14,120
2026-04-02,7,FCHBLRELC01,14,97,5,13,106,6,14,102
2026-04-02,7,FCHBLRHAR01,28,265,7,27,259,5,23,204
2026-04-02,7,FCHBLRHEB01,26,283,8,27,293,8,26,293
2026-04-02,7,FCHBLRHOO01,44,417,6,38,328,5,28,182
2026-04-02,7,FCHBLRHSAF01,29,298,6,24,243,6,18,130
2026-04-02,7,FCHBLRHSR01,33,276,3,34,292,2,33,283
2026-04-02,7,FCHBLRJPN01,41,407,7,36,339,8,36,348
2026-04-02,7,FCHBLRKOR01,40,388,6,40,391,5,27,195
2026-04-02,7,FCHBLRSJR01,51,587,7,45,408,8,30,254
2026-04-02,7,FCHBLRTHA01,9,76,3,9,68,3,9,68
2026-04-02,7,FCHBLRVAR01,17,127,3,15,107,3,15,107
2026-04-02,7,FCHBLRWHF01,41,375,4,42,389,5,42,396
2026-04-02,8,FCHBLRAECS01,33,302,5,31,287,6,30,252
2026-04-02,8,FCHBLRBEN01,44,443,6,42,413,5,22,166
2026-04-02,8,FCHBLRBHO01,38,341,4,38,325,6,38,337
2026-04-02,8,FCHBLRDOD01,42,375,4,40,362,5,33,268
2026-04-02,8,FCHBLRELC01,31,264,5,30,264,5,27,188
2026-04-02,8,FCHBLRHAR01,54,473,6,44,410,5,43,395
2026-04-02,8,FCHBLRHEB01,41,391,7,37,330,6,37,318
2026-04-02,8,FCHBLRHOO01,40,381,7,44,383,7,25,151
2026-04-02,8,FCHBLRHSAF01,25,320,6,26,331,5,19,226
2026-04-02,8,FCHBLRHSR01,59,423,3,54,378,3,53,380
2026-04-02,8,FCHBLRJPN01,50,469,7,49,394,9,49,470
2026-04-02,8,FCHBLRKOR01,78,777,8,63,634,4,9,51
2026-04-02,8,FCHBLRSJR01,60,663,7,60,534,9,61,674
2026-04-02,8,FCHBLRTHA01,14,119,3,15,133,4,15,146
2026-04-02,8,FCHBLRVAR01,28,213,4,30,250,4,30,231
2026-04-02,8,FCHBLRWHF01,53,442,5,52,452,7,52,462
2026-04-02,9,FCHBLRAECS01,38,287,5,38,295,5,35,262
2026-04-02,9,FCHBLRBEN01,35,335,6,40,403,5,20,176
2026-04-02,9,FCHBLRBHO01,23,221,3,23,233,3,23,233
2026-04-02,9,FCHBLRDOD01,26,277,5,23,257,6,24,258
2026-04-02,9,FCHBLRELC01,25,241,3,25,241,3,23,221
2026-04-02,9,FCHBLRHAR01,31,297,4,38,353,6,38,363
2026-04-02,9,FCHBLRHEB01,29,243,7,34,341,6,35,346
2026-04-02,9,FCHBLRHOO01,53,509,5,46,355,4,7,16
2026-04-02,9,FCHBLRHSAF01,31,285,5,32,273,6,32,283
2026-04-02,9,FCHBLRHSR01,50,544,2,49,584,3,50,496
2026-04-02,9,FCHBLRJPN01,65,542,8,62,544,8,64,554
2026-04-02,9,FCHBLRKOR01,53,493,8,65,615,3,5,24
2026-04-02,9,FCHBLRSJR01,81,738,8,66,489,8,59,510
2026-04-02,9,FCHBLRTHA01,17,167,3,16,153,4,16,159
2026-04-02,9,FCHBLRVAR01,35,354,5,31,344,4,31,330
2026-04-02,9,FCHBLRWHF01,36,333,5,36,333,5,36,333
2026-04-02,10,FCHBLRAECS01,24,249,5,27,274,4,25,263
2026-04-02,10,FCHBLRBEN01,28,275,6,24,219,7,16,87
2026-04-02,10,FCHBLRBHO01,29,313,3,27,259,4,27,261
2026-04-02,10,FCHBLRDOD01,19,175,4,23,208,6,23,213
2026-04-02,10,FCHBLRELC01,19,246,4,19,274,3,18,237
2026-04-02,10,FCHBLRHAR01,37,307,5,35,305,5,34,298
2026-04-02,10,FCHBLRHEB01,21,263,6,18,246,6,18,230
2026-04-02,10,FCHBLRHOO01,44,416,5,37,268,5,12,51
2026-04-02,10,FCHBLRHSAF01,24,230,7,26,222,9,19,135
2026-04-02,10,FCHBLRHSR01,41,312,4,42,362,3,42,362
2026-04-02,10,FCHBLRJPN01,49,559,7,44,452,8,45,481
2026-04-02,10,FCHBLRKOR01,43,431,7,43,405,5,17,67
2026-04-02,10,FCHBLRSJR01,45,357,8,46,395,8,43,414
2026-04-02,10,FCHBLRTHA01,10,71,2,11,85,2,11,85
2026-04-02,10,FCHBLRVAR01,25,208,3,29,232,4,29,238
2026-04-02,10,FCHBLRWHF01,43,413,4,41,390,3,41,390
2026-04-02,11,FCHBLRAECS01,20,172,3,20,172,3,20,180
2026-04-02,11,FCHBLRBEN01,21,167,6,22,235,4,15,104
2026-04-02,11,FCHBLRBHO01,16,180,4,18,270,5,18,207
2026-04-02,11,FCHBLRDOD01,19,149,6,19,160,5,19,149
2026-04-02,11,FCHBLRELC01,12,76,2,14,94,2,14,94
2026-04-02,11,FCHBLRHAR01,27,225,3,30,243,4,31,284
2026-04-02,11,FCHBLRHEB01,24,216,6,27,247,6,26,248
2026-04-02,11,FCHBLRHOO01,29,313,6,29,267,2,2,4
2026-04-02,11,FCHBLRHSAF01,16,172,4,14,94,4,9,87
2026-04-02,11,FCHBLRHSR01,26,225,2,26,197,3,26,203
2026-04-02,11,FCHBLRJPN01,41,323,8,39,313,7,38,353
2026-04-02,11,FCHBLRKOR01,46,372,8,45,387,6,14,80
2026-04-02,11,FCHBLRSJR01,28,242,8,33,292,8,31,260
2026-04-02,11,FCHBLRTHA01,19,208,3,17,193,3,17,193
2026-04-02,11,FCHBLRVAR01,18,157,3,18,157,3,18,157
2026-04-02,11,FCHBLRWHF01,29,276,4,30,301,5,30,309
2026-04-02,12,FCHBLRAECS01,22,181,3,19,129,4,16,111
2026-04-02,12,FCHBLRBEN01,19,194,6,19,226,5,16,145
2026-04-02,12,FCHBLRBHO01,8,42,3,8,54,4,8,58
2026-04-02,12,FCHBLRDOD01,14,160,5,14,177,4,14,155
2026-04-02,12,FCHBLRELC01,14,139,3,13,151,3,13,139
2026-04-02,12,FCHBLRHAR01,25,230,3,23,201,2,22,183
2026-04-02,12,FCHBLRHEB01,26,246,6,26,243,5,26,247
2026-04-02,12,FCHBLRHOO01,22,209,5,14,111,2,3,15
2026-04-02,12,FCHBLRHSAF01,17,188,7,16,152,5,12,107
2026-04-02,12,FCHBLRHSR01,20,152,2,23,201,3,23,207
2026-04-02,12,FCHBLRJPN01,43,435,9,49,459,9,49,427
2026-04-02,12,FCHBLRKOR01,32,290,8,36,353,4,10,42
2026-04-02,12,FCHBLRSJR01,34,252,6,34,241,6,34,220
2026-04-02,12,FCHBLRTHA01,9,96,2,10,111,3,10,116
2026-04-02,12,FCHBLRVAR01,16,116,4,16,114,3,15,103
2026-04-02,12,FCHBLRWHF01,25,238,4,25,238,5,24,204
2026-04-02,13,FCHBLRAECS01,18,170,3,19,211,4,17,178
2026-04-02,13,FCHBLRBEN01,21,183,5,21,174,6,14,129
2026-04-02,13,FCHBLRBHO01,14,92,3,12,73,4,12,75
2026-04-02,13,FCHBLRDOD01,12,93,5,11,97,4,11,85
2026-04-02,13,FCHBLRELC01,10,113,3,10,101,3,10,99
2026-04-02,13,FCHBLRHAR01,17,134,2,16,126,2,16,126
2026-04-02,13,FCHBLRHEB01,5,60,4,5,60,3,5,60
2026-04-02,13,FCHBLRHOO01,17,266,3,14,157,3,5,58
2026-04-02,13,FCHBLRHSAF01,18,135,7,18,125,6,15,102
2026-04-02,13,FCHBLRHSR01,19,188,2,18,181,2,18,181
2026-04-02,13,FCHBLRJPN01,36,260,7,35,281,6,36,282
2026-04-02,13,FCHBLRKOR01,37,349,7,34,363,2,4,16
2026-04-02,13,FCHBLRSJR01,24,216,6,24,241,6,24,207
2026-04-02,13,FCHBLRTHA01,12,92,3,10,93,3,10,93
2026-04-02,13,FCHBLRVAR01,10,104,4,10,120,3,11,117
2026-04-02,13,FCHBLRWHF01,16,138,4,16,138,5,17,179
2026-04-02,14,FCHBLRAECS01,11,112,2,11,103,3,12,118
2026-04-02,14,FCHBLRBEN01,15,127,5,17,148,5,14,112
2026-04-02,14,FCHBLRBHO01,10,95,3,12,114,4,12,124
2026-04-02,14,FCHBLRDOD01,19,177,4,20,195,3,19,171
2026-04-02,14,FCHBLRELC01,6,37,2,7,67,3,7,72
2026-04-02,14,FCHBLRHAR01,26,291,6,27,302,6,24,241
2026-04-02,14,FCHBLRHEB01,17,137,6,17,136,4,14,104
2026-04-02,14,FCHBLRHOO01,12,158,4,12,133,3,6,43
2026-04-02,14,FCHBLRHSAF01,18,159,6,17,150,6,16,140
2026-04-02,14,FCHBLRHSR01,17,159,3,17,164,3,17,162
2026-04-02,14,FCHBLRJPN01,24,234,5,22,178,6,23,220
2026-04-02,14,FCHBLRKOR01,30,304,6,29,318,4,19,189
2026-04-02,14,FCHBLRSJR01,18,156,6,18,183,5,18,157
2026-04-02,14,FCHBLRTHA01,7,72,3,7,72,3,7,72
2026-04-02,14,FCHBLRVAR01,6,95,3,6,95,3,6,95
2026-04-02,14,FCHBLRWHF01,17,148,4,17,148,4,17,148
2026-04-02,15,FCHBLRAECS01,18,203,5,19,216,6,19,216
2026-04-02,15,FCHBLRBEN01,14,155,2,12,116,2,12,116
2026-04-02,15,FCHBLRBHO01,12,70,2,11,61,3,11,64
2026-04-02,15,FCHBLRDOD01,13,89,5,12,88,6,13,102
2026-04-02,15,FCHBLRELC01,8,71,2,8,71,2,8,71
2026-04-02,15,FCHBLRHAR01,17,163,4,18,141,4,18,141
2026-04-02,15,FCHBLRHEB01,12,91,5,11,80,7,12,93
2026-04-02,15,FCHBLRHOO01,21,180,6,19,191,5,16,163
2026-04-02,15,FCHBLRHSAF01,10,69,3,11,83,4,11,89
2026-04-02,15,FCHBLRHSR01,10,65,1,10,63,3,10,72
2026-04-02,15,FCHBLRJPN01,24,285,5,22,476,4,21,279
2026-04-02,15,FCHBLRKOR01,22,186,7,22,250,7,22,233
2026-04-02,15,FCHBLRSJR01,22,208,9,23,224,9,24,238
2026-04-02,15,FCHBLRTHA01,3,17,3,3,17,3,3,17
2026-04-02,15,FCHBLRVAR01,12,105,4,12,105,4,12,105
2026-04-02,15,FCHBLRWHF01,22,168,5,21,159,7,21,166
2026-04-02,16,FCHBLRAECS01,21,199,5,21,210,6,20,198
2026-04-02,16,FCHBLRBEN01,10,62,3,12,101,3,12,101
2026-04-02,16,FCHBLRBHO01,16,156,2,15,152,3,14,155
2026-04-02,16,FCHBLRDOD01,17,176,6,16,158,6,16,158
2026-04-02,16,FCHBLRELC01,13,84,3,13,84,4,13,98
2026-04-02,16,FCHBLRHAR01,20,166,5,19,190,5,19,185
2026-04-02,16,FCHBLRHEB01,20,186,6,20,200,7,18,173
2026-04-02,16,FCHBLRHOO01,31,239,4,17,82,4,10,71
2026-04-02,16,FCHBLRHSAF01,8,67,3,8,67,5,8,74
2026-04-02,16,FCHBLRHSR01,17,130,4,18,156,4,18,147
2026-04-02,16,FCHBLRJPN01,31,328,6,31,445,6,31,328
2026-04-02,16,FCHBLRKOR01,36,386,5,33,206,3,10,60
2026-04-02,16,FCHBLRSJR01,27,259,7,26,285,6,26,278
2026-04-02,16,FCHBLRTHA01,13,133,4,12,118,4,12,118
2026-04-02,16,FCHBLRVAR01,10,92,3,9,82,3,9,82
2026-04-02,16,FCHBLRWHF01,21,163,4,22,172,4,22,172
2026-04-02,17,FCHBLRAECS01,29,233,4,25,203,4,22,170
2026-04-02,17,FCHBLRBEN01,25,246,4,23,235,5,21,192
2026-04-02,17,FCHBLRBHO01,24,208,4,25,236,2,23,221
2026-04-02,17,FCHBLRDOD01,23,164,5,24,182,6,24,187
2026-04-02,17,FCHBLRELC01,16,169,3,16,169,4,16,179
2026-04-02,17,FCHBLRHAR01,24,153,3,24,158,5,24,166
2026-04-02,17,FCHBLRHEB01,31,248,8,33,271,8,30,197
2026-04-02,17,FCHBLRHOO01,29,262,4,13,51,3,5,13
2026-04-02,17,FCHBLRHSAF01,23,207,3,18,148,4,16,113
2026-04-02,17,FCHBLRHSR01,26,213,2,25,209,2,25,209
2026-04-02,17,FCHBLRJPN01,24,262,5,24,201,5,23,198
2026-04-02,17,FCHBLRKOR01,28,225,6,28,254,1,1,2
2026-04-02,17,FCHBLRSJR01,45,385,6,37,332,6,31,267
2026-04-02,17,FCHBLRTHA01,12,156,4,13,171,4,13,171
2026-04-02,17,FCHBLRVAR01,20,240,3,20,238,4,19,208
2026-04-02,17,FCHBLRWHF01,29,254,4,27,242,5,27,249
2026-04-02,18,FCHBLRAECS01,26,190,3,25,170,3,24,172
2026-04-02,18,FCHBLRBEN01,19,208,5,20,247,5,17,166
2026-04-02,18,FCHBLRBHO01,18,128,2,18,133,1,19,133
2026-04-02,18,FCHBLRDOD01,17,134,4,17,134,5,17,145
2026-04-02,18,FCHBLRELC01,9,77,3,8,69,3,8,69
2026-04-02,18,FCHBLRHAR01,25,231,2,23,204,1,22,184
2026-04-02,18,FCHBLRHEB01,26,276,6,22,245,5,18,171
2026-04-02,18,FCHBLRHOO01,38,328,4,15,65,3,7,14
2026-04-02,18,FCHBLRHSAF01,21,182,3,24,205,3,24,200
2026-04-02,18,FCHBLRHSR01,39,328,3,38,344,2,37,297
2026-04-02,18,FCHBLRJPN01,31,242,6,24,198,6,27,258
2026-04-02,18,FCHBLRKOR01,33,291,5,33,247,0,0,0
2026-04-02,18,FCHBLRSJR01,31,204,6,32,263,6,29,215
2026-04-02,18,FCHBLRTHA01,10,84,4,10,84,5,10,87
2026-04-02,18,FCHBLRVAR01,10,86,3,11,98,3,12,127
2026-04-02,18,FCHBLRWHF01,40,330,4,39,317,4,36,256
2026-04-02,19,FCHBLRAECS01,25,176,3,26,179,3,24,171
2026-04-02,19,FCHBLRBEN01,27,216,4,28,226,4,23,178
2026-04-02,19,FCHBLRBHO01,16,154,3,16,161,1,11,73
2026-04-02,19,FCHBLRDOD01,26,200,6,24,182,5,22,154
2026-04-02,19,FCHBLRELC01,16,144,3,17,152,4,17,160
2026-04-02,19,FCHBLRHAR01,27,237,3,30,316,4,30,292
2026-04-02,19,FCHBLRHEB01,14,152,6,18,186,7,10,106
2026-04-02,19,FCHBLRHOO01,27,233,3,11,39,2,2,5
2026-04-02,19,FCHBLRHSAF01,10,92,3,11,95,2,8,68
2026-04-02,19,FCHBLRHSR01,23,171,3,24,192,3,24,185
2026-04-02,19,FCHBLRJPN01,21,194,6,24,264,6,23,217
2026-04-02,19,FCHBLRKOR01,37,342,6,36,322,0,0,0
2026-04-02,19,FCHBLRSJR01,39,442,5,34,295,4,11,87
2026-04-02,19,FCHBLRTHA01,15,101,4,14,90,5,14,90
2026-04-02,19,FCHBLRVAR01,20,147,4,19,158,4,19,148
2026-04-02,19,FCHBLRWHF01,22,143,4,25,168,4,27,221
2026-04-02,20,FCHBLRAECS01,23,170,4,23,149,4,17,115
2026-04-02,20,FCHBLRBEN01,25,210,5,22,199,4,21,169
2026-04-02,20,FCHBLRBHO01,11,87,2,10,68,1,9,64
2026-04-02,20,FCHBLRDOD01,15,105,5,16,115,5,18,139
2026-04-02,20,FCHBLRELC01,11,105,3,11,105,4,11,120
2026-04-02,20,FCHBLRHAR01,19,143,3,18,141,3,19,142
2026-04-02,20,FCHBLRHEB01,15,135,3,14,128,3,9,68
2026-04-02,20,FCHBLRHOO01,28,258,4,11,68,2,3,11
2026-04-02,20,FCHBLRHSAF01,17,119,1,12,83,2,13,86
2026-04-02,20,FCHBLRHSR01,19,155,3,19,181,2,20,187
2026-04-02,20,FCHBLRJPN01,32,264,3,28,162,3,30,229
2026-04-02,20,FCHBLRKOR01,27,183,5,26,187,1,1,2
2026-04-02,20,FCHBLRSJR01,31,266,6,32,202,5,24,178
2026-04-02,20,FCHBLRTHA01,8,51,2,7,51,2,7,51
2026-04-02,20,FCHBLRVAR01,26,212,3,26,198,3,26,198
2026-04-02,20,FCHBLRWHF01,24,189,3,24,189,3,25,197
2026-04-02,21,FCHBLRAECS01,16,145,4,15,135,3,14,121
2026-04-02,21,FCHBLRBEN01,9,105,3,10,115,3,9,80
2026-04-02,21,FCHBLRBHO01,13,80,1,12,96,2,12,106
2026-04-02,21,FCHBLRDOD01,18,123,4,18,139,4,18,139
2026-04-02,21,FCHBLRELC01,15,124,3,15,124,4,15,129
2026-04-02,21,FCHBLRHAR01,20,227,5,20,273,5,19,236
2026-04-02,21,FCHBLRHEB01,8,54,3,9,53,3,6,33
2026-04-02,21,FCHBLRHOO01,16,104,2,9,35,1,3,13
2026-04-02,21,FCHBLRHSAF01,5,44,2,7,49,2,8,64
2026-04-02,21,FCHBLRHSR01,12,82,3,13,91,3,13,90
2026-04-02,21,FCHBLRJPN01,27,215,4,23,136,4,28,213
2026-04-02,21,FCHBLRKOR01,24,197,4,13,64,1,1,4
2026-04-02,21,FCHBLRSJR01,28,169,6,27,152,5,22,106
2026-04-02,21,FCHBLRTHA01,3,28,3,4,28,3,4,28
2026-04-02,21,FCHBLRVAR01,7,87,3,7,100,3,7,100
2026-04-02,21,FCHBLRWHF01,17,156,2,17,156,2,17,156
2026-04-02,22,FCHBLRAECS01,6,16,1,4,15,1,4,15
2026-04-02,22,FCHBLRBEN01,8,75,3,10,107,2,9,82
2026-04-02,22,FCHBLRBHO01,9,79,1,10,81,2,9,90
2026-04-02,22,FCHBLRDOD01,11,70,4,11,70,4,11,70
2026-04-02,22,FCHBLRELC01,1,16,1,1,14,0,0,0
2026-04-02,22,FCHBLRHAR01,8,99,3,9,122,2,10,128
2026-04-02,22,FCHBLRHEB01,3,32,2,3,31,2,2,24
2026-04-02,22,FCHBLRHOO01,13,87,2,3,8,1,1,3
2026-04-02,22,FCHBLRHSAF01,7,54,3,9,82,2,9,85
2026-04-02,22,FCHBLRHSR01,14,119,3,14,119,4,14,122
2026-04-02,22,FCHBLRJPN01,14,93,4,15,81,4,16,103
2026-04-02,22,FCHBLRKOR01,15,78,3,11,25,1,2,2
2026-04-02,22,FCHBLRSJR01,15,104,3,12,65,2,7,37
2026-04-02,22,FCHBLRTHA01,2,19,3,3,30,2,3,30
2026-04-02,22,FCHBLRVAR01,8,45,3,8,39,3,8,39
2026-04-02,22,FCHBLRWHF01,12,94,2,12,94,2,12,94
2026-04-02,23,FCHBLRAECS01,1,4,1,3,14,2,3,19
2026-04-02,23,FCHBLRBEN01,9,70,2,9,70,2,9,70
2026-04-02,23,FCHBLRBHO01,5,35,1,5,35,1,6,42
2026-04-02,23,FCHBLRDOD01,2,22,2,2,22,2,2,22
2026-04-02,23,FCHBLRELC01,2,13,1,2,13,1,2,13
2026-04-02,23,FCHBLRHAR01,5,45,2,5,45,4,5,49
2026-04-02,23,FCHBLRHEB01,1,10,0,0,0,0,0,0
2026-04-02,23,FCHBLRHOO01,4,39,2,2,15,0,0,0
2026-04-02,23,FCHBLRHSAF01,2,17,2,2,17,2,2,17
2026-04-02,23,FCHBLRHSR01,10,89,3,9,79,2,8,73
2026-04-02,23,FCHBLRJPN01,2,15,2,2,15,2,2,15
2026-04-02,23,FCHBLRKOR01,16,78,2,9,24,1,2,8
2026-04-02,23,FCHBLRSJR01,9,46,4,7,27,3,5,25
2026-04-02,23,FCHBLRTHA01,1,6,1,1,6,1,1,6
2026-04-02,23,FCHBLRVAR01,4,38,2,5,47,2,5,47
2026-04-02,23,FCHBLRWHF01,2,7,1,2,7,1,2,7
2026-04-01,0,FCHBLRAECS01,0,0,2,2,20,1,1,5
2026-04-01,0,FCHBLRHAR01,0,0,1,1,10,1,1,10
2026-04-01,0,FCHBLRHOO01,0,0,1,1,7,0,0,0
2026-04-01,0,FCHBLRHSR01,0,0,2,2,11,2,2,11
2026-04-01,0,FCHBLRKOR01,0,0,1,1,4,0,0,0
2026-04-01,6,FCHBLRAECS01,10,81,3,10,80,2,9,77
2026-04-01,6,FCHBLRBEN01,20,156,4,13,104,3,12,73
2026-04-01,6,FCHBLRBHO01,13,110,3,13,110,3,12,91
2026-04-01,6,FCHBLRDOD01,6,71,3,6,71,3,6,77
2026-04-01,6,FCHBLRELC01,10,102,3,8,69,3,8,69
2026-04-01,6,FCHBLRHAR01,14,123,3,5,21,2,3,16
2026-04-01,6,FCHBLRHEB01,9,82,3,8,67,3,8,67
2026-04-01,6,FCHBLRHOO01,20,178,4,10,57,2,3,11
2026-04-01,6,FCHBLRHSAF01,13,122,6,12,134,6,11,99
2026-04-01,6,FCHBLRHSR01,14,125,3,12,121,2,12,109
2026-04-01,6,FCHBLRJPN01,26,199,9,23,179,7,23,184
2026-04-01,6,FCHBLRKOR01,28,246,6,28,233,5,16,102
2026-04-01,6,FCHBLRSJR01,28,288,5,22,199,4,18,180
2026-04-01,6,FCHBLRTHA01,1,8,1,1,8,1,1,8
2026-04-01,6,FCHBLRVAR01,9,69,3,9,69,3,9,71
2026-04-01,6,FCHBLRWHF01,19,134,4,19,134,5,18,137
2026-04-01,7,FCHBLRAECS01,34,267,5,33,253,5,31,222
2026-04-01,7,FCHBLRBEN01,35,285,5,37,335,6,37,333
2026-04-01,7,FCHBLRBHO01,21,194,2,21,194,2,22,213
2026-04-01,7,FCHBLRDOD01,27,272,5,27,282,5,27,284
2026-04-01,7,FCHBLRELC01,23,259,6,24,307,6,24,279
2026-04-01,7,FCHBLRHAR01,43,464,4,25,133,4,10,56
2026-04-01,7,FCHBLRHEB01,27,276,8,28,317,7,27,280
2026-04-01,7,FCHBLRHOO01,45,524,3,22,166,0,0,0
2026-04-01,7,FCHBLRHSAF01,33,363,6,25,224,6,13,113
2026-04-01,7,FCHBLRHSR01,27,195,5,29,221,5,28,217
2026-04-01,7,FCHBLRJPN01,52,587,8,43,372,8,40,406
2026-04-01,7,FCHBLRKOR01,50,493,6,44,462,6,25,187
2026-04-01,7,FCHBLRSJR01,55,583,7,44,337,9,45,430
2026-04-01,7,FCHBLRTHA01,15,136,3,15,136,3,15,136
2026-04-01,7,FCHBLRVAR01,24,204,5,22,209,5,22,179
2026-04-01,7,FCHBLRWHF01,38,349,4,33,315,6,34,323
2026-04-01,8,FCHBLRAECS01,41,434,6,36,414,6,34,323
2026-04-01,8,FCHBLRBEN01,41,405,8,42,402,7,32,252
2026-04-01,8,FCHBLRBHO01,29,207,3,29,207,4,29,214
2026-04-01,8,FCHBLRDOD01,29,262,4,26,233,4,25,229
2026-04-01,8,FCHBLRELC01,19,178,4,18,174,4,18,174
2026-04-01,8,FCHBLRHAR01,40,439,7,30,247,7,26,246
2026-04-01,8,FCHBLRHEB01,35,365,6,30,340,5,30,306
2026-04-01,8,FCHBLRHOO01,43,442,3,27,116,1,2,6
2026-04-01,8,FCHBLRHSAF01,26,221,6,24,144,7,12,69
2026-04-01,8,FCHBLRHSR01,40,360,4,31,297,4,30,285
2026-04-01,8,FCHBLRJPN01,67,693,7,51,441,8,57,529
2026-04-01,8,FCHBLRKOR01,73,665,6,59,485,5,26,191
2026-04-01,8,FCHBLRSJR01,63,678,8,73,803,8,58,591
2026-04-01,8,FCHBLRTHA01,21,237,4,19,220,3,19,216
2026-04-01,8,FCHBLRVAR01,31,287,4,30,288,4,30,257
2026-04-01,8,FCHBLRWHF01,57,506,5,51,462,6,51,470
2026-04-01,9,FCHBLRAECS01,26,284,5,27,288,4,22,221
2026-04-01,9,FCHBLRBEN01,34,295,8,31,346,8,27,229
2026-04-01,9,FCHBLRBHO01,23,204,3,23,204,4,23,207
2026-04-01,9,FCHBLRDOD01,33,389,6,35,395,5,34,390
2026-04-01,9,FCHBLRELC01,26,246,4,27,256,5,25,247
2026-04-01,9,FCHBLRHAR01,31,281,8,38,371,8,34,290
2026-04-01,9,FCHBLRHEB01,36,367,6,39,408,7,36,341
2026-04-01,9,FCHBLRHOO01,37,340,6,32,214,3,5,30
2026-04-01,9,FCHBLRHSAF01,25,287,4,26,218,5,13,103
2026-04-01,9,FCHBLRHSR01,48,393,6,49,393,6,49,413
2026-04-01,9,FCHBLRJPN01,66,675,8,51,359,9,44,346
2026-04-01,9,FCHBLRKOR01,53,500,7,67,597,7,21,124
2026-04-01,9,FCHBLRSJR01,48,499,8,43,481,7,43,452
2026-04-01,9,FCHBLRTHA01,17,152,3,19,173,3,19,173
2026-04-01,9,FCHBLRVAR01,26,271,4,29,323,5,29,293
2026-04-01,9,FCHBLRWHF01,45,455,5,52,524,7,52,539
2026-04-01,10,FCHBLRAECS01,20,175,5,23,212,4,20,167
2026-04-01,10,FCHBLRBEN01,37,395,8,39,463,8,33,296
2026-04-01,10,FCHBLRBHO01,23,234,3,23,234,3,23,234
2026-04-01,10,FCHBLRDOD01,30,372,5,29,378,6,30,344
2026-04-01,10,FCHBLRELC01,14,145,3,15,155,4,17,168
2026-04-01,10,FCHBLRHAR01,34,314,6,34,332,5,29,253
2026-04-01,10,FCHBLRHEB01,25,249,5,24,242,6,27,278
2026-04-01,10,FCHBLRHOO01,40,438,6,36,225,1,1,4
2026-04-01,10,FCHBLRHSAF01,25,248,6,22,191,6,18,148
2026-04-01,10,FCHBLRHSR01,34,253,5,38,310,6,37,277
2026-04-01,10,FCHBLRJPN01,51,574,9,33,251,8,36,342
2026-04-01,10,FCHBLRKOR01,46,391,6,38,325,2,7,34
2026-04-01,10,FCHBLRSJR01,47,473,8,52,524,7,51,526
2026-04-01,10,FCHBLRTHA01,15,173,3,14,167,3,14,167
2026-04-01,10,FCHBLRVAR01,21,199,4,21,215,3,19,165
2026-04-01,10,FCHBLRWHF01,39,420,6,40,426,6,39,399
2026-04-01,11,FCHBLRAECS01,18,176,5,18,141,5,15,118
2026-04-01,11,FCHBLRBEN01,21,228,8,22,225,8,22,197
2026-04-01,11,FCHBLRBHO01,16,149,3,15,146,4,15,154
2026-04-01,11,FCHBLRDOD01,26,232,7,24,219,5,23,194
2026-04-01,11,FCHBLRELC01,7,65,2,6,50,3,6,58
2026-04-01,11,FCHBLRHAR01,23,246,6,25,269,6,24,251
2026-04-01,11,FCHBLRHEB01,23,224,6,22,222,5,22,212
2026-04-01,11,FCHBLRHOO01,21,218,3,12,73,0,0,0
2026-04-01,11,FCHBLRHSAF01,16,128,5,15,113,4,10,73
2026-04-01,11,FCHBLRHSR01,27,278,3,28,269,5,28,235
2026-04-01,11,FCHBLRJPN01,42,476,6,27,194,8,23,221
2026-04-01,11,FCHBLRKOR01,32,227,7,38,225,4,9,39
2026-04-01,11,FCHBLRSJR01,38,392,8,39,426,7,38,363
2026-04-01,11,FCHBLRTHA01,14,128,3,15,134,4,15,138
2026-04-01,11,FCHBLRVAR01,14,113,3,14,113,3,16,147
2026-04-01,11,FCHBLRWHF01,26,181,4,25,167,5,26,211
2026-04-01,12,FCHBLRAECS01,18,222,4,18,205,3,10,83
2026-04-01,12,FCHBLRBEN01,19,172,6,17,191,7,16,155
2026-04-01,12,FCHBLRBHO01,9,117,3,9,130,4,9,105
2026-04-01,12,FCHBLRDOD01,16,164,5,19,209,3,19,197
2026-04-01,12,FCHBLRELC01,10,85,2,11,100,3,11,106
2026-04-01,12,FCHBLRHAR01,31,322,7,29,317,5,26,271
2026-04-01,12,FCHBLRHEB01,18,209,6,20,226,4,19,225
2026-04-01,12,FCHBLRHOO01,28,260,3,22,102,2,2,4
2026-04-01,12,FCHBLRHSAF01,12,119,3,14,118,3,11,105
2026-04-01,12,FCHBLRHSR01,20,181,4,20,217,3,20,209
2026-04-01,12,FCHBLRJPN01,38,391,6,26,218,8,27,271
2026-04-01,12,FCHBLRKOR01,35,310,6,36,287,4,10,45
2026-04-01,12,FCHBLRSJR01,23,191,7,22,177,7,22,186
2026-04-01,12,FCHBLRTHA01,7,51,3,7,56,3,7,57
2026-04-01,12,FCHBLRVAR01,10,83,3,10,93,4,10,88
2026-04-01,12,FCHBLRWHF01,20,189,5,20,199,6,20,223
2026-04-01,13,FCHBLRAECS01,17,148,3,14,102,4,14,107
2026-04-01,13,FCHBLRBEN01,26,274,7,27,317,6,22,224
2026-04-01,13,FCHBLRBHO01,14,124,3,15,150,3,14,146
2026-04-01,13,FCHBLRDOD01,9,86,5,9,92,4,8,69
2026-04-01,13,FCHBLRELC01,10,118,3,10,118,3,10,118
2026-04-01,13,FCHBLRHAR01,23,184,5,25,204,4,25,202
2026-04-01,13,FCHBLRHEB01,14,132,2,13,124,2,13,124
2026-04-01,13,FCHBLRHOO01,16,165,4,17,147,4,5,40
2026-04-01,13,FCHBLRHSAF01,9,128,3,7,83,5,7,63
2026-04-01,13,FCHBLRHSR01,23,219,3,26,253,5,26,250
2026-04-01,13,FCHBLRJPN01,35,351,7,35,266,7,31,261
2026-04-01,13,FCHBLRKOR01,37,351,6,38,344,4,14,66
2026-04-01,13,FCHBLRSJR01,26,207,7,25,214,7,24,180
2026-04-01,13,FCHBLRTHA01,12,83,3,12,83,4,12,94
2026-04-01,13,FCHBLRVAR01,16,181,3,15,148,3,15,148
2026-04-01,13,FCHBLRWHF01,23,218,6,23,207,7,23,218
2026-04-01,14,FCHBLRAECS01,9,68,3,12,111,2,9,55
2026-04-01,14,FCHBLRBEN01,19,198,7,20,201,6,17,178
2026-04-01,14,FCHBLRBHO01,11,100,3,11,93,3,11,79
2026-04-01,14,FCHBLRDOD01,12,103,5,9,81,5,9,74
2026-04-01,14,FCHBLRELC01,10,76,2,9,70,2,9,70
2026-04-01,14,FCHBLRHAR01,13,144,5,13,141,5,10,104
2026-04-01,14,FCHBLRHEB01,19,157,3,19,165,3,18,155
2026-04-01,14,FCHBLRHOO01,16,162,3,16,104,1,1,4
2026-04-01,14,FCHBLRHSAF01,10,78,3,11,107,5,11,109
2026-04-01,14,FCHBLRHSR01,17,120,2,15,98,2,14,91
2026-04-01,14,FCHBLRJPN01,29,245,8,25,194,7,30,233
2026-04-01,14,FCHBLRKOR01,24,229,6,20,150,1,3,17
2026-04-01,14,FCHBLRSJR01,15,174,6,16,195,5,14,147
2026-04-01,14,FCHBLRTHA01,4,31,2,4,31,2,4,31
2026-04-01,14,FCHBLRVAR01,8,54,2,9,87,3,9,87
2026-04-01,14,FCHBLRWHF01,21,204,5,22,219,6,23,240
2026-04-01,15,FCHBLRAECS01,12,99,3,11,93,4,11,73
2026-04-01,15,FCHBLRBEN01,13,167,3,14,196,3,13,175
2026-04-01,15,FCHBLRBHO01,12,103,5,12,100,4,11,95
2026-04-01,15,FCHBLRDOD01,13,142,5,14,158,6,13,151
2026-04-01,15,FCHBLRELC01,13,130,4,14,136,5,14,141
2026-04-01,15,FCHBLRHAR01,15,181,5,14,147,5,15,189
2026-04-01,15,FCHBLRHEB01,17,151,6,15,144,6,15,128
2026-04-01,15,FCHBLRHOO01,20,181,7,17,121,6,8,47
2026-04-01,15,FCHBLRHSAF01,10,69,3,10,82,2,10,69
2026-04-01,15,FCHBLRHSR01,17,125,6,19,154,6,20,165
2026-04-01,15,FCHBLRJMH01,0,0,0,1,1,0,1,1
2026-04-01,15,FCHBLRJPN01,17,151,4,17,119,4,17,134
2026-04-01,15,FCHBLRKOR01,29,262,8,30,273,5,9,41
2026-04-01,15,FCHBLRSJR01,22,233,9,23,240,10,23,245
2026-04-01,15,FCHBLRTHA01,7,48,3,6,46,2,6,46
2026-04-01,15,FCHBLRVAR01,10,87,6,10,87,6,10,87
2026-04-01,15,FCHBLRWHF01,20,238,6,18,184,6,18,184
2026-04-01,16,FCHBLRAECS01,24,220,5,22,213,5,20,190
2026-04-01,16,FCHBLRBEN01,23,206,5,21,185,3,17,127
2026-04-01,16,FCHBLRBHO01,18,136,3,16,118,4,16,120
2026-04-01,16,FCHBLRDOD01,16,175,6,18,202,5,19,206
2026-04-01,16,FCHBLRELC01,10,92,4,9,69,5,8,67
2026-04-01,16,FCHBLRHAR01,22,159,6,20,141,8,19,155
2026-04-01,16,FCHBLRHEB01,16,126,4,16,119,4,16,126
2026-04-01,16,FCHBLRHOO01,29,326,5,21,160,5,10,54
2026-04-01,16,FCHBLRHSAF01,23,200,6,23,193,6,21,202
2026-04-01,16,FCHBLRHSR01,27,224,4,26,214,4,26,214
2026-04-01,16,FCHBLRJPN01,25,259,4,21,191,4,19,194
2026-04-01,16,FCHBLRKOR01,33,237,7,36,287,2,2,3
2026-04-01,16,FCHBLRSJR01,35,315,6,31,319,5,27,243
2026-04-01,16,FCHBLRTHA01,6,35,2,7,37,2,7,37
2026-04-01,16,FCHBLRVAR01,19,161,4,19,174,3,18,157
2026-04-01,16,FCHBLRWHF01,23,184,6,23,206,6,23,220
2026-04-01,17,FCHBLRAECS01,28,249,5,25,219,6,19,157
2026-04-01,17,FCHBLRBEN01,27,225,3,26,217,5,22,178
2026-04-01,17,FCHBLRBHO01,21,150,3,20,156,4,19,152
2026-04-01,17,FCHBLRDOD01,14,159,4,12,133,4,12,133
2026-04-01,17,FCHBLRELC01,14,109,4,14,124,4,13,128
2026-04-01,17,FCHBLRHAR01,21,193,3,19,171,4,18,150
2026-04-01,17,FCHBLRHEB01,18,152,5,19,163,4,16,129
2026-04-01,17,FCHBLRHOO01,30,278,4,25,153,5,14,78
2026-04-01,17,FCHBLRHSAF01,21,203,4,18,185,5,17,156
2026-04-01,17,FCHBLRHSR01,23,188,4,23,187,4,23,187
2026-04-01,17,FCHBLRJPN01,35,332,5,32,180,4,35,326
2026-04-01,17,FCHBLRKOR01,32,328,5,31,222,3,3,13
2026-04-01,17,FCHBLRSJR01,42,380,7,36,374,7,35,341
2026-04-01,17,FCHBLRTHA01,7,48,3,7,48,4,7,48
2026-04-01,17,FCHBLRVAR01,18,187,4,18,198,4,19,198
2026-04-01,17,FCHBLRWHF01,30,244,4,32,276,4,32,276
2026-04-01,18,FCHBLRAECS01,26,210,6,21,119,4,12,69
2026-04-01,18,FCHBLRBEN01,23,192,4,26,195,4,11,70
2026-04-01,18,FCHBLRBHO01,16,126,5,17,131,5,16,118
2026-04-01,18,FCHBLRDOD01,22,186,7,22,188,6,22,192
2026-04-01,18,FCHBLRELC01,24,243,5,25,244,5,19,131
2026-04-01,18,FCHBLRHAR01,18,191,6,17,153,5,12,101
2026-04-01,18,FCHBLRHEB01,28,342,7,25,250,6,9,53
2026-04-01,18,FCHBLRHOO01,35,303,2,9,50,1,1,3
2026-04-01,18,FCHBLRHSAF01,18,228,5,14,130,4,10,96
2026-04-01,18,FCHBLRHSR01,29,281,4,29,287,5,27,277
2026-04-01,18,FCHBLRJPN01,35,290,5,30,164,6,31,254
2026-04-01,18,FCHBLRKOR01,40,285,4,38,208,0,0,0
2026-04-01,18,FCHBLRSJR01,44,407,8,41,329,6,18,130
2026-04-01,18,FCHBLRTHA01,14,86,3,14,86,3,13,82
2026-04-01,18,FCHBLRVAR01,19,176,4,18,186,3,18,176
2026-04-01,18,FCHBLRWHF01,42,326,6,42,336,5,42,331
2026-04-01,19,FCHBLRAECS01,19,199,4,24,252,4,20,200
2026-04-01,19,FCHBLRBEN01,26,254,5,25,308,5,14,103
2026-04-01,19,FCHBLRBHO01,22,140,5,23,158,5,22,154
2026-04-01,19,FCHBLRDOD01,20,198,3,19,190,3,18,182
2026-04-01,19,FCHBLRELC01,21,209,4,21,208,4,21,219
2026-04-01,19,FCHBLRHAR01,37,356,5,35,353,6,31,276
2026-04-01,19,FCHBLRHEB01,23,266,8,24,325,7,17,148
2026-04-01,19,FCHBLRHOO01,30,269,2,8,38,1,1,1
2026-04-01,19,FCHBLRHSAF01,22,218,6,25,267,6,24,242
2026-04-01,19,FCHBLRHSR01,41,323,4,38,290,4,39,293
2026-04-01,19,FCHBLRJPN01,42,322,5,33,199,6,39,310
2026-04-01,19,FCHBLRKOR01,40,416,4,35,276,0,0,0
2026-04-01,19,FCHBLRSJR01,42,396,8,41,302,8,20,107
2026-04-01,19,FCHBLRTHA01,13,118,3,13,118,3,14,126
2026-04-01,19,FCHBLRVAR01,19,201,3,20,210,3,19,192
2026-04-01,19,FCHBLRWHF01,36,319,4,34,269,5,34,277
2026-04-01,20,FCHBLRAECS01,18,171,2,8,50,2,8,50
2026-04-01,20,FCHBLRBEN01,18,186,5,14,159,3,7,74
2026-04-01,20,FCHBLRBHO01,15,114,4,15,123,4,14,117
2026-04-01,20,FCHBLRDOD01,22,215,4,23,252,4,23,224
2026-04-01,20,FCHBLRELC01,18,151,5,17,142,4,16,136
2026-04-01,20,FCHBLRHAR01,35,256,4,23,149,4,17,112
2026-04-01,20,FCHBLRHEB01,17,119,6,16,114,4,11,71
2026-04-01,20,FCHBLRHOO01,28,256,5,11,50,1,2,6
2026-04-01,20,FCHBLRHSAF01,16,185,4,9,76,3,10,68
2026-04-01,20,FCHBLRHSR01,25,175,5,24,184,5,25,196
2026-04-01,20,FCHBLRJPN01,29,239,4,23,105,5,28,194
2026-04-01,20,FCHBLRKOR01,40,338,4,29,194,0,0,0
2026-04-01,20,FCHBLRSJR01,36,306,4,19,133,4,6,38
2026-04-01,20,FCHBLRTHA01,18,163,5,12,107,4,8,75
2026-04-01,20,FCHBLRVAR01,10,124,4,9,116,2,9,121
2026-04-01,20,FCHBLRWHF01,33,335,5,34,376,5,33,371
2026-04-01,21,FCHBLRAECS01,29,270,5,13,118,2,5,28
2026-04-01,21,FCHBLRBEN01,21,196,4,25,231,5,10,78
2026-04-01,21,FCHBLRBHO01,9,69,3,9,67,3,8,68
2026-04-01,21,FCHBLRDOD01,18,193,3,18,174,3,19,200
2026-04-01,21,FCHBLRELC01,11,90,3,10,82,3,10,82
2026-04-01,21,FCHBLRHAR01,23,189,3,20,139,4,16,127
2026-04-01,21,FCHBLRHEB01,14,98,4,16,122,4,11,100
2026-04-01,21,FCHBLRHOO01,20,172,2,15,60,1,10,39
2026-04-01,21,FCHBLRHSAF01,9,76,4,10,87,3,11,106
2026-04-01,21,FCHBLRHSR01,23,145,5,24,151,5,24,151
2026-04-01,21,FCHBLRJPN01,21,195,4,16,82,5,21,179
2026-04-01,21,FCHBLRKOR01,39,269,2,12,39,0,0,0
2026-04-01,21,FCHBLRSJR01,20,176,4,7,27,3,3,18
2026-04-01,21,FCHBLRTHA01,6,64,2,8,85,2,8,85
2026-04-01,21,FCHBLRVAR01,10,71,3,11,78,3,11,78
2026-04-01,21,FCHBLRWHF01,18,160,2,19,169,2,19,160
2026-04-01,22,FCHBLRAECS01,11,76,4,13,66,1,7,46
2026-04-01,22,FCHBLRBEN01,10,71,3,10,71,3,10,71
2026-04-01,22,FCHBLRBHO01,7,71,2,7,71,3,7,57
2026-04-01,22,FCHBLRDOD01,6,38,2,8,71,3,8,53
2026-04-01,22,FCHBLRELC01,5,22,6,7,37,6,7,54
2026-04-01,22,FCHBLRHAR01,12,85,1,14,106,2,14,119
2026-04-01,22,FCHBLRHEB01,5,65,2,5,65,3,5,33
2026-04-01,22,FCHBLRHOO01,10,83,2,4,14,1,1,7
2026-04-01,22,FCHBLRHSAF01,7,53,3,7,53,3,7,53
2026-04-01,22,FCHBLRHSR01,12,86,3,15,107,3,15,107
2026-04-01,22,FCHBLRJPN01,10,91,4,9,66,4,11,112
2026-04-01,22,FCHBLRKOR01,15,105,1,3,4,0,0,0
2026-04-01,22,FCHBLRSJR01,10,81,4,7,85,3,5,46
2026-04-01,22,FCHBLRTHA01,11,66,4,10,59,3,9,58
2026-04-01,22,FCHBLRVAR01,9,118,2,9,118,2,9,118
2026-04-01,22,FCHBLRWHF01,12,97,3,12,97,3,13,111
2026-04-01,23,FCHBLRAECS01,3,22,2,4,36,2,4,36
2026-04-01,23,FCHBLRBEN01,1,18,1,1,18,1,1,18
2026-04-01,23,FCHBLRBHO01,7,51,3,7,51,4,7,49
2026-04-01,23,FCHBLRDOD01,3,12,1,3,12,1,3,12
2026-04-01,23,FCHBLRELC01,1,4,1,1,4,1,1,4
2026-04-01,23,FCHBLRHAR01,7,40,3,7,37,3,6,40
2026-04-01,23,FCHBLRHEB01,1,4,1,1,4,1,1,4
2026-04-01,23,FCHBLRHOO01,3,30,0,0,0,0,0,0
2026-04-01,23,FCHBLRHSAF01,3,30,1,3,30,1,3,30
2026-04-01,23,FCHBLRHSR01,5,35,2,5,35,3,5,35
2026-04-01,23,FCHBLRJPN01,1,2,1,2,11,1,2,11
2026-04-01,23,FCHBLRKOR01,15,116,2,5,7,1,1,2
2026-04-01,23,FCHBLRSJR01,6,44,3,7,50,3,4,33
2026-04-01,23,FCHBLRTHA01,2,4,2,3,9,2,3,9
2026-04-01,23,FCHBLRVAR01,2,6,1,2,6,2,2,9
2026-04-01,23,FCHBLRWHF01,5,29,2,5,29,1,5,29
